{"orientation": [-0.004074957221746445, 0.00034596200566738844, 9.916347335092723e-05, 0.9999916553497314], "scale": [1.0, 1.0, 1.0], "complaints": []}