{"orientation": [-0.017312856391072273, 0.013172022067010403, 0.00018819475371856242, 0.9997634291648865], "scale": [1.0, 1.0, 1.0], "complaints": []}