{"orientation": [-3.6033507058164105e-06, -3.2961997931124642e-06, 2.1460643040427385e-08, 1.0000001192092896], "scale": [1.0, 1.0, 1.0], "complaints": []}