{"orientation": [-0.061644528061151505, -0.7044140100479126, 0.06161201372742653, 0.7044180035591125], "scale": [1.0, 1.0, 1.0], "complaints": []}