{"orientation": [-6.805430530221201e-08, 1.0620934887128897e-07, -0.70710688829422, 0.7071066498756409], "scale": [1.0, 1.0, 1.0], "complaints": []}