{"orientation": [0.00011224161426071078, 1.9490529666654766e-05, -7.900051741671632e-07, 1.0000001192092896], "scale": [1.0, 1.0, 1.0], "complaints": []}