{"orientation": [0.15851984918117523, 0.006760364398360252, 0.9873175024986267, -0.0054839737713336945], "scale": [1.0, 1.0, 1.0], "complaints": []}