{"orientation": [0.08865188807249069, 0.0032821318600326777, 0.9960572123527527, 0.00038872286677360535], "scale": [1.0, 1.0, 1.0], "complaints": []}