{"orientation": [0.021518386900424957, 0.14764374494552612, 0.0033307992853224277, 0.9888010025024414], "scale": [1.0, 1.0, 1.0], "complaints": []}