{"orientation": [-0.0003330749459564686, -0.0004227100289426744, 1.2517125469457824e-07, 0.9999999403953552], "scale": [1.0, 1.0, 1.0], "complaints": []}