{"orientation": [0.003378125373274088, -0.000907127105165273, -8.620554581284523e-07, 0.9999940395355225], "scale": [1.0, 1.0, 1.0], "complaints": []}