{"orientation": [-0.07596957683563232, 0.6686346530914307, -0.06277036666870117, 0.7370321750640869], "scale": [1.0, 1.0, 1.0], "complaints": []}