{"orientation": [0.013193926773965359, 0.006929325871169567, 0.01354467123746872, 0.9997972846031189], "scale": [1.0, 1.0, 1.0], "complaints": []}