{"orientation": [1.83936208486557e-08, -2.537854015827179e-08, 5.812144081573933e-07, 1.0000001192092896], "scale": [1.0, 1.0, 1.0], "complaints": []}