{"orientation": [0.1112108826637268, 0.6924402117729187, 0.12235254049301147, 0.7022738456726074], "scale": [1.0, 1.0, 1.0], "complaints": []}