{"orientation": [-0.7020776271820068, 0.12334893643856049, -0.6926419138908386, 0.11008819937705994], "scale": [1.0, 1.0, 1.0], "complaints": []}