{"orientation": [0.0008479438256472349, -0.7045071721076965, -0.0008361861109733582, 0.7096959948539734], "scale": [1.0, 1.0, 1.0], "complaints": []}