{"orientation": [-9.313225746154785e-10, -2.444721758365631e-09, 0.7071070075035095, 0.7071066498756409], "scale": [1.0, 1.0, 1.0], "complaints": []}