{"orientation": [-1.0946709153358825e-05, -2.2480195184471086e-05, -0.00010800502786878496, 1.0000001192092896], "scale": [1.0, 1.0, 1.0], "complaints": []}