{"orientation": [-0.4920962452888489, 0.4934885799884796, -0.6019589304924011, 0.38981494307518005], "scale": [1.0, 1.0, 1.0], "complaints": []}