{"orientation": [0.4721716344356537, 0.5538292527198792, 0.45402222871780396, 0.5139951705932617], "scale": [1.0, 1.0, 1.0], "complaints": []}