{"orientation": [0.4038269817829132, 0.039012886583805084, -0.03315844386816025, 0.9134015440940857], "scale": [1.1, 1.1, 1.1], "complaints": []}