{"orientation": [-0.13676370680332184, -0.11108092218637466, -0.018728794530034065, 0.9841778874397278], "scale": [1.0, 1.0, 1.0], "complaints": []}