{"orientation": [0.01749720238149166, -0.08563561737537384, 0.23133069276809692, 0.9689409732818604], "scale": [1.0, 1.0, 1.0], "complaints": []}