{"orientation": [0.22751550376415253, -0.07966692745685577, 0.28855472803115845, 0.9266208410263062], "scale": [1.0, 1.0, 1.0], "complaints": []}