{"orientation": [0.00017365638632327318, -0.009647690691053867, 4.944389365846291e-05, 0.99995356798172], "scale": [1.0, 1.0, 1.0], "complaints": []}