{"orientation": [-2.7973001124337316e-06, 8.994247764348984e-07, 1.1365045793354511e-07, 1.0000001192092896], "scale": [1.0, 1.0, 1.0], "complaints": []}