{"orientation": [-9.448907803744078e-06, 1.3496028259396553e-06, 3.1606068660039455e-06, 1.0000001192092896], "scale": [1.0, 1.0, 1.0], "complaints": []}