{"orientation": [-3.8457801565527916e-07, -4.3454929254949093e-07, 0.3006989359855652, 0.9537190198898315], "scale": [1.0, 1.0, 1.0], "complaints": []}