{"orientation": [1.2531527318060398e-06, -4.756147973239422e-07, -1.015636371448636e-06, 1.0000001192092896], "scale": [1.0, 1.0, 1.0], "complaints": []}