{"orientation": [2.107582986354828e-06, 1.5692785382270813e-06, -4.282919690012932e-07, 1.0000001192092896], "scale": [1.0, 1.0, 1.0], "complaints": []}