{"orientation": [1.4504184946417809e-06, 1.8453429220244288e-06, -5.722941978092422e-07, 1.0], "scale": [1.0, 1.0, 1.0], "complaints": []}