{"orientation": [1.1469237506389618e-06, 1.8696300685405731e-06, -1.1147094483021647e-06, 1.0000001192092896], "scale": [1.0, 1.0, 1.0], "complaints": []}