{"orientation": [-4.284083843231201e-08, 2.8475187718868256e-07, -3.3141986932605505e-07, 0.9999999403953552], "scale": [1.0, 1.0, 1.0], "complaints": []}