{"orientation": [-2.4410896003246307e-05, 1.2469827197492123e-06, -2.4347536964342e-07, 1.0], "scale": [1.0, 1.0, 1.0], "complaints": []}