{"orientation": [2.8708018362522125e-07, 7.162569090723991e-06, -5.777255864813924e-07, 1.0], "scale": [1.0, 1.0, 1.0], "complaints": []}