{"orientation": [-1.7462880350649357e-06, -3.6803539842367172e-06, -1.4799038581259083e-06, 1.0000001192092896], "scale": [1.0, 1.0, 1.0], "complaints": []}