{"orientation": [7.111090235412121e-05, -8.5652936832048e-06, 0.7071095705032349, 0.7071040868759155], "scale": [1.0, 1.0, 1.0], "complaints": []}