{"orientation": [0.006804962642490864, 0.009563138708472252, -6.976579697948182e-06, 0.9999311566352844], "scale": [1.0, 1.0, 1.0], "complaints": []}