{"orientation": [-0.017253756523132324, -0.4707547724246979, -0.05010649189352989, 0.8806711435317993], "scale": [1.0, 1.0, 1.0], "complaints": []}