{"orientation": [-0.06701046228408813, 0.824571967124939, -0.10422861576080322, 0.5520208477973938], "scale": [1.0, 1.0, 1.0], "complaints": []}