{"orientation": [-1.3969838619232178e-09, 9.094947017729282e-12, 1.2732925824820995e-11, 1.000000238418579], "scale": [1.0, 1.0, 1.0], "complaints": []}