{"orientation": [0.7071070075035095, -0.7071066498756409, 1.0244548320770264e-08, 6.036316335666925e-09], "scale": [1.0, 1.0, 1.0], "complaints": []}