{"orientation": [0.0, 7.450580596923828e-09, 0.0, 1.0000001192092896], "scale": [1.0, 1.0, 1.0], "complaints": []}