{"orientation": [-0.7071069478988647, 0.7071067690849304, 9.313225746154785e-10, -4.952653398504481e-09], "scale": [1.0, 1.0, 1.0], "complaints": []}