{"orientation": [-6.821210263296962e-13, -1.4902411749062594e-08, 7.275957614183426e-12, 1.000000238418579], "scale": [1.0, 1.0, 1.0], "complaints": []}