{"orientation": [0.09966673702001572, -0.0011128782061859965, 0.00011289399117231369, 0.9950202703475952], "scale": [1.0, 1.0, 1.0], "complaints": []}