{"orientation": [0.052928946912288666, 0.02214958146214485, -0.0014578942209482193, 0.9983515739440918], "scale": [1.0, 1.0, 1.0], "complaints": []}