{"orientation": [-1.8314021872356534e-06, -0.7195798754692078, -1.7685815691947937e-06, 0.6944098472595215], "scale": [1.0, 1.0, 1.0], "complaints": []}