{"orientation": [5.185545148833626e-08, -0.7071071863174438, -8.031202014535666e-08, 0.7071065306663513], "scale": [1.0, 1.0, 1.0], "complaints": []}