{"orientation": [-0.00010849537648027763, -0.71380615234375, 0.00011508120223879814, 0.7003434896469116], "scale": [1.0, 1.0, 1.0], "complaints": []}