{"orientation": [-5.122274160385132e-09, -4.94765117764473e-10, 0.7071066498756409, 0.7071070075035095], "scale": [1.0, 1.0, 1.0], "complaints": []}