{"orientation": [0.0, 5.820766091346741e-10, 0.7071068286895752, 0.7071067094802856], "scale": [1.0, 1.0, 1.0], "complaints": []}