{"orientation": [0.03812212869524956, 0.03310155123472214, 0.6550264358520508, 0.7539175152778625], "scale": [1.0, 1.0, 1.0], "complaints": []}