{"orientation": [-8.01669045813469e-07, 0.03489980846643448, 2.9496663046302274e-05, 0.9993909001350403], "scale": [1.0, 1.0, 1.0], "complaints": []}