{"orientation": [-1.3441458577290177e-06, 0.049770329147577286, 0.00012091712414985523, 0.9987607598304749], "scale": [1.0, 1.0, 1.0], "complaints": []}