{"orientation": [-0.035243842750787735, -0.7062281966209412, -0.7062349915504456, 0.03510081768035889], "scale": [1.0, 1.0, 1.0], "complaints": []}