{"orientation": [4.850176082982216e-08, 0.004266347736120224, -1.684877679508645e-05, 0.9999909996986389], "scale": [1.0, 1.0, 1.0], "complaints": []}