{"orientation": [-0.05041368305683136, -0.05041339993476868, 0.7053061127662659, 0.7053086757659912], "scale": [1.0, 1.0, 1.0], "complaints": []}