{"orientation": [0.7071263790130615, -0.7067972421646118, 0.012657254934310913, -0.015809237957000732], "scale": [1.0, 1.0, 1.0], "complaints": []}