{"orientation": [-2.3981556296348572e-08, -1.4435499906539917e-08, 0.7071067690849304, 0.7071069478988647], "scale": [1.0, 1.0, 1.0], "complaints": []}