{"orientation": [0.09256303310394287, 0.16908086836338043, -0.009855411946773529, 0.9811965823173523], "scale": [1.1, 1.1, 1.1], "complaints": []}