{"orientation": [0.15492171049118042, -0.06456957757472992, -0.0070525165647268295, 0.9857892394065857], "scale": [1.2100000000000002, 1.2100000000000002, 1.2100000000000002], "complaints": []}