{"orientation": [0.00923961028456688, -0.024855289608240128, 0.001860305666923523, 0.9996466636657715], "scale": [1.0, 1.0, 1.0], "complaints": []}