{"orientation": [0.009918706491589546, -0.009716940112411976, -0.7089106440544128, 0.7051616907119751], "scale": [1.0, 1.0, 1.0], "complaints": []}