{"orientation": [-0.004747750237584114, -0.04962795600295067, -0.0039960346184670925, 0.9987485408782959], "scale": [1.0, 1.0, 1.0], "complaints": []}