{"orientation": [0.0833321064710617, 0.15350359678268433, -0.009985276497900486, 0.9845775365829468], "scale": [1.0, 1.0, 1.0], "complaints": []}