{"orientation": [0.009412914514541626, 0.1281452476978302, -0.9162680506706238, 0.37939828634262085], "scale": [1.3310000000000004, 1.3310000000000004, 1.3310000000000004], "complaints": []}