{"orientation": [-0.10254277288913727, 0.008206937462091446, 0.009879332035779953, 0.9946458339691162], "scale": [1.3310000000000004, 1.3310000000000004, 1.3310000000000004], "complaints": []}