{"orientation": [0.06213380768895149, -0.11452257633209229, -0.03779707849025726, 0.9907549619674683], "scale": [1.0, 1.0, 1.0], "complaints": []}