{"orientation": [0.11786125600337982, 0.29616937041282654, -0.002314835786819458, 0.9478328227996826], "scale": [1.2100000000000002, 1.2100000000000002, 1.2100000000000002], "complaints": []}