{"orientation": [0.08474041521549225, 0.022992797195911407, -0.7009885907173157, 0.7077468633651733], "scale": [1.0, 1.0, 1.0], "complaints": []}