{"orientation": [-9.73232090473175e-08, 1.0857911547645926e-07, 0.7071064710617065, 0.7071071863174438], "scale": [1.0, 1.0, 1.0], "complaints": []}