{"orientation": [-0.020535320043563843, -0.5960077047348022, -0.49276405572891235, 0.633669376373291], "scale": [0.6830134553650705, 0.6830134553650705, 0.6830134553650705], "complaints": []}