{"orientation": [0.0009444849565625191, -0.002644329098984599, 2.806447446346283e-05, 0.9999961256980896], "scale": [1.0, 1.0, 1.0], "complaints": []}