{"orientation": [0.027798578143119812, -0.7830030918121338, 0.6197601556777954, 0.04506740719079971], "scale": [1.0, 1.0, 1.0], "complaints": []}