{"orientation": [2.6065390557050705e-07, -1.568114385008812e-07, 6.520726310554892e-05, 1.0000001192092896], "scale": [1.0, 1.0, 1.0], "complaints": []}