{"orientation": [-0.01999196596443653, -0.0320194736123085, -0.706129252910614, 0.7070760726928711], "scale": [1.0, 1.0, 1.0], "complaints": []}