{"orientation": [0.006322615314275026, -0.7070759534835815, 0.006321997381746769, 0.7070812582969666], "scale": [1.0, 1.0, 1.0], "complaints": []}