{"orientation": [-0.008198722265660763, -0.01144391018897295, -0.7070618867874146, 0.7070115804672241], "scale": [1.0, 1.0, 1.0], "complaints": []}