{"orientation": [-0.21675068140029907, 0.45443978905677795, -0.504056453704834, 0.7017341256141663], "scale": [1.0, 1.0, 1.0], "complaints": []}