{"orientation": [-0.008250662125647068, -0.009659386239945889, 3.0512476314470405e-06, 0.9999193549156189], "scale": [1.0, 1.0, 1.0], "complaints": []}