{"orientation": [0.0010283533483743668, 0.015012342482805252, -0.0010964195244014263, 0.9998862743377686], "scale": [1.0, 1.0, 1.0], "complaints": []}