{"orientation": [-0.02127605676651001, -0.742431640625, 0.02625780552625656, 0.6690689921379089], "scale": [1.0, 1.0, 1.0], "complaints": []}