{"orientation": [0.054149363189935684, 0.6663529276847839, 0.046080730855464935, 0.7422388792037964], "scale": [1.0, 1.0, 1.0], "complaints": []}