{"orientation": [-6.548361852765083e-09, -0.7071067094802856, 2.0372681319713593e-09, 0.70710688829422], "scale": [1.0, 1.0, 1.0], "complaints": []}