{"orientation": [0.10464610159397125, -0.6977719068527222, -0.10499030351638794, 0.7008142471313477], "scale": [1.0, 1.0, 1.0], "complaints": []}