{"orientation": [-1.4551915228366852e-11, -2.546585164964199e-10, 0.0348995141685009, 0.9993909001350403], "scale": [1.0, 1.0, 1.0], "complaints": []}