{"orientation": [-0.008404048159718513, -0.0006309751188382506, -0.00011205553892068565, 0.9999645948410034], "scale": [1.0, 1.0, 1.0], "complaints": []}