{"orientation": [0.0008534402004443109, -0.009091751649975777, -0.0007809057715348899, 0.9999580383300781], "scale": [1.0, 1.0, 1.0], "complaints": []}