{"orientation": [-0.003642808413133025, -0.0021871868520975113, 0.0005778200575150549, 0.9999908804893494], "scale": [1.0, 1.0, 1.0], "complaints": []}