{"orientation": [0.0004525106924120337, 0.00271611288189888, 0.00010327791824238375, 0.9999963045120239], "scale": [1.0, 1.0, 1.0], "complaints": []}