{"orientation": [-0.0005896355141885579, 0.0032975412905216217, -0.0006037541897967458, 0.9999942183494568], "scale": [1.0, 1.0, 1.0], "complaints": []}