{"orientation": [0.013643654063344002, -0.006725145038217306, 0.9242734909057617, 0.3814278542995453], "scale": [1.0, 1.0, 1.0], "complaints": []}