{"orientation": [-0.6620221734046936, -0.26601526141166687, 0.27492526173591614, 0.6444987654685974], "scale": [1.0, 1.0, 1.0], "complaints": []}