{"orientation": [0.5432558059692383, 0.4967648983001709, 0.5041101574897766, 0.4516315162181854], "scale": [1.0, 1.0, 1.0], "complaints": []}