{"orientation": [0.5062645077705383, 0.5012125372886658, 0.49870702624320984, 0.49373453855514526], "scale": [1.0, 1.0, 1.0], "complaints": []}