{"orientation": [2.1436717361211777e-06, 5.149588105268776e-06, 0.2503800690174103, 0.9681478142738342], "scale": [1.0, 1.0, 1.0], "complaints": []}