{"orientation": [-3.296881914138794e-07, -1.9615981727838516e-07, -2.6332418201491237e-07, 1.0], "scale": [1.0, 1.0, 1.0], "complaints": []}