{"orientation": [3.491842653602362e-05, -0.0012462743325158954, 1.3053067959845066e-06, 0.9999992847442627], "scale": [1.0, 1.0, 1.0], "complaints": []}