{"orientation": [0.0002820784575305879, -0.00023594569938722998, -1.503405883340747e-06, 1.0], "scale": [1.0, 1.0, 1.0], "complaints": []}