{"orientation": [-8.605913899373263e-05, 2.159831637982279e-05, 1.8110323480868828e-06, 1.0], "scale": [1.0, 1.0, 1.0], "complaints": []}