{"orientation": [0.49044153094291687, -0.4904460906982422, -0.5093797445297241, 0.50937420129776], "scale": [1.0, 1.0, 1.0], "complaints": []}