{"orientation": [7.450580596923828e-09, 3.3527612686157227e-08, -9.406358003616333e-08, 1.0000001192092896], "scale": [1.0, 1.0, 1.0], "complaints": []}