{"orientation": [5.1023700507357717e-05, -9.806362504605204e-05, -0.7071027159690857, 0.7071108818054199], "scale": [1.0, 1.0, 1.0], "complaints": []}