{"orientation": [0.00017952770576812327, -6.755152571713552e-05, -4.634689503291156e-06, 1.0000001192092896], "scale": [1.0, 1.0, 1.0], "complaints": []}