{"orientation": [2.9764469218207523e-05, 0.00012974929995834827, -3.5836928873322904e-06, 1.0000001192092896], "scale": [1.0, 1.0, 1.0], "complaints": []}