{"orientation": [0.0060052466578781605, -0.000749806931708008, -0.0009099806775338948, 0.9999814033508301], "scale": [1.0, 1.0, 1.0], "complaints": []}