{"orientation": [-1.901673385873437e-06, -4.041660577058792e-05, -1.7314414435531944e-07, 1.0000001192092896], "scale": [1.0, 1.0, 1.0], "complaints": []}