{"orientation": [1.2631062418222427e-08, 2.561137080192566e-08, 4.4643456931225955e-08, 1.0], "scale": [1.0, 1.0, 1.0], "complaints": []}