{"orientation": [-0.003753966884687543, -0.03326857089996338, 0.707090437412262, 0.7063302993774414], "scale": [1.0, 1.0, 1.0], "complaints": []}