{"orientation": [1.0477378964424133e-09, -2.3283064365386963e-09, -0.7071067094802856, 0.70710688829422], "scale": [1.0, 1.0, 1.0], "complaints": []}