{"orientation": [-4.49954404757591e-06, 1.97105691768229e-08, 1.579497620696202e-06, 1.0000001192092896], "scale": [1.0, 1.0, 1.0], "complaints": []}