{"orientation": [-6.810296326875687e-09, -1.933341309268144e-08, 0.7071070671081543, 0.7071067094802856], "scale": [1.0, 1.0, 1.0], "complaints": []}