{"orientation": [8.147153857862577e-05, 0.0036681208293884993, -4.40388703282224e-07, 0.9999933242797852], "scale": [1.0, 1.0, 1.0], "complaints": []}