{"orientation": [0.7071073651313782, -8.6710206232965e-06, 8.746457751840353e-06, 0.7071062326431274], "scale": [1.0, 1.0, 1.0], "complaints": []}