{"orientation": [0.0011709757382050157, -0.001951649785041809, 4.154644557274878e-07, 0.9999975562095642], "scale": [1.0, 1.0, 1.0], "complaints": []}