{"orientation": [2.3748725652694702e-08, -2.7277565095573664e-08, -0.7071070075035095, 0.7071066498756409], "scale": [1.0, 1.0, 1.0], "complaints": []}