{"orientation": [-1.1362271834514104e-07, 1.2286727724131197e-07, -3.0962291930336505e-07, 1.0000001192092896], "scale": [1.0, 1.0, 1.0], "complaints": []}