{"orientation": [8.335337042808533e-08, -1.741864252835512e-08, 0.7071049809455872, 0.707108736038208], "scale": [1.0, 1.0, 1.0], "complaints": []}