{"orientation": [-2.4681839931872673e-06, 1.9999697542516515e-07, 3.1999661587178707e-07, 1.0000001192092896], "scale": [1.0, 1.0, 1.0], "complaints": []}