{"orientation": [1.091686840481998e-06, -0.000417042727349326, 5.420752131612971e-07, 0.9999998807907104], "scale": [1.0, 1.0, 1.0], "complaints": []}