{"orientation": [-0.00033964894828386605, 0.01129048503935337, 8.413591422140598e-05, 0.9999362826347351], "scale": [1.0, 1.0, 1.0], "complaints": []}