{"orientation": [1.1947065559070325e-10, -1.218013494508341e-07, -2.2703170543536544e-07, 1.0], "scale": [1.0, 1.0, 1.0], "complaints": []}