{"orientation": [-3.427267074584961e-07, 1.7396123439539224e-06, 0.7071064710617065, 0.7071071863174438], "scale": [1.0, 1.0, 1.0], "complaints": []}