{"orientation": [0.018855109810829163, 0.018855025991797447, 0.7068592309951782, 0.7068516612052917], "scale": [1.0, 1.0, 1.0], "complaints": []}