{"orientation": [-0.00018123257905244827, 0.00010870027472265065, 1.0000001192092896, -1.5320256352424622e-07], "scale": [1.0, 1.0, 1.0], "complaints": []}