{"orientation": [1.704879105091095e-05, 1.7247148207388818e-05, 0.7070431113243103, 0.7071706056594849], "scale": [1.0, 1.0, 1.0], "complaints": []}