{"orientation": [-1.3597309589385986e-07, -2.99842213280499e-08, -0.7071067690849304, 0.70710688829422], "scale": [1.0, 1.0, 1.0], "complaints": []}