{"orientation": [3.259629011154175e-09, -4.82737050333526e-08, 0.7071067690849304, 0.7071070075035095], "scale": [1.0, 1.0, 1.0], "complaints": []}