{"orientation": [-1.1386116966605186e-05, -1.4204075341694988e-05, 0.7071067094802856, 0.70710688829422], "scale": [1.0, 1.0, 1.0], "complaints": []}