{"orientation": [0.0021800415124744177, -0.0021578334271907806, 0.7106752991676331, 0.7035136222839355], "scale": [1.0, 1.0, 1.0], "complaints": []}