{"orientation": [7.87441422289703e-06, 0.01295639667659998, 1.2907665222883224e-05, 0.9999161958694458], "scale": [1.0, 1.0, 1.0], "complaints": []}