{"orientation": [-1.0814983397722244e-07, -3.664172254502773e-08, 1.0000001192092896, 1.4737248420715332e-05], "scale": [1.0, 1.0, 1.0], "complaints": []}