{"orientation": [-5.681067705154419e-08, -1.019798219203949e-07, -1.0, 1.9073486328125e-06], "scale": [1.0, 1.0, 1.0], "complaints": []}