{"orientation": [1.0477378964424133e-07, -5.1875304052373394e-08, 0.7071068286895752, 0.7071070075035095], "scale": [1.0, 1.0, 1.0], "complaints": []}