{"orientation": [-0.49999770522117615, 0.49999886751174927, -0.5000012516975403, 0.5000024437904358], "scale": [1.0, 1.0, 1.0], "complaints": []}