{"orientation": [-1.1641532182693481e-10, 2.342858351767063e-09, 0.70710688829422, 0.70710688829422], "scale": [1.0, 1.0, 1.0], "complaints": []}