{"orientation": [-0.49999746680259705, -0.5000025629997253, 0.5000027418136597, 0.49999722838401794], "scale": [1.0, 1.0, 1.0], "complaints": []}