{"orientation": [-0.70711350440979, 1.1024880222976208e-05, 1.0974070391966961e-05, 0.7071000933647156], "scale": [1.0, 1.0, 1.0], "complaints": []}