{"orientation": [0.007986515760421753, 0.0038449454586952925, 7.60907496442087e-05, 0.999960720539093], "scale": [1.0, 1.0, 1.0], "complaints": []}