{"orientation": [-1.1309748515486717e-07, -0.7071066498756409, 0.7071070075035095, -1.0067014954984188e-07], "scale": [1.0, 1.0, 1.0], "complaints": []}