{"orientation": [-3.064165809973929e-09, 3.899454625866383e-08, -2.905653673224151e-08, 1.0000001192092896], "scale": [1.0, 1.0, 1.0], "complaints": []}