{"orientation": [2.225280866241519e-07, -5.454794518300332e-07, -7.727066986262798e-09, 1.0000001192092896], "scale": [1.0, 1.0, 1.0], "complaints": []}