{"orientation": [1.1083740901085548e-05, 0.00018878515402320772, -1.9493597847031197e-06, 1.0], "scale": [1.0, 1.0, 1.0], "complaints": []}