{"orientation": [0.0007637515664100647, 0.001894405111670494, -8.939672261476517e-05, 0.9999979734420776], "scale": [1.0, 1.0, 1.0], "complaints": []}