{"orientation": [0.6809014678001404, -0.11254198849201202, -0.12073154002428055, 0.7135343551635742], "scale": [1.0, 1.0, 1.0], "complaints": []}