{"orientation": [-4.478083326375781e-08, -2.9118584166099026e-07, 7.040213034770204e-08, 1.0], "scale": [1.0, 1.0, 1.0], "complaints": []}