{"orientation": [-0.7071082592010498, 1.5292316675186157e-06, 1.5754339983686805e-06, 0.7071054577827454], "scale": [1.0, 1.0, 1.0], "complaints": []}