{"orientation": [-5.990341378492303e-08, -1.9463186617940664e-08, 6.096593097026926e-07, 1.0000001192092896], "scale": [1.0, 1.0, 1.0], "complaints": []}