{"orientation": [-0.0003135005244985223, 0.01912401244044304, -1.0928488336503506e-08, 0.9998171925544739], "scale": [1.0, 1.0, 1.0], "complaints": []}