{"orientation": [1.2911856174468994e-05, -0.00019976671319454908, 5.732581485062838e-07, 1.0000001192092896], "scale": [1.0, 1.0, 1.0], "complaints": []}