{"orientation": [7.683411240577698e-09, 1.932494342327118e-08, 0.7071067690849304, 0.7071069478988647], "scale": [1.0, 1.0, 1.0], "complaints": []}