{"orientation": [4.656612873077393e-10, -1.2223608791828156e-08, -0.7071070075035095, 0.7071066498756409], "scale": [1.0, 1.0, 1.0], "complaints": []}