{"orientation": [0.34424513578414917, -0.6962907910346985, -0.2789855897426605, 0.5646605491638184], "scale": [1.0, 1.0, 1.0], "complaints": []}