{"orientation": [-0.009668147191405296, -0.6819586157798767, -0.014440629631280899, 0.7311844825744629], "scale": [1.0, 1.0, 1.0], "complaints": []}