{"orientation": [1.6309786587953568e-07, 3.9050064515322447e-07, 0.0, 1.0000001192092896], "scale": [1.0, 1.0, 1.0], "complaints": []}