{"orientation": [-3.07959271594882e-06, 8.831208106130362e-06, -6.344635039567947e-08, 1.0], "scale": [1.0, 1.0, 1.0], "complaints": []}