{"orientation": [7.078051567077637e-08, 8.348408300662413e-06, -1.0000001192092896, -4.4441549107432365e-08], "scale": [1.0, 1.0, 1.0], "complaints": []}