{"orientation": [-2.699345350265503e-05, 0.0006996134179644287, 2.112268703058362e-06, 0.9999998807907104], "scale": [1.0, 1.0, 1.0], "complaints": []}