{"orientation": [7.73342908360064e-05, 1.4157500118017197e-05, -2.3964530555531383e-06, 1.0], "scale": [1.0, 1.0, 1.0], "complaints": []}