{"orientation": [0.6706616282463074, 0.6956343650817871, -0.24569693207740784, -0.07706402242183685], "scale": [1.0, 1.0, 1.0], "complaints": []}