{"orientation": [-9.868017514236271e-11, -0.7071069478988647, 4.656612873077393e-10, 0.7071067690849304], "scale": [1.0, 1.0, 1.0], "complaints": []}