{"orientation": [-2.0177875370563925e-08, -0.7071067690849304, -2.6309862732887268e-08, 0.7071067690849304], "scale": [1.0, 1.0, 1.0], "complaints": []}