{"orientation": [1.1519076679178397e-06, -0.70710688829422, 7.588898256472021e-07, 0.7071067690849304], "scale": [1.0, 1.0, 1.0], "complaints": []}