{"orientation": [1.3546651871365611e-06, 1.219194473378593e-06, 0.7071066498756409, 0.7071070075035095], "scale": [1.0, 1.0, 1.0], "complaints": []}