{"orientation": [4.829416866414249e-10, -0.7071068286895752, 4.656612873077393e-10, 0.7071068286895752], "scale": [1.0, 1.0, 1.0], "complaints": []}