{"orientation": [0.4999997913837433, -0.5, -0.5, 0.5000001192092896], "scale": [1.0, 1.0, 1.0], "complaints": []}