{"orientation": [3.489476763096633e-10, -0.7071068286895752, -3.111750856987783e-10, 0.7071068286895752], "scale": [1.0, 1.0, 1.0], "complaints": []}