{"orientation": [8.913048077374697e-11, -0.7071068286895752, 5.820766091346741e-11, 0.7071068286895752], "scale": [1.0, 1.0, 1.0], "complaints": []}