{"orientation": [0.5000000596046448, -0.5000000596046448, 0.5000000596046448, 0.49999985098838806], "scale": [1.0, 1.0, 1.0], "complaints": []}