{"orientation": [2.8812555683543906e-06, -0.6538051962852478, 1.8425203052174766e-06, 0.7566630244255066], "scale": [1.0, 1.0, 1.0], "complaints": []}