{"orientation": [3.611430798855508e-08, -2.352463646104752e-08, 0.70710688829422, 0.7071067690849304], "scale": [3.1384283767210035, 3.1384283767210035, 3.1384283767210035], "complaints": []}