{"orientation": [-2.9841873330077595e-13, -0.7071068286895752, 9.350742402602918e-12, 0.7071068286895752], "scale": [1.0, 1.0, 1.0], "complaints": []}