{"orientation": [-7.648850441910326e-10, -0.7071069478988647, 0.0, 0.7071067690849304], "scale": [1.0, 1.0, 1.0], "complaints": []}