{"orientation": [-0.6806326508522034, 3.485863271635026e-05, -0.7326248288154602, -3.748397284653038e-05], "scale": [1.0, 1.0, 1.0], "complaints": []}