{"orientation": [0.0, 0.0, 0.0, 1.0], "scale": [2.853116706110003, 2.853116706110003, 2.853116706110003], "complaints": []}