{"orientation": [3.6288838600739837e-10, -0.7071068286895752, 1.1641532182693481e-09, 0.7071068286895752], "scale": [1.0, 1.0, 1.0], "complaints": []}