{"orientation": [-7.969696162035689e-05, -0.6538059115409851, -9.292710456065834e-05, 0.7566623687744141], "scale": [1.0, 1.0, 1.0], "complaints": []}