{"orientation": [3.9841499528847635e-05, -0.6538058519363403, 4.609748430084437e-05, 0.7566624283790588], "scale": [1.0, 1.0, 1.0], "complaints": []}