{"orientation": [-0.00746590830385685, -0.00742209842428565, 0.7070720195770264, 0.7070631980895996], "scale": [1.0, 1.0, 1.0], "complaints": []}