{"orientation": [-5.70253178011626e-10, -0.7071069478988647, -6.984919309616089e-10, 0.7071067690849304], "scale": [1.0, 1.0, 1.0], "complaints": []}