{"orientation": [-0.0028363396413624287, -0.005646093748509884, 0.0005160016589798033, 0.9999799728393555], "scale": [1.0, 1.0, 1.0], "complaints": []}