{"orientation": [0.0016855227295309305, 0.0005470087635330856, -0.00037511903792619705, 0.9999984502792358], "scale": [1.0, 1.0, 1.0], "complaints": []}