{"orientation": [-0.49492770433425903, 0.528756856918335, -0.4785884618759155, 0.4964030981063843], "scale": [1.0, 1.0, 1.0], "complaints": []}