{"orientation": [-0.5000001192092896, 0.49999988079071045, -0.4999999403953552, 0.5000001788139343], "scale": [1.0, 1.0, 1.0], "complaints": []}