{"orientation": [0.34549063444137573, 0.5654224753379822, -0.4188430607318878, 0.6208899021148682], "scale": [1.0, 1.0, 1.0], "complaints": []}