{"orientation": [0.5087863206863403, 0.5087252259254456, 0.491058886051178, 0.4911174476146698], "scale": [1.0, 1.0, 1.0], "complaints": []}