{"orientation": [-5.452557161333971e-08, 0.7071069478988647, -1.2457348930183798e-07, 0.7071067094802856], "scale": [1.0, 1.0, 1.0], "complaints": []}