{"orientation": [0.506038248538971, 0.5060060620307922, 0.49390357732772827, 0.49390527606010437], "scale": [1.0, 1.0, 1.0], "complaints": []}