{"orientation": [4.138809163123369e-05, 4.106040432816371e-05, -1.660863517827238e-07, 1.000000238418579], "scale": [1.0, 1.0, 1.0], "complaints": []}