{"orientation": [3.166496753692627e-08, -2.3283064365386963e-08, -2.0327206584624946e-10, 1.0000001192092896], "scale": [1.0, 1.0, 1.0], "complaints": []}