{"orientation": [-7.387607183773071e-07, -1.1536030797287822e-07, -1.0, 1.7881393432617188e-07], "scale": [1.0, 1.0, 1.0], "complaints": []}