{"orientation": [-0.35300007462501526, 0.5130669474601746, -0.4245757758617401, 0.6571824550628662], "scale": [1.0, 1.0, 1.0], "complaints": []}