{"orientation": [0.0008309806580655277, -0.7137246131896973, -0.0008317390456795692, 0.7004255056381226], "scale": [1.0, 1.0, 1.0], "complaints": []}