{"orientation": [-1.4273100532591343e-06, -2.0824954845011234e-06, -4.464552603167249e-06, 1.0000001192092896], "scale": [1.0, 1.0, 1.0], "complaints": []}