{"orientation": [-1.5840521882637404e-05, -3.0109691579127684e-05, 1.0295452739228494e-06, 1.0], "scale": [1.0, 1.0, 1.0], "complaints": []}