{"orientation": [0.0017370646819472313, -0.009882126934826374, 9.930983651429415e-05, 0.9999496936798096], "scale": [1.0, 1.0, 1.0], "complaints": []}