{"orientation": [0.0002225329226348549, -9.856795077212155e-05, 1.4388206182047725e-07, 1.0], "scale": [1.0, 1.0, 1.0], "complaints": []}