{"orientation": [8.722417987883091e-08, -9.150971891358495e-08, -5.2821633289568126e-08, 1.0000001192092896], "scale": [1.0, 1.0, 1.0], "complaints": []}