{"orientation": [-5.554466042667627e-07, 8.588540367782116e-08, -2.5480403564870358e-08, 1.0000001192092896], "scale": [1.0, 1.0, 1.0], "complaints": []}