{"orientation": [7.414632273139432e-05, 0.0004964515683241189, 1.858552423072979e-08, 0.9999999403953552], "scale": [1.0, 1.0, 1.0], "complaints": []}