{"orientation": [-0.0931970626115799, 0.09254966676235199, -0.004449636209756136, 0.9913269877433777], "scale": [1.0, 1.0, 1.0], "complaints": []}