{"orientation": [-0.10244177281856537, 0.21690726280212402, 0.011282984167337418, 0.9707368016242981], "scale": [1.0, 1.0, 1.0], "complaints": []}