{"orientation": [-0.09711669385433197, 0.05715026333928108, -0.0010388768278062344, 0.9936303496360779], "scale": [1.0, 1.0, 1.0], "complaints": []}