{"orientation": [-7.472161200894334e-08, -4.7669493596913526e-07, 2.5292102634466573e-08, 1.0], "scale": [1.0, 1.0, 1.0], "complaints": []}