{"orientation": [-0.7190173864364624, 0.0026427865959703922, -0.6949223875999451, -0.009490386582911015], "scale": [1.0, 1.0, 1.0], "complaints": []}