{"orientation": [0.00210003973916173, -7.491355063393712e-05, -0.0006228380370885134, 0.9999977350234985], "scale": [1.0, 1.0, 1.0], "complaints": []}