{"orientation": [-0.4449966847896576, 0.3210197687149048, -0.6300367116928101, 0.5495253801345825], "scale": [2.357947691000002, 2.357947691000002, 2.357947691000002], "complaints": []}