{"orientation": [-0.5569316744804382, 0.5201106071472168, -0.49716511368751526, 0.4148964285850525], "scale": [1.6105100000000008, 1.6105100000000008, 1.6105100000000008], "complaints": []}