{"orientation": [-4.5679567847400904e-05, -8.242314652306959e-05, 6.969551691327069e-07, 1.0], "scale": [1.0, 1.0, 1.0], "complaints": []}