{"orientation": [-0.014102683402597904, -0.014159583486616611, 0.707234799861908, 0.7066964507102966], "scale": [1.0, 1.0, 1.0], "complaints": []}