{"orientation": [1.1641532182693481e-08, 5.6654243962839246e-08, 0.7071067094802856, 0.7071069478988647], "scale": [1.0, 1.0, 1.0], "complaints": []}