{"orientation": [-1.6169446098501794e-05, 8.856096974341199e-05, 3.63552246085419e-08, 1.0], "scale": [1.0, 1.0, 1.0], "complaints": []}