{"orientation": [6.219874194357544e-06, -2.412544972685282e-07, 3.22073174174875e-06, 1.0000001192092896], "scale": [1.0, 1.0, 1.0], "complaints": []}