{"orientation": [-7.392372936010361e-09, -2.9515319965867093e-08, 5.669571692124009e-07, 1.0000001192092896], "scale": [1.0, 1.0, 1.0], "complaints": []}