{"orientation": [8.64383764564991e-09, -7.508788257837296e-09, -2.0859624783042818e-07, 1.0], "scale": [1.0, 1.0, 1.0], "complaints": []}