{"orientation": [-0.007092494051903486, -0.00710065383464098, 0.7072054147720337, 0.7069369554519653], "scale": [1.0, 1.0, 1.0], "complaints": []}