{"orientation": [0.00015893256932031363, 0.0005100967246107757, -3.1301751732826233e-06, 0.9999998807907104], "scale": [1.0, 1.0, 1.0], "complaints": []}