{"orientation": [-3.1203380785882473e-06, -8.35073024063604e-06, 0.70710688829422, 0.7071067094802856], "scale": [1.0, 1.0, 1.0], "complaints": []}