{"orientation": [-4.107278073206544e-08, -0.0003956694854423404, -7.821025792509317e-05, 1.0], "scale": [1.0, 1.0, 1.0], "complaints": []}