{"orientation": [-2.4796463549137115e-08, 7.08969309926033e-08, 6.690970622003078e-08, 1.0000001192092896], "scale": [1.0, 1.0, 1.0], "complaints": []}