{"orientation": [1.1997498461369105e-07, 1.89424241625602e-07, -1.7804890006800633e-08, 1.0000001192092896], "scale": [1.0, 1.0, 1.0], "complaints": []}