{"orientation": [4.553518010652624e-06, -5.511245035449974e-05, -1.0116564226336777e-06, 1.0000001192092896], "scale": [1.0, 1.0, 1.0], "complaints": []}