{"orientation": [0.00011619227007031441, -0.0003495906130410731, -1.8689694115892053e-05, 0.9999999403953552], "scale": [1.0, 1.0, 1.0], "complaints": []}