{"orientation": [-0.0005447217263281345, 0.001547659165225923, 7.764785550534725e-06, 0.9999986290931702], "scale": [1.0, 1.0, 1.0], "complaints": []}