{"orientation": [1.0934309102594852e-07, 1.8191349226981401e-07, -1.844717189669609e-06, 1.0], "scale": [1.0, 1.0, 1.0], "complaints": []}