{"orientation": [-4.21423465013504e-08, 1.6127887647598982e-07, 5.523907020688057e-08, 1.0000001192092896], "scale": [1.0, 1.0, 1.0], "complaints": []}