{"orientation": [2.801243681460619e-08, -1.6537342162337154e-08, -6.371010385919362e-08, 1.0000001192092896], "scale": [1.0, 1.0, 1.0], "complaints": []}