{"orientation": [1.7136335372924805e-05, 1.0593061233521439e-05, -1.0000001192092896, 1.8325663404539227e-06], "scale": [1.0, 1.0, 1.0], "complaints": []}