{"orientation": [2.355361357331276e-05, 0.0009238459169864655, -0.7059491872787476, 0.7082619071006775], "scale": [1.0, 1.0, 1.0], "complaints": []}