{"orientation": [1.5023397281765938e-07, 1.2267264537513256e-07, 7.50139861338539e-08, 1.0000001192092896], "scale": [1.0, 1.0, 1.0], "complaints": []}