{"orientation": [0.2150903344154358, 0.6135948896408081, 0.2185121774673462, 0.7276607751846313], "scale": [1.0, 1.0, 1.0], "complaints": []}