{"orientation": [0.6488843560218811, -0.10912659019231796, -0.04408395290374756, 0.7517293691635132], "scale": [1.0, 1.0, 1.0], "complaints": []}