{"orientation": [0.0006942911422811449, -0.02384498529136181, -0.0007423041388392448, 0.9997152090072632], "scale": [1.0, 1.0, 1.0], "complaints": []}