{"orientation": [-0.7071067094802856, -1.4260876923799515e-09, 3.06426954921335e-08, 0.70710688829422], "scale": [1.0, 1.0, 1.0], "complaints": []}