{"orientation": [-0.7071069478988647, -4.819594323635101e-08, -9.546056389808655e-09, 0.7071066498756409], "scale": [1.0, 1.0, 1.0], "complaints": []}