{"orientation": [1.385807991027832e-06, 1.5664845705032349e-06, -6.705522537231445e-08, 1.0], "scale": [1.0, 1.0, 1.0], "complaints": []}