{"orientation": [6.907369242981076e-05, 9.052656241692603e-05, 9.483590838499367e-05, 1.0], "scale": [4.665073802097333, 4.665073802097333, 4.665073802097333], "complaints": []}