{"orientation": [4.6623219532193616e-05, -1.1270595479118128e-07, 0.7071060538291931, 0.7071076035499573], "scale": [1.0, 1.0, 1.0], "complaints": []}