{"orientation": [-0.0006213575252331793, -8.959328988566995e-05, 3.920737071894109e-05, 1.0], "scale": [1.0, 1.0, 1.0], "complaints": []}