{"orientation": [3.3351374440826476e-05, 0.7071065306663513, 3.342743730172515e-05, 0.7071071267127991], "scale": [1.0, 1.0, 1.0], "complaints": []}