{"orientation": [1.4699631719850004e-05, 6.718019722029567e-05, 1.3927608961239457e-05, 1.0], "scale": [1.0, 1.0, 1.0], "complaints": []}