{"orientation": [-0.7168310880661011, -0.022065263241529465, -0.022075898945331573, 0.6965479254722595], "scale": [1.0, 1.0, 1.0], "complaints": []}