{"orientation": [-0.0006303684203885496, 0.0016301787691190839, 3.559121978469193e-06, 0.9999985098838806], "scale": [1.0, 1.0, 1.0], "complaints": []}