{"orientation": [-0.0017225112533196807, 0.032400526106357574, 7.909831765573472e-05, 0.9994734525680542], "scale": [1.0, 1.0, 1.0], "complaints": []}