{"orientation": [-0.024554844945669174, -0.005432521924376488, 0.7292279005050659, 0.6838086843490601], "scale": [1.0, 1.0, 1.0], "complaints": []}