{"orientation": [0.009911992587149143, -0.013450227677822113, -0.0016668911557644606, 0.9998590350151062], "scale": [1.0, 1.0, 1.0], "complaints": []}