{"orientation": [-0.01291399635374546, -0.011397873982787132, 0.04640687257051468, 0.9987741708755493], "scale": [1.0, 1.0, 1.0], "complaints": []}