{"orientation": [0.7105802297592163, 0.00022384128533303738, -0.0002394782059127465, 0.7036162614822388], "scale": [0.4665073802097333, 0.4665073802097333, 0.4665073802097333], "complaints": []}