{"orientation": [1.8351245671510696e-05, -6.37831399217248e-05, -4.505272954702377e-08, 1.0], "scale": [1.0, 1.0, 1.0], "complaints": []}