{"orientation": [4.3150044803041965e-05, 4.317500861361623e-05, -1.6788885659480002e-06, 1.0], "scale": [1.0, 1.0, 1.0], "complaints": []}