{"orientation": [0.017785673961043358, 0.6433788537979126, 0.027748651802539825, 0.7648382782936096], "scale": [1.0, 1.0, 1.0], "complaints": []}