{"orientation": [0.051187168806791306, -0.03428095951676369, -0.002822538837790489, 0.9980967044830322], "scale": [1.0, 1.0, 1.0], "complaints": []}