{"orientation": [-0.5029388666152954, 0.4585842788219452, 0.43389418721199036, 0.5903295278549194], "scale": [1.0, 1.0, 1.0], "complaints": []}