{"orientation": [-0.014781273901462555, -0.2037561535835266, -0.7145105004310608, 0.669133722782135], "scale": [1.0, 1.0, 1.0], "complaints": []}