{"orientation": [0.19088011980056763, 0.3893588185310364, 0.03498021885752678, 0.9004116058349609], "scale": [1.0, 1.0, 1.0], "complaints": []}