{"orientation": [0.4060336947441101, 0.3906388282775879, -0.22834977507591248, 0.7939739227294922], "scale": [1.0, 1.0, 1.0], "complaints": []}