{"orientation": [-9.313225746154785e-10, 9.022187441587448e-10, 0.7071066498756409, 0.7071068286895752], "scale": [1.0, 1.0, 1.0], "complaints": []}