{"orientation": [-1.6298145055770874e-09, 1.3096723705530167e-10, 0.70710688829422, 0.70710688829422], "scale": [1.0, 1.0, 1.0], "complaints": []}