{"orientation": [7.60337570682168e-09, -3.807508619502187e-08, 0.70710688829422, 0.70710688829422], "scale": [1.0, 1.0, 1.0], "complaints": []}