{"orientation": [0.04950326308608055, -0.7028673887252808, 0.049136072397232056, 0.7078930139541626], "scale": [1.0, 1.0, 1.0], "complaints": []}