{"orientation": [-0.08066006749868393, -0.745991051197052, 0.08523977547883987, 0.6555345058441162], "scale": [1.0, 1.0, 1.0], "complaints": []}