{"orientation": [-0.00031860219314694405, -0.0207032710313797, 0.9997845888137817, -0.0014124959707260132], "scale": [1.0, 1.0, 1.0], "complaints": []}