{"orientation": [5.261972546577454e-07, -5.118880039844953e-07, -0.7071070075035095, 0.7071066498756409], "scale": [1.0, 1.0, 1.0], "complaints": []}