{"orientation": [0.02484576590359211, -0.7013196349143982, 0.024578919634222984, 0.7119898796081543], "scale": [1.0, 1.0, 1.0], "complaints": []}