{"orientation": [4.4796615839004517e-07, -4.555170676212583e-07, -0.7071071267127991, 0.7071065306663513], "scale": [1.0, 1.0, 1.0], "complaints": []}