{"orientation": [1.7462298274040222e-08, 2.3415253735947772e-08, 0.7071069478988647, 0.7071067094802856], "scale": [1.0, 1.0, 1.0], "complaints": []}