{"orientation": [-0.021772515028715134, -0.7136605381965637, -0.02747395634651184, 0.6996139883995056], "scale": [1.0, 1.0, 1.0], "complaints": []}