{"orientation": [0.0029710603412240744, 0.002733425935730338, -0.7070962190628052, 0.7071059346199036], "scale": [1.0, 1.0, 1.0], "complaints": []}