{"orientation": [-0.002140586031600833, -0.0017860605148598552, 0.7071054577827454, 0.7071027159690857], "scale": [1.0, 1.0, 1.0], "complaints": []}