{"orientation": [-0.5000004768371582, -0.49999967217445374, 0.5000004768371582, 0.4999995529651642], "scale": [1.0, 1.0, 1.0], "complaints": []}