{"orientation": [-0.5000004172325134, -0.49999967217445374, 0.5000003576278687, 0.49999961256980896], "scale": [1.0, 1.0, 1.0], "complaints": []}