{"orientation": [-0.5000004172325134, -0.5000002980232239, 0.49999967217445374, 0.4999997019767761], "scale": [1.0, 1.0, 1.0], "complaints": []}