{"orientation": [-0.000827552517876029, 0.0011166544863954186, -3.1757153919897974e-06, 0.9999991059303284], "scale": [1.0, 1.0, 1.0], "complaints": []}