{"orientation": [5.78110120841302e-06, -3.158565959893167e-07, -8.852790500668561e-08, 1.0], "scale": [1.0, 1.0, 1.0], "complaints": []}