{"orientation": [2.0019854218844557e-07, -0.707107663154602, -4.232856554153841e-08, 0.7071059942245483], "scale": [1.0, 1.0, 1.0], "complaints": []}