{"orientation": [2.1352001056129666e-08, -1.0000001192092896, -1.0026269592344761e-08, -2.1803437277867488e-08], "scale": [1.0, 1.0, 1.0], "complaints": []}