{"orientation": [7.656286470592022e-06, 1.4986871974542737e-05, 5.667675395670813e-06, 1.0], "scale": [1.0, 1.0, 1.0], "complaints": []}