{"orientation": [-0.41452643275260925, 0.30525773763656616, -0.594730794429779, 0.6174794435501099], "scale": [1.0, 1.0, 1.0], "complaints": []}