{"orientation": [-1.1641532182693481e-10, 2.615223593238625e-10, -0.7071067690849304, 0.7071069478988647], "scale": [1.0, 1.0, 1.0], "complaints": []}