{"orientation": [0.11582387238740921, -0.7054902911186218, -0.1404241919517517, 0.6849450469017029], "scale": [1.0, 1.0, 1.0], "complaints": []}