{"orientation": [0.2576053738594055, -0.17777679860591888, -0.7927342653274536, 0.5230749845504761], "scale": [1.0, 1.0, 1.0], "complaints": []}