{"orientation": [0.26593273878097534, -0.587007462978363, -0.2407926768064499, 0.725755512714386], "scale": [1.0, 1.0, 1.0], "complaints": []}