{"orientation": [7.271592039614916e-06, -1.508022251073271e-06, 5.36456354893744e-07, 1.0000001192092896], "scale": [1.0, 1.0, 1.0], "complaints": []}