{"orientation": [-1.8189894035458565e-11, -3.637978807091713e-12, 2.9802320611338473e-08, 0.9999999403953552], "scale": [1.0, 1.0, 1.0], "complaints": []}