{"orientation": [1.0, 1.7136335372924805e-07, -8.172355592250824e-08, 6.339832907542586e-07], "scale": [1.0, 1.0, 1.0], "complaints": []}