{"orientation": [-0.00255765113979578, 0.0025641692336648703, 0.7070398330688477, 0.7071645855903625], "scale": [1.0, 1.0, 1.0], "complaints": []}