{"orientation": [-1.405365765094757e-06, -4.307452400098555e-06, 0.7071066498756409, 0.7071070671081543], "scale": [1.0, 1.0, 1.0], "complaints": []}