{"orientation": [-0.005256810691207647, 0.005260728299617767, 0.7070876955986023, 0.7070869207382202], "scale": [1.0, 1.0, 1.0], "complaints": []}