{"orientation": [-0.0010228630853816867, 5.406574928201735e-05, 0.034885223954916, 0.9993910193443298], "scale": [1.0, 1.0, 1.0], "complaints": []}