{"orientation": [-0.00017758864851202816, -8.304412040160969e-05, -9.294970368500799e-05, 1.0], "scale": [1.0, 1.0, 1.0], "complaints": []}