{"orientation": [0.3165566623210907, 0.7569563388824463, 0.2169865071773529, 0.5288912057876587], "scale": [1.0, 1.0, 1.0], "complaints": []}