{"orientation": [-0.000469456979772076, -0.00963528547435999, 0.0011405679397284985, 0.9999527931213379], "scale": [1.0, 1.0, 1.0], "complaints": []}