{"orientation": [0.00020357605535537004, 0.00018268637359142303, 3.4088319807779044e-05, 1.0], "scale": [1.0, 1.0, 1.0], "complaints": []}