{"orientation": [-1.775333657860756e-08, -1.4668330550193787e-08, -0.03489949181675911, 0.9993910193443298], "scale": [1.0, 1.0, 1.0], "complaints": []}