{"orientation": [6.984919309616089e-10, -1.4046577234694269e-09, -0.7071068286895752, 0.7071066498756409], "scale": [1.0, 1.0, 1.0], "complaints": []}