{"orientation": [1.685693860054016e-07, 7.235212251543999e-08, 0.0002800959628075361, 1.0000001192092896], "scale": [1.0, 1.0, 1.0], "complaints": []}