{"orientation": [0.7071070671081543, -0.7071066498756409, -5.960464477539062e-07, 4.785470082424581e-07], "scale": [1.0, 1.0, 1.0], "complaints": []}