{"orientation": [0.500000536441803, 0.4999995529651642, 0.49999961256980896, 0.5000002980232239], "scale": [1.0, 1.0, 1.0], "complaints": []}