{"orientation": [6.76955096423626e-08, -1.5919795259833336e-08, -1.8996070139110088e-07, 1.0], "scale": [1.0, 1.0, 1.0], "complaints": []}