{"orientation": [-4.0279701352119446e-08, 1.0011717677116394e-07, 0.07048438489437103, 0.9975128769874573], "scale": [1.0, 1.0, 1.0], "complaints": []}