{"orientation": [3.883633326040581e-08, 1.981948116736021e-07, -2.8208887670189142e-08, 1.0000001192092896], "scale": [1.0, 1.0, 1.0], "complaints": []}