{"orientation": [-5.4604606702923775e-06, -0.00015547749353572726, -4.119501681998372e-07, 1.0], "scale": [1.0, 1.0, 1.0], "complaints": []}