{"orientation": [0.5043760538101196, -0.46301430463790894, -0.5349528789520264, 0.49502336978912354], "scale": [5.559917313492239, 5.559917313492239, 5.559917313492239], "complaints": []}