{"orientation": [0.6437100172042847, -0.22817663848400116, -0.6868638396263123, 0.2485782355070114], "scale": [0.7513148009015777, 0.7513148009015777, 0.7513148009015777], "complaints": []}