{"orientation": [-0.004375664051622152, -0.6108449697494507, -0.011491836979985237, 0.7916547656059265], "scale": [1.0, 1.0, 1.0], "complaints": []}