{"orientation": [0.6885910034179688, -0.014978697523474693, 0.016070829704403877, 0.7248172163963318], "scale": [1.0, 1.0, 1.0], "complaints": []}