{"orientation": [0.6914101839065552, 0.019578732550144196, -0.013727757148444653, 0.7220667600631714], "scale": [1.0, 1.0, 1.0], "complaints": []}