{"orientation": [0.4635080397129059, -0.515975832939148, 0.5127431750297546, 0.5059880018234253], "scale": [1.0, 1.0, 1.0], "complaints": []}