{"orientation": [7.635189103893936e-05, 3.519355959724635e-05, -1.810708454286214e-07, 1.0], "scale": [1.0, 1.0, 1.0], "complaints": []}