{"orientation": [8.504139259457588e-08, -4.0192389860749245e-08, -2.085439234633668e-07, 1.0000001192092896], "scale": [1.0, 1.0, 1.0], "complaints": []}