{"orientation": [-0.135189488530159, -0.6653285622596741, 0.15576505661010742, 0.7174950242042542], "scale": [1.0, 1.0, 1.0], "complaints": []}