{"orientation": [0.17333585023880005, -0.6884981393814087, -0.05532373860478401, 0.7020430564880371], "scale": [1.0, 1.0, 1.0], "complaints": []}