{"orientation": [-0.19062602519989014, -0.6657317280769348, 0.1853974163532257, 0.697202205657959], "scale": [1.0, 1.0, 1.0], "complaints": []}