{"orientation": [4.7031790018081665e-08, -1.862645149230957e-08, 1.7136335372924805e-07, 1.0000001192092896], "scale": [1.0, 1.0, 1.0], "complaints": []}