{"orientation": [0.03130175918340683, 0.03416874632239342, -0.002569913864135742, 0.9989225268363953], "scale": [1.0, 1.0, 1.0], "complaints": []}