{"orientation": [-8.454662747681141e-09, 1.1045995051972568e-07, -1.7153927274193848e-06, 1.0], "scale": [1.0, 1.0, 1.0], "complaints": []}