{"orientation": [2.561137080192566e-09, -5.122274160385132e-09, -0.7071068286895752, 0.7071066498756409], "scale": [1.0, 1.0, 1.0], "complaints": []}