{"orientation": [-6.708299770252779e-05, 6.718040822306648e-05, -0.7071070671081543, 0.7071065306663513], "scale": [1.0, 1.0, 1.0], "complaints": []}