{"orientation": [-0.49612683057785034, 0.4964572489261627, -0.5029484033584595, 0.5044117569923401], "scale": [1.0, 1.0, 1.0], "complaints": []}