{"orientation": [0.5042076706886292, 0.5020200610160828, 0.49491721391677856, 0.4988061189651489], "scale": [1.0, 1.0, 1.0], "complaints": []}