{"orientation": [0.013691947795450687, -0.7687329649925232, -0.6394035220146179, 0.005045659374445677], "scale": [1.0, 1.0, 1.0], "complaints": []}