{"orientation": [-0.5915143489837646, -0.013240931555628777, -0.009735208936035633, 0.80612713098526], "scale": [1.0, 1.0, 1.0], "complaints": []}