{"orientation": [0.14439652860164642, -0.6718029379844666, 0.4112203121185303, 0.5989394187927246], "scale": [1.0, 1.0, 1.0], "complaints": []}