{"orientation": [0.0004712335066869855, 0.0005517271347343922, 4.226460532663623e-07, 0.9999997615814209], "scale": [1.0, 1.0, 1.0], "complaints": []}