{"orientation": [4.76582717965357e-05, 1.2041757145198062e-05, 1.0364528861828148e-06, 1.0000001192092896], "scale": [1.0, 1.0, 1.0], "complaints": []}