{"orientation": [-0.49270209670066833, -0.4089207649230957, 0.7229138016700745, 0.2596619129180908], "scale": [1.0, 1.0, 1.0], "complaints": []}