{"orientation": [0.48897212743759155, -0.14226706326007843, -0.8280937671661377, 0.23436526954174042], "scale": [1.0, 1.0, 1.0], "complaints": []}