{"orientation": [0.6476442813873291, 0.4018652141094208, 0.638799250125885, 0.1048663780093193], "scale": [1.0, 1.0, 1.0], "complaints": []}