{"orientation": [-0.3642039895057678, 0.6645161509513855, -0.06079912185668945, 0.6496747732162476], "scale": [1.0, 1.0, 1.0], "complaints": []}