{"orientation": [0.714859127998352, -0.03255772963166237, 0.686840832233429, 0.12714584171772003], "scale": [1.0, 1.0, 1.0], "complaints": []}