{"orientation": [-0.75217205286026, -0.04938000440597534, -0.6406067609786987, 0.1463623195886612], "scale": [1.0, 1.0, 1.0], "complaints": []}