{"orientation": [0.03465928137302399, 0.8159371018409729, 0.033382438123226166, 0.5761346817016602], "scale": [1.0, 1.0, 1.0], "complaints": []}