{"orientation": [0.7599250078201294, -0.38163959980010986, -0.41775161027908325, 0.3199201226234436], "scale": [1.0, 1.0, 1.0], "complaints": []}