{"orientation": [0.47097256779670715, 0.5487576723098755, 0.49608588218688965, 0.4805714190006256], "scale": [1.0, 1.0, 1.0], "complaints": []}