{"orientation": [0.01279442384839058, -0.005164956673979759, -0.03596356138586998, 0.9992579221725464], "scale": [1.0, 1.0, 1.0], "complaints": []}