{"orientation": [0.11948844790458679, 0.6935343146324158, 0.07059844583272934, 0.7069290280342102], "scale": [1.0, 1.0, 1.0], "complaints": []}