{"orientation": [0.01284467987716198, -0.00470329262316227, -0.0870126336812973, 0.9961133003234863], "scale": [1.0, 1.0, 1.0], "complaints": []}