{"orientation": [-0.0843813419342041, 0.7024314999580383, -0.0841270238161087, 0.7017070055007935], "scale": [1.0, 1.0, 1.0], "complaints": []}