{"orientation": [-0.29774904251098633, 0.624362587928772, -0.26096999645233154, 0.6733585000038147], "scale": [1.0, 1.0, 1.0], "complaints": []}