{"orientation": [-0.4145418107509613, 0.5685943961143494, -0.4215872883796692, 0.5719438195228577], "scale": [1.0, 1.0, 1.0], "complaints": []}