{"orientation": [0.0650983601808548, 0.7122809290885925, 0.003512062132358551, 0.6988603472709656], "scale": [1.0, 1.0, 1.0], "complaints": []}