{"orientation": [-0.27976933121681213, 0.6494066119194031, -0.27986401319503784, 0.6493663191795349], "scale": [1.0, 1.0, 1.0], "complaints": []}
