{"orientation": [-0.43510323762893677, 0.588371217250824, -0.3763018250465393, 0.5682442784309387], "scale": [1.0, 1.0, 1.0], "complaints": []}