{"orientation": [-0.5227798819541931, 0.5083742737770081, -0.5089572072029114, 0.4574050307273865], "scale": [1.0, 1.0, 1.0], "complaints": []}