{"orientation": [-0.5430834293365479, 0.4616532325744629, -0.5662383437156677, 0.41389721632003784], "scale": [1.0, 1.0, 1.0], "complaints": []}