{"orientation": [0.47514665126800537, 0.5191665887832642, 0.4275883734226227, 0.5673359036445618], "scale": [1.0, 1.0, 1.0], "complaints": []}