{"orientation": [0.11952635645866394, 0.6631500124931335, 0.1679190844297409, 0.7195478081703186], "scale": [1.0, 1.0, 1.0], "complaints": []}