{"orientation": [2.1420419216156006e-08, -3.3527612686157227e-08, 2.6694033294916153e-07, 1.0000001192092896], "scale": [0.9090909090909091, 0.9090909090909091, 0.9090909090909091], "complaints": []}