{"orientation": [0.7071070671081543, 1.825392246246338e-07, 1.6132253222167492e-07, 0.7071066498756409], "scale": [1.0, 1.0, 1.0], "complaints": []}