{"orientation": [0.7072757482528687, 0.00013848398521076888, -0.00022261531557887793, 0.7069377899169922], "scale": [1.0, 1.0, 1.0], "complaints": []}