{"orientation": [8.337781764566898e-06, -0.0032201330177485943, 0.0006586182280443609, 0.9999946355819702], "scale": [1.0, 1.0, 1.0], "complaints": []}