{"orientation": [-0.00029077986255288124, 0.00032176473177969456, -4.007626557722688e-06, 1.0], "scale": [0.7513148009015777, 0.7513148009015777, 0.7513148009015777], "complaints": []}