{"orientation": [-2.5695771910250187e-07, -8.01272108219564e-07, 3.7509016692638397e-07, 1.0000001192092896], "scale": [0.9090909090909091, 0.9090909090909091, 0.9090909090909091], "complaints": []}