{"orientation": [1.339033042313531e-05, -1.2845557648688555e-06, 4.549305231194012e-06, 1.0], "scale": [1.0, 1.0, 1.0], "complaints": []}