{"orientation": [0.002761442679911852, -0.005159761756658554, -0.004458890296518803, 0.9999731183052063], "scale": [1.0, 1.0, 1.0], "complaints": []}