{"orientation": [3.207474946975708e-06, 7.577124051749706e-06, 1.2281452654860914e-06, 1.0000001192092896], "scale": [1.0, 1.0, 1.0], "complaints": []}