{"orientation": [2.08345300052315e-05, -1.5658399206586182e-05, 3.8424155945904204e-07, 1.0000001192092896], "scale": [1.1, 1.1, 1.1], "complaints": []}