{"orientation": [-4.260800778865814e-08, -1.7811544239521027e-08, 1.7856200429378077e-07, 1.0], "scale": [1.2100000000000002, 1.2100000000000002, 1.2100000000000002], "complaints": []}