{"orientation": [-2.5757908588275313e-06, -7.907653343863785e-05, 7.479525265807752e-07, 1.0000001192092896], "scale": [1.3310000000000004, 1.3310000000000004, 1.3310000000000004], "complaints": []}