{"orientation": [0.0015643448568880558, -0.0030432618223130703, -0.0005951871280558407, 0.9999940395355225], "scale": [1.0, 1.0, 1.0], "complaints": []}