{"orientation": [0.7071067690849304, 2.3515895009040833e-08, -8.847564458847046e-08, 0.70710688829422], "scale": [1.3310000000000004, 1.3310000000000004, 1.3310000000000004], "complaints": []}