{"orientation": [-0.0008449374581687152, 2.3941825929796323e-05, -0.0002022677508648485, 0.9999997019767761], "scale": [0.9090909090909091, 0.9090909090909091, 0.9090909090909091], "complaints": []}