{"orientation": [-4.485691897571087e-05, 2.1969462977722287e-05, -1.4741522136318963e-07, 1.0000001192092896], "scale": [1.1, 1.1, 1.1], "complaints": []}