{"orientation": [0.0005746094975620508, 0.001167803187854588, 5.037437404098455e-06, 0.9999991655349731], "scale": [1.0, 1.0, 1.0], "complaints": []}