{"orientation": [-0.058584049344062805, -0.10045727342367172, -0.0021443390287458897, 0.9932127594947815], "scale": [1.0, 1.0, 1.0], "complaints": []}