{"orientation": [0.05832800269126892, 0.02995818853378296, -0.6565050482749939, 0.7514663338661194], "scale": [1.0, 1.0, 1.0], "complaints": []}