{"orientation": [0.1231781467795372, -0.1469121277332306, 0.7281240820884705, 0.6580878496170044], "scale": [1.0, 1.0, 1.0], "complaints": []}