{"orientation": [-0.005376255139708519, -0.013583552092313766, -0.00011377431656001136, 0.9998933672904968], "scale": [1.0, 1.0, 1.0], "complaints": []}