{"orientation": [-5.951151251792908e-07, -1.0631731583998771e-06, 0.7071067094802856, 0.7071069478988647], "scale": [1.0, 1.0, 1.0], "complaints": []}