{"orientation": [-4.955392796546221e-06, -0.016748471185564995, -0.00039542524609714746, 0.9998598098754883], "scale": [1.0, 1.0, 1.0], "complaints": []}