{"orientation": [0.0, 0.0, 0.0, 1.0000001192092896], "scale": [1.6105100000000008, 1.6105100000000008, 1.6105100000000008], "complaints": []}