{"orientation": [0.030859507620334625, -0.7066112756729126, -0.03090018592774868, 0.706253170967102], "scale": [1.0, 1.0, 1.0], "complaints": []}