{"orientation": [-0.17154666781425476, 0.021147048100829124, 0.1092367097735405, 0.9788728952407837], "scale": [1.3310000000000004, 1.3310000000000004, 1.3310000000000004], "complaints": []}