{"orientation": [-0.5744951367378235, -0.0038199499249458313, 0.07993370294570923, 0.8145866394042969], "scale": [1.2100000000000002, 1.2100000000000002, 1.2100000000000002], "complaints": []}