{"orientation": [-0.033462055027484894, 0.034038715064525604, 0.7028204202651978, 0.7097641825675964], "scale": [1.0, 1.0, 1.0], "complaints": []}