{"orientation": [-0.00010898418258875608, 0.05622419714927673, 0.0019346363842487335, 0.9984163641929626], "scale": [1.0, 1.0, 1.0], "complaints": []}