{"orientation": [-1.7986632883548737e-05, 0.05633164197206497, 0.0003187646216247231, 0.9984121322631836], "scale": [1.0, 1.0, 1.0], "complaints": []}