{"orientation": [1.1393101885914803e-05, 0.05621442571282387, -0.00027760679950006306, 0.9984186887741089], "scale": [1.0, 1.0, 1.0], "complaints": []}