{"orientation": [0.00018979585729539394, 0.05529829487204552, -0.0034220607485622168, 0.998464047908783], "scale": [1.0, 1.0, 1.0], "complaints": []}