{"orientation": [-0.005887253675609827, 0.00840933807194233, -0.00012036648695357144, 0.9999473094940186], "scale": [1.0, 1.0, 1.0], "complaints": []}