{"orientation": [0.0002025113790296018, 0.04092266783118248, -0.004533407278358936, 0.9991521239280701], "scale": [1.0, 1.0, 1.0], "complaints": []}