{"orientation": [-2.9103830456733704e-11, 3.637978807091713e-12, -2.9802315282267955e-08, 1.0], "scale": [1.0, 1.0, 1.0], "complaints": []}