{"orientation": [1.3642420526593924e-12, -2.6645352591003757e-15, -2.6645352591003757e-15, 1.0000001192092896], "scale": [1.0, 1.0, 1.0], "complaints": []}