{"orientation": [4.516914486885071e-08, -1.4901161193847656e-08, -8.882489055395126e-08, 1.0000001192092896], "scale": [1.0, 1.0, 1.0], "complaints": []}