{"orientation": [-1.000444171950221e-11, 2.5011104298755527e-12, 2.2351741790771484e-08, 1.0000001192092896], "scale": [1.0, 1.0, 1.0], "complaints": []}