{"orientation": [0.0, 0.0, 0.0, 1.0000001192092896], "scale": [0.620921323059155, 0.620921323059155, 0.620921323059155], "complaints": []}