{"orientation": [0.0, 0.0, 0.0, 1.0000001192092896], "scale": [3.4522712143931042, 3.4522712143931042, 3.4522712143931042], "complaints": []}