{"orientation": [0.0, -3.637978807091713e-12, 2.384185791015625e-07, 1.0000001192092896], "scale": [1.6105100000000008, 1.6105100000000008, 1.6105100000000008], "complaints": []}