{"orientation": [1.0913936421275139e-11, 0.0, 2.980235080940474e-08, 1.0000001192092896], "scale": [1.2100000000000002, 1.2100000000000002, 1.2100000000000002], "complaints": []}