{"orientation": [-3.637978807091713e-12, 0.0, -2.220446049250313e-16, 1.0000001192092896], "scale": [3.1384283767210035, 3.1384283767210035, 3.1384283767210035], "complaints": []}