{"orientation": [-3.055902197957039e-10, 2.663000486791134e-09, -2.980550561915152e-08, 1.0000001192092896], "scale": [1.9487171000000014, 1.9487171000000014, 1.9487171000000014], "complaints": []}