{"orientation": [2.9331204132176936e-11, 0.0, -3.725290298461914e-09, 1.0], "scale": [1.3310000000000004, 1.3310000000000004, 1.3310000000000004], "complaints": []}