{"orientation": [2.2737367544323206e-10, -1.1368683772161603e-10, -1.1548399925231934e-07, 1.0000001192092896], "scale": [2.357947691000002, 2.357947691000002, 2.357947691000002], "complaints": []}