{"orientation": [0.0, 0.0, 0.0, 1.0], "scale": [0.16105100000000006, 0.16105100000000006, 0.16105100000000006], "complaints": []}