{"orientation": [0.0, -6.73594513500575e-11, 1.6653345369377348e-15, 1.0000001192092896], "scale": [1.0, 1.0, 1.0], "complaints": []}