{"orientation": [-1.4551915228366852e-10, 4.2928149923682213e-10, 1.7881416169984732e-07, 1.0000001192092896], "scale": [2.357947691000002, 2.357947691000002, 2.357947691000002], "complaints": []}