{"orientation": [-3.865352482534945e-12, -1.3642420526593924e-12, 1.1102230246251565e-16, 1.0], "scale": [1.3310000000000004, 1.3310000000000004, 1.3310000000000004], "complaints": []}