{"orientation": [0.7071055173873901, -7.398193702101707e-08, 3.4110598789993674e-09, 0.7071080803871155], "scale": [5.559917313492239, 5.559917313492239, 5.559917313492239], "complaints": []}