{"orientation": [7.275957614183426e-12, 1.1641532182693481e-10, 4.547473508864641e-13, 1.0000001192092896], "scale": [1.4641000000000006, 1.4641000000000006, 1.4641000000000006], "complaints": []}