{"orientation": [4.547473508864641e-13, -3.637978807091713e-12, -8.881784197001252e-16, 1.0000001192092896], "scale": [1.771561000000001, 1.771561000000001, 1.771561000000001], "complaints": []}