{"orientation": [-1.3418111066698657e-08, -1.0, 0.0, -3.637978807091713e-12], "scale": [1.3310000000000004, 1.3310000000000004, 1.3310000000000004], "complaints": []}