{"orientation": [0.9955655336380005, -0.08812592923641205, -0.02300535887479782, 0.02353997901082039], "scale": [1.0, 1.0, 1.0], "complaints": []}