{"orientation": [0.9999282956123352, 0.01036052405834198, 0.0050017996691167355, -0.0033465593587607145], "scale": [1.0, 1.0, 1.0], "complaints": []}