{"orientation": [0.3166884779930115, -0.6880404353141785, -0.2704938054084778, 0.5942575335502625], "scale": [1.0, 1.0, 1.0], "complaints": []}