{"orientation": [0.00016355968546122313, -0.00702213728800416, -7.481801731046289e-06, 0.9999753832817078], "scale": [1.0, 1.0, 1.0], "complaints": []}