{"orientation": [0.7064348459243774, -0.02981923148036003, 0.705809473991394, -0.043516822159290314], "scale": [1.0, 1.0, 1.0], "complaints": []}