{"orientation": [0.0002766989346127957, 0.011828722432255745, -0.0005967218894511461, 0.9999299049377441], "scale": [1.0, 1.0, 1.0], "complaints": []}