{"orientation": [-0.0002366451662965119, -9.053051326191053e-05, 2.8216818463988602e-06, 1.0000001192092896], "scale": [1.0, 1.0, 1.0], "complaints": []}