{"orientation": [1.0280287824571133e-05, -0.0014917738735675812, -0.017452018335461617, 0.9998466372489929], "scale": [1.0, 1.0, 1.0], "complaints": []}