{"orientation": [0.0011409223079681396, -0.000505675096064806, -0.999390184879303, 0.03489844873547554], "scale": [1.0, 1.0, 1.0], "complaints": []}