{"orientation": [0.001127360388636589, 0.000358264718670398, -0.9998470544815063, 0.017452608793973923], "scale": [1.0, 1.0, 1.0], "complaints": []}