{"orientation": [-1.0061849025078118e-05, 3.555906005203724e-07, 0.7071064710617065, 0.7071072459220886], "scale": [1.9487171000000014, 1.9487171000000014, 1.9487171000000014], "complaints": []}