{"orientation": [0.00020815797324758023, 0.0010673508513718843, 1.394852006342262e-06, 0.999999463558197], "scale": [1.0, 1.0, 1.0], "complaints": []}