{"orientation": [-0.0025802263990044594, -0.00447426550090313, 0.12148885428905487, 0.9925795197486877], "scale": [1.0, 1.0, 1.0], "complaints": []}