{"orientation": [-0.704592227935791, 0.007741254288703203, -0.7095281481742859, 0.007729976437985897], "scale": [1.0, 1.0, 1.0], "complaints": []}