{"orientation": [-1.0356416169088334e-08, 2.999653361257515e-06, 2.6822092991096724e-07, 1.0], "scale": [1.0, 1.0, 1.0], "complaints": []}