{"orientation": [-3.4569893614389002e-09, -1.2663647908084386e-08, 0.70710688829422, 0.7071068286895752], "scale": [1.0, 1.0, 1.0], "complaints": []}