{"orientation": [-2.280808985233307e-06, -0.7085438966751099, 1.4081597328186035e-06, 0.7056668400764465], "scale": [1.0, 1.0, 1.0], "complaints": []}