{"orientation": [-1.600310106653069e-08, -1.4579710772011367e-08, 0.7071068286895752, 0.7071068286895752], "scale": [1.0, 1.0, 1.0], "complaints": []}