{"orientation": [-3.792483549425185e-10, -9.498103692440196e-11, 7.677958824281461e-10, 1.0], "scale": [1.0, 1.0, 1.0], "complaints": []}