{"orientation": [9.438869241762404e-09, 7.28879934186466e-09, 1.121829029671062e-08, 1.0], "scale": [1.0, 1.0, 1.0], "complaints": []}