{"orientation": [-0.00011669858213281259, 0.00018256645125802606, 2.388180519119487e-06, 1.0], "scale": [1.0, 1.0, 1.0], "complaints": []}