{"orientation": [-2.1078596645907055e-08, 2.4076824090002447e-08, 0.70710688829422, 0.7071067690849304], "scale": [1.0, 1.0, 1.0], "complaints": []}