{"orientation": [2.071155025262783e-09, -1.6499793198399004e-10, 0.7071067094802856, 0.7071069478988647], "scale": [1.0, 1.0, 1.0], "complaints": []}