{"orientation": [-3.423172190153423e-09, 5.035915506823585e-08, 6.705522537231445e-08, 1.0], "scale": [1.0, 1.0, 1.0], "complaints": []}