{"orientation": [0.49112287163734436, -0.5172226428985596, -0.4911228120326996, 0.5000776648521423], "scale": [1.0, 1.0, 1.0], "complaints": []}