{"orientation": [-0.01014181599020958, -0.00917019508779049, -0.8789998292922974, 0.4766261875629425], "scale": [1.0, 1.0, 1.0], "complaints": []}