{"orientation": [-4.190951585769653e-09, -0.7071067690849304, -0.7071069478988647, -1.862645149230957e-09], "scale": [1.0, 1.0, 1.0], "complaints": []}