{"orientation": [-1.0268298638038686e-06, 1.626726043468807e-05, -0.754708468914032, 0.6560603380203247], "scale": [1.0, 1.0, 1.0], "complaints": []}