{"orientation": [-0.0006933435797691345, -0.0005005532875657082, -0.7072871327400208, 0.7069259285926819], "scale": [1.0, 1.0, 1.0], "complaints": []}