{"orientation": [-0.000557715306058526, -0.0011105956509709358, 0.002591240219771862, 0.9999959468841553], "scale": [1.0, 1.0, 1.0], "complaints": []}