{"orientation": [-0.37649571895599365, -0.006925089284777641, 0.09371193498373032, 0.9216405153274536], "scale": [1.0, 1.0, 1.0], "complaints": []}