{"orientation": [-0.4526112675666809, 0.11083012074232101, 0.06794361770153046, 0.8821811079978943], "scale": [1.0, 1.0, 1.0], "complaints": []}