{"orientation": [-3.217950848011242e-07, -4.393967856231029e-08, 0.7071067094802856, 0.70710688829422], "scale": [1.0, 1.0, 1.0], "complaints": []}