{"orientation": [-1.4138640835881233e-06, 2.8999638743698597e-05, -2.622978172439616e-07, 1.0], "scale": [1.0, 1.0, 1.0], "complaints": []}