{"orientation": [-3.50363552570343e-06, -2.8675422072410583e-05, 4.959001671522856e-07, 1.0000001192092896], "scale": [1.0, 1.0, 1.0], "complaints": []}