{"orientation": [1.4850418665446341e-05, -3.27222051055287e-06, 2.583983587101102e-07, 1.0000001192092896], "scale": [1.0, 1.0, 1.0], "complaints": []}