{"orientation": [5.9522222727537155e-05, -1.3895580195821822e-05, 1.5273690223693848e-07, 1.0000001192092896], "scale": [1.0, 1.0, 1.0], "complaints": []}