{"orientation": [-6.239861249923706e-08, -2.8868726076325402e-08, -9.720679372549057e-09, 1.0000001192092896], "scale": [1.0, 1.0, 1.0], "complaints": []}