{"orientation": [-9.313225746154785e-09, -1.4755642041563988e-08, -1.234002411365509e-08, 1.0000001192092896], "scale": [1.0, 1.0, 1.0], "complaints": []}