{"orientation": [-0.0001572717446833849, 2.217973815277219e-06, -9.918585419654846e-08, 1.0], "scale": [1.0, 1.0, 1.0], "complaints": []}