{"orientation": [-0.06939560174942017, -0.07825936377048492, 0.007990632206201553, 0.9944828748703003], "scale": [1.0, 1.0, 1.0], "complaints": []}