{"orientation": [0.0015020418213680387, 7.6241311035119e-05, -2.86555768980179e-06, 0.999998927116394], "scale": [1.0, 1.0, 1.0], "complaints": []}