{"orientation": [0.0, 0.0, 0.0, 1.0], "scale": [1.2100000000000004, 1.2100000000000004, 1.2100000000000004], "complaints": []}