{"orientation": [0.0, 0.0, 0.0, 1.0], "scale": [1.4641000000000006, 1.4641000000000006, 1.4641000000000006], "complaints": []}