{"orientation": [-3.069639205932617e-06, -9.331852197647095e-07, 1.0819640010595322e-06, 1.0000001192092896], "scale": [1.0, 1.0, 1.0], "complaints": []}