{"orientation": [1.4825951666352921e-06, 1.5473868870685692e-06, 7.839835802769812e-07, 1.0], "scale": [1.0, 1.0, 1.0], "complaints": []}