{"orientation": [0.0, 0.0, 0.0, 1.0000001192092896], "scale": [0.5644739300537773, 0.5644739300537773, 0.5644739300537773], "complaints": []}