{"orientation": [0.015033300966024399, 0.007826406508684158, -0.0008467143052257597, 0.9998560547828674], "scale": [1.0, 1.0, 1.0], "complaints": []}