{"orientation": [0.2706648111343384, -0.24705952405929565, 0.6529350280761719, 0.6628559827804565], "scale": [1.0, 1.0, 1.0], "complaints": []}