{"orientation": [-0.45918259024620056, -0.01702096126973629, -0.1446719765663147, 0.8763170838356018], "scale": [1.0, 1.0, 1.0], "complaints": []}