{"orientation": [-0.5862132906913757, -0.05943145975470543, -0.1471114307641983, 0.7944685220718384], "scale": [1.0, 1.0, 1.0], "complaints": []}