{"orientation": [9.939074516296387e-06, -2.823770046234131e-06, 0.8788171410560608, 0.4771588444709778], "scale": [1.0, 1.0, 1.0], "complaints": []}