{"orientation": [0.40517914295196533, -0.06899644434452057, 0.15322086215019226, 0.8986615538597107], "scale": [1.0, 1.0, 1.0], "complaints": []}