{"orientation": [3.112683043582365e-05, 0.006800491362810135, -0.0005284574581310153, 0.9999767541885376], "scale": [1.0, 1.0, 1.0], "complaints": []}