{"orientation": [3.305243808426894e-05, 3.3237316529266536e-05, 2.19109369936632e-06, 1.0], "scale": [1.0, 1.0, 1.0], "complaints": []}