{"orientation": [-1.1550423550943378e-06, -0.70710688829422, -1.155477661995974e-06, 0.7071067690849304], "scale": [1.0, 1.0, 1.0], "complaints": []}