{"orientation": [0.7070904970169067, 2.0086008589714766e-07, -5.342008080333471e-07, 0.7071231007575989], "scale": [1.0, 1.0, 1.0], "complaints": []}