{"orientation": [0.000274545862339437, 0.011819416657090187, -6.388640031218529e-06, 0.9999300241470337], "scale": [1.0, 1.0, 1.0], "complaints": []}