{"orientation": [-1.30385160446167e-08, 3.073364496231079e-08, 0.7071067690849304, 0.7071067690849304], "scale": [1.0, 1.0, 1.0], "complaints": []}