{"orientation": [0.0003802721621468663, 0.15804210305213928, -0.0024565241765230894, 0.9874292612075806], "scale": [1.0, 1.0, 1.0], "complaints": []}