{"orientation": [1.861691998783499e-06, 4.228944362694165e-06, 0.707107424736023, 0.7071062922477722], "scale": [1.0, 1.0, 1.0], "complaints": []}