{"orientation": [2.3283064365386963e-10, -9.822542779147625e-11, 0.70710688829422, 0.7071067094802856], "scale": [1.0, 1.0, 1.0], "complaints": []}