{"orientation": [1.1721567716449499e-08, -3.9948463381733745e-07, -2.3504981072619557e-07, 1.0], "scale": [1.0, 1.0, 1.0], "complaints": []}