{"orientation": [-2.6899215299636126e-08, 1.7491402104496956e-08, 0.7071067690849304, 0.7071069478988647], "scale": [1.0, 1.0, 1.0], "complaints": []}