{"orientation": [0.0007028318359516561, -0.0003767415473703295, -2.0067091099917889e-07, 0.9999998211860657], "scale": [1.0, 1.0, 1.0], "complaints": []}