{"orientation": [0.06040669232606888, 0.041663169860839844, 0.035307809710502625, 0.99667888879776], "scale": [1.0, 1.0, 1.0], "complaints": []}