{"orientation": [0.07944256067276001, 0.07965599745512009, -0.004358118399977684, 0.993642270565033], "scale": [1.0, 1.0, 1.0], "complaints": []}