{"orientation": [-7.502967491745949e-08, -9.15315467864275e-09, -2.1103187464177608e-07, 1.0000001192092896], "scale": [1.0, 1.0, 1.0], "complaints": []}