{"orientation": [0.015362273901700974, 0.00350751681253314, 0.7035883665084839, 0.7104331851005554], "scale": [1.0, 1.0, 1.0], "complaints": []}