{"orientation": [3.261587698943913e-05, -2.9137590900063515e-06, -1.5875289136602078e-06, 1.0], "scale": [1.0, 1.0, 1.0], "complaints": []}