{"orientation": [-0.0013652730267494917, 0.0005732679273933172, -1.341377355856821e-07, 0.9999989867210388], "scale": [1.0, 1.0, 1.0], "complaints": []}