{"orientation": [3.628703416325152e-05, -9.509510709904134e-05, -2.2911717678653076e-06, 1.0000001192092896], "scale": [1.0, 1.0, 1.0], "complaints": []}