{"orientation": [2.7692876756191254e-06, -3.0244700610637665e-07, 5.371402949094772e-07, 1.0000001192092896], "scale": [1.0, 1.0, 1.0], "complaints": []}