{"orientation": [1.6279867850244045e-05, -1.1544179869815707e-05, 1.0711028153309599e-07, 1.0], "scale": [1.0, 1.0, 1.0], "complaints": []}