{"orientation": [-2.9794227884849533e-07, 5.843465942234616e-07, 3.2346235911973054e-08, 1.0], "scale": [1.0, 1.0, 1.0], "complaints": []}