{"orientation": [-2.148561179637909e-06, -8.08783806860447e-06, 1.2538657756522298e-07, 1.0000001192092896], "scale": [1.0, 1.0, 1.0], "complaints": []}