{"orientation": [-3.91155481338501e-08, 8.032657206058502e-08, -0.7071068286895752, 0.7071068286895752], "scale": [1.0, 1.0, 1.0], "complaints": []}