{"orientation": [0.70710688829422, 0.0, 2.3050233721733093e-08, 0.70710688829422], "scale": [1.0, 1.0, 1.0], "complaints": []}