{"orientation": [0.9999639987945557, -0.00806073285639286, 0.0019035126315429807, 0.0019090198911726475], "scale": [1.0, 1.0, 1.0], "complaints": []}