{"orientation": [0.70710688829422, -4.470348358154297e-08, -1.3562384992837906e-08, 0.7071067094802856], "scale": [1.0, 1.0, 1.0], "complaints": []}