{"orientation": [-6.51925802230835e-09, 1.862645149230957e-09, 0.7071070075035095, 0.7071067094802856], "scale": [1.0, 1.0, 1.0], "complaints": []}