{"orientation": [2.0954757928848267e-09, 2.7939677238464355e-09, 0.7071068286895752, 0.7071068286895752], "scale": [1.0, 1.0, 1.0], "complaints": []}