{"orientation": [-0.9999871850013733, -0.00010209903120994568, -0.0035489401780068874, 0.0036422908306121826], "scale": [1.0, 1.0, 1.0], "complaints": []}