{"orientation": [0.7071067690849304, 1.4901161193847656e-08, 7.776543498039246e-08, 0.7071067690849304], "scale": [1.0, 1.0, 1.0], "complaints": []}