{"orientation": [6.245762051548809e-05, -6.169682819745503e-06, 0.00018783501582220197, 1.0000001192092896], "scale": [1.0, 1.0, 1.0], "complaints": []}