{"orientation": [-0.7070778608322144, -0.006162190344184637, -0.7070820927619934, 0.006177991628646851], "scale": [1.4641000000000008, 1.4641000000000008, 1.4641000000000008], "complaints": []}