{"orientation": [-3.4888216760009527e-09, 0.7071071267127991, -6.984919309616089e-10, 0.7071064710617065], "scale": [1.4641000000000006, 1.4641000000000006, 1.4641000000000006], "complaints": []}