{"orientation": [-3.2451583642512105e-09, 3.0342786061510196e-09, -5.21540641784668e-07, 1.0], "scale": [1.0, 1.0, 1.0], "complaints": []}