{"orientation": [2.609894522720424e-10, 4.592503599631925e-10, -7.450580596923828e-09, 1.0], "scale": [1.0, 1.0, 1.0], "complaints": []}