{"orientation": [9.963885716501863e-09, 4.502854089594166e-09, 1.4889821819963345e-08, 1.0], "scale": [1.0, 1.0, 1.0], "complaints": []}