{"orientation": [4.0292746916748e-10, 1.4784075119678164e-07, -5.662442390530487e-07, 1.0000001192092896], "scale": [1.0, 1.0, 1.0], "complaints": []}