{"orientation": [-1.3850913146463972e-13, 2.986230640544818e-08, 7.560253963666275e-13, 1.0], "scale": [1.0, 1.0, 1.0], "complaints": []}