{"orientation": [-1.1123824084080525e-11, 2.926510944689653e-08, 3.7020386756125845e-11, 1.0], "scale": [1.0, 1.0, 1.0], "complaints": []}