{"orientation": [-1.701785379282228e-10, 1.914636982291995e-08, -2.980229574234272e-08, 1.0], "scale": [1.0, 1.0, 1.0], "complaints": []}