{"orientation": [-1.5305801071008318e-10, 1.6119301449180057e-07, 3.2782554626464844e-07, 1.0000001192092896], "scale": [1.0, 1.0, 1.0], "complaints": []}