{"orientation": [-6.288444764912526e-11, 2.981734326112928e-08, 4.957793897641949e-11, 1.0], "scale": [1.0, 1.0, 1.0], "complaints": []}