{"orientation": [-2.1817306294913408e-10, 2.1772521563434566e-08, 1.7842152200131522e-09, 1.0], "scale": [1.0, 1.0, 1.0], "complaints": []}