{"orientation": [-0.01784270443022251, 4.1619041439844295e-06, -0.0002380652294959873, 0.9998409152030945], "scale": [1.0, 1.0, 1.0], "complaints": []}