{"orientation": [0.9992761015892029, -0.008333772420883179, 0.031024159863591194, -0.020381418988108635], "scale": [1.0, 1.0, 1.0], "complaints": []}