{"orientation": [-0.11346474289894104, 0.6768738627433777, 0.03403530642390251, 0.7265047430992126], "scale": [1.0, 1.0, 1.0], "complaints": []}