{"orientation": [-4.6938657760620117e-07, 0.0022562139201909304, -0.9999974966049194, 0.00020482437685132027], "scale": [0.8264462809917354, 0.8264462809917354, 0.8264462809917354], "complaints": []}