{"orientation": [1.6067875549197197e-05, 3.5396369639784098e-06, 0.7071067690849304, 0.7071068286895752], "scale": [1.0, 1.0, 1.0], "complaints": []}