{"orientation": [0.0009626605897210538, 0.0001911312574520707, 0.7058692574501038, 0.708341658115387], "scale": [1.0, 1.0, 1.0], "complaints": []}