{"orientation": [0.00018504448235034943, 0.00019287504255771637, 0.6751986145973206, 0.7376359701156616], "scale": [1.0, 1.0, 1.0], "complaints": []}