{"orientation": [-0.7071067094802856, 0.7071068286895752, -9.313225746154785e-10, -8.847564458847046e-09], "scale": [1.0, 1.0, 1.0], "complaints": []}