{"orientation": [0.002059546299278736, -0.0021696167532354593, 3.6804121918976307e-06, 0.9999956488609314], "scale": [1.0, 1.0, 1.0], "complaints": []}