{"orientation": [-0.008155576884746552, 0.03309129551053047, -0.006437109783291817, 0.999398410320282], "scale": [1.0, 1.0, 1.0], "complaints": []}