{"orientation": [0.0008627319475635886, -0.00025718603865243495, -7.764339784444019e-07, 0.9999996423721313], "scale": [1.0, 1.0, 1.0], "complaints": []}