{"orientation": [0.0010297874687239528, 0.0009597966563887894, 6.003078851790633e-07, 0.9999990463256836], "scale": [1.0, 1.0, 1.0], "complaints": []}