{"orientation": [-0.001881815493106842, -0.7061673998832703, 0.0019016620935872197, 0.7080399394035339], "scale": [1.0, 1.0, 1.0], "complaints": []}