{"orientation": [-2.8381691663526e-08, -2.0489096641540527e-08, -1.7368438420817256e-07, 1.0], "scale": [1.0, 1.0, 1.0], "complaints": []}