{"orientation": [-4.190951585769653e-09, -3.762852429645136e-08, 1.0, 2.430751919746399e-07], "scale": [1.0, 1.0, 1.0], "complaints": []}