{"orientation": [0.549623429775238, -0.4451673626899719, -0.4448264241218567, 0.5494267344474792], "scale": [1.0, 1.0, 1.0], "complaints": []}