{"orientation": [-0.5000031590461731, -0.499996542930603, 0.4999969005584717, 0.5000033974647522], "scale": [1.0, 1.0, 1.0], "complaints": []}