{"orientation": [0.5792965292930603, -0.40567710995674133, -0.4054822325706482, 0.5791596174240112], "scale": [1.0, 1.0, 1.0], "complaints": []}