{"orientation": [0.7071067094802856, -2.9103830456733704e-10, -3.637978807091713e-12, 0.70710688829422], "scale": [1.0, 1.0, 1.0], "complaints": []}