{"orientation": [-0.004478802904486656, -0.006240650080144405, 0.0027920533902943134, 0.9999666213989258], "scale": [1.0, 1.0, 1.0], "complaints": []}