{"orientation": [-5.634954140987247e-05, -0.00019501871429383755, -3.4143886296078563e-07, 1.0000001192092896], "scale": [1.0, 1.0, 1.0], "complaints": []}