{"orientation": [-0.02456742711365223, -0.05692075192928314, -0.00574315432459116, 0.9980600476264954], "scale": [1.0, 1.0, 1.0], "complaints": []}