{"orientation": [-0.0017785992240533233, -0.7013911008834839, 0.001969059929251671, 0.7127717733383179], "scale": [1.0, 1.0, 1.0], "complaints": []}