{"orientation": [-0.7097566723823547, 0.0004263412847649306, 0.0004302571469452232, 0.7044467926025391], "scale": [1.0, 1.0, 1.0], "complaints": []}