{"orientation": [6.38933852314949e-06, -7.731467485427856e-05, 0.12187877297401428, 0.9925450086593628], "scale": [1.0, 1.0, 1.0], "complaints": []}