{"orientation": [-3.1810253858566284e-05, -3.73616348952055e-05, 0.9993909001350403, 0.034900765866041183], "scale": [1.0, 1.0, 1.0], "complaints": []}