{"orientation": [-0.0004504580865614116, -0.000926066015381366, 3.400015913257448e-08, 0.9999996423721313], "scale": [1.0, 1.0, 1.0], "complaints": []}