{"orientation": [-3.4799397781171137e-06, 1.0, -7.225009903777391e-05, -1.4088414900470525e-05], "scale": [1.0, 1.0, 1.0], "complaints": []}