{"orientation": [-7.10468739271164e-05, -0.0002446987200528383, 0.9238795638084412, 0.38268327713012695], "scale": [1.0, 1.0, 1.0], "complaints": []}