{"orientation": [-0.001899944618344307, 0.0019388360669836402, 0.707101583480835, 0.7071069478988647], "scale": [1.0, 1.0, 1.0], "complaints": []}