{"orientation": [3.467429792181065e-07, -4.956576731274254e-07, 0.7071073055267334, 0.707106351852417], "scale": [1.0, 1.0, 1.0], "complaints": []}