{"orientation": [0.14901402592658997, 0.5972914099693298, 0.027417242527008057, 0.7875824570655823], "scale": [1.0, 1.0, 1.0], "complaints": []}