{"orientation": [-5.021609794653159e-08, 8.357765182154253e-07, 1.0, -3.448495533575624e-08], "scale": [1.0, 1.0, 1.0], "complaints": []}