{"orientation": [-3.3765547868824797e-07, 1.9528539496604935e-07, 0.5150518417358398, 0.8571591377258301], "scale": [1.0, 1.0, 1.0], "complaints": []}