{"orientation": [-1.8156562475724058e-07, 5.011730763726518e-07, -2.793966613623411e-09, 1.0], "scale": [1.0, 1.0, 1.0], "complaints": []}