{"orientation": [-6.519562134599255e-07, 4.965068001183681e-07, -2.272870602837429e-08, 1.0], "scale": [1.0, 1.0, 1.0], "complaints": []}