{"orientation": [-0.007503787521272898, -0.0062494222074747086, -0.00046929219388403, 0.9999523162841797], "scale": [1.0, 1.0, 1.0], "complaints": []}