{"orientation": [-8.731149137020111e-11, -2.7939677238464355e-09, -5.820766091346741e-11, 1.0000001192092896], "scale": [1.0, 1.0, 1.0], "complaints": []}