{"orientation": [-0.019770776852965355, -0.06657325476408005, -0.005030142143368721, 0.9975729584693909], "scale": [1.0, 1.0, 1.0], "complaints": []}