{"orientation": [-0.03944023326039314, -0.027264172211289406, -0.0018983674235641956, 0.9988481402397156], "scale": [1.0, 1.0, 1.0], "complaints": []}