{"orientation": [0.00156406220048666, 0.001482253079302609, 0.7071505188941956, 0.7070598602294922], "scale": [1.0, 1.0, 1.0], "complaints": []}