{"orientation": [-9.97226652543759e-06, 0.00018699531210586429, 6.564641807926819e-08, 1.0000001192092896], "scale": [1.0, 1.0, 1.0], "complaints": []}