{"orientation": [-0.4999929368495941, -0.5000001788139343, 0.4999999701976776, 0.5000070929527283], "scale": [1.0, 1.0, 1.0], "complaints": []}