{"orientation": [-0.000837638508528471, -0.6756948232650757, -0.0009770244359970093, 0.7371803522109985], "scale": [1.0, 1.0, 1.0], "complaints": []}