{"orientation": [-1.1795801668768036e-08, -0.70710688829422, 1.467997208237648e-07, 0.7071067690849304], "scale": [1.0, 1.0, 1.0], "complaints": []}