{"orientation": [-0.49870410561561584, -0.499783456325531, 0.5002157092094421, 0.5012935400009155], "scale": [1.0, 1.0, 1.0], "complaints": []}