{"orientation": [-0.5000008344650269, 0.5000008940696716, -0.49999892711639404, 0.49999934434890747], "scale": [1.0, 1.0, 1.0], "complaints": []}