{"orientation": [0.7071059346199036, -0.0001587680308148265, 0.00015903652820270509, 0.7071076035499573], "scale": [1.0, 1.0, 1.0], "complaints": []}