{"orientation": [0.6784348487854004, -0.35866570472717285, 0.443454384803772, 0.4630696177482605], "scale": [1.0, 1.0, 1.0], "complaints": []}