{"orientation": [0.7423898577690125, -0.11724702268838882, 0.1384023129940033, 0.6449459791183472], "scale": [1.0, 1.0, 1.0], "complaints": []}