{"orientation": [0.7057145237922668, -0.009214721620082855, 0.009223269298672676, 0.7083764672279358], "scale": [1.0, 1.0, 1.0], "complaints": []}