{"orientation": [-0.7043699622154236, -0.5777075290679932, 0.010935714468359947, 0.4123076796531677], "scale": [1.0, 1.0, 1.0], "complaints": []}