{"orientation": [-0.37821316719055176, 0.2930726706981659, 0.1384977400302887, 0.867111086845398], "scale": [1.0, 1.0, 1.0], "complaints": []}