{"orientation": [-0.705017626285553, -0.0003152787685394287, -0.00034235749626532197, 0.7091895937919617], "scale": [1.0, 1.0, 1.0], "complaints": []}