{"orientation": [0.0002689516986720264, 0.011842177249491215, -6.613321602344513e-06, 0.9999299645423889], "scale": [1.0, 1.0, 1.0], "complaints": []}