{"orientation": [-0.0007331445813179016, 0.0003264453262090683, 6.705522537231445e-08, 0.9999997615814209], "scale": [1.0, 1.0, 1.0], "complaints": []}