{"orientation": [0.0447726845741272, 0.0061463722959160805, -0.006850020494312048, 0.9989548921585083], "scale": [1.0, 1.0, 1.0], "complaints": []}