{"orientation": [-0.0577409490942955, -0.09858441352844238, 0.049023594707250595, 0.9922418594360352], "scale": [5.054470284992944, 5.054470284992944, 5.054470284992944], "complaints": []}