{"orientation": [8.578132838010788e-05, 0.00013501779176294804, 7.349153747782111e-07, 1.0], "scale": [1.0, 1.0, 1.0], "complaints": []}