{"orientation": [0.001999953994527459, -0.0007096446352079511, -9.15408309083432e-05, 0.9999978542327881], "scale": [1.3310000000000004, 1.3310000000000004, 1.3310000000000004], "complaints": []}