{"orientation": [0.31725889444351196, -0.21399380266666412, -0.5166268944740295, 0.7659310102462769], "scale": [1.0, 1.0, 1.0], "complaints": []}