{"orientation": [-0.7877367734909058, -0.48272573947906494, 0.19995152950286865, 0.32629120349884033], "scale": [1.0, 1.0, 1.0], "complaints": []}