{"orientation": [8.014023478608578e-05, -1.8181797713623382e-05, 0.7071068286895752, 0.7071069478988647], "scale": [1.0, 1.0, 1.0], "complaints": []}