{"orientation": [-0.00024831650080159307, -0.0023001551162451506, 6.873668780826847e-07, 0.9999974370002747], "scale": [1.0, 1.0, 1.0], "complaints": []}