{"orientation": [-5.820766091346741e-11, 7.912603905424476e-11, 0.7071068286895752, 0.7071069478988647], "scale": [1.0, 1.0, 1.0], "complaints": []}