{"orientation": [-1.071498445526231e-11, -0.70710688829422, -1.4551915228366852e-11, 0.7071067094802856], "scale": [1.0, 1.0, 1.0], "complaints": []}