{"orientation": [-1.3585577107733116e-11, -1.965538842796377e-12, 0.7071067094802856, 0.70710688829422], "scale": [1.0, 1.0, 1.0], "complaints": []}