{"orientation": [2.4158453015843406e-13, -0.7071060538291931, -1.3460521586239338e-10, 0.707107424736023], "scale": [0.25937424601000014, 0.25937424601000014, 0.25937424601000014], "complaints": []}