{"orientation": [9.549694368615746e-12, -0.7071069478988647, 0.0, 0.7071065902709961], "scale": [1.0, 1.0, 1.0], "complaints": []}