{"orientation": [-1.1559677659533918e-09, -0.70710688829422, 2.3283064365386963e-10, 0.70710688829422], "scale": [1.0, 1.0, 1.0], "complaints": []}