{"orientation": [1.178705133497715e-09, -0.7071068286895752, 9.313225746154785e-10, 0.7071068286895752], "scale": [1.0, 1.0, 1.0], "complaints": []}