{"orientation": [-2.937667886726558e-10, -0.7071070075035095, 4.656612873077393e-10, 0.7071068286895752], "scale": [1.0, 1.0, 1.0], "complaints": []}