{"orientation": [6.480149750132114e-12, 2.547295707699959e-12, 0.7071068286895752, 0.7071068286895752], "scale": [1.0, 1.0, 1.0], "complaints": []}