{"orientation": [-0.7071068286895752, 1.2960299500264227e-11, -0.7071068286895752, -3.5697667044587433e-11], "scale": [1.0, 1.0, 1.0], "complaints": []}