{"orientation": [-0.7071067690849304, -2.2737367544323206e-13, -0.7071067690849304, -6.821210263296962e-13], "scale": [1.0, 1.0, 1.0], "complaints": []}