{"orientation": [-5.587935447692871e-08, 3.67872416973114e-06, 8.903443813323975e-07, 1.0], "scale": [1.0, 1.0, 1.0], "complaints": []}