{"orientation": [-1.2587697710841894e-06, 8.01983114797622e-05, -7.726430339971557e-08, 1.0], "scale": [1.0, 1.0, 1.0], "complaints": []}