{"orientation": [-3.180652856826782e-05, -9.534705895930529e-06, -1.0000001192092896, -3.7904828786849976e-07], "scale": [1.0, 1.0, 1.0], "complaints": []}