{"orientation": [-0.7071067690849304, 9.10949893295765e-09, 8.486676961183548e-08, 0.70710688829422], "scale": [1.0, 1.0, 1.0], "complaints": []}