{"orientation": [-9.1859299573116e-05, 0.00030687390244565904, -1.60747003974393e-06, 1.0000001192092896], "scale": [1.0, 1.0, 1.0], "complaints": []}