{"orientation": [0.004521047230809927, -0.0028797017876058817, -0.9239556193351746, 0.3824623227119446], "scale": [1.0, 1.0, 1.0], "complaints": []}