{"orientation": [-4.993566108169034e-05, -3.9548576751258224e-06, 6.73679636520319e-08, 1.0], "scale": [0.8264462809917354, 0.8264462809917354, 0.8264462809917354], "complaints": []}