{"orientation": [-1.7462298274040222e-10, -9.458744898438454e-11, -2.980300450872164e-08, 1.0], "scale": [1.6105100000000008, 1.6105100000000008, 1.6105100000000008], "complaints": []}