{"orientation": [6.40302459942177e-08, 2.1903542801737785e-07, 3.293316694907844e-07, 1.0000001192092896], "scale": [1.6105100000000008, 1.6105100000000008, 1.6105100000000008], "complaints": []}