{"orientation": [1.2357182640698738e-05, -5.1778632041532546e-05, 5.8455043472349644e-08, 1.0000001192092896], "scale": [1.0, 1.0, 1.0], "complaints": []}