{"orientation": [0.0009924680925905704, 0.00465361075475812, -0.7071118354797363, 0.7070857286453247], "scale": [1.0, 1.0, 1.0], "complaints": []}