{"orientation": [-0.021370552480220795, 0.819805383682251, -0.03627602756023407, 0.5710924863815308], "scale": [1.0, 1.0, 1.0], "complaints": []}