{"orientation": [-0.09399355202913284, 0.6320964097976685, -0.0978960394859314, 0.7629128098487854], "scale": [1.0, 1.0, 1.0], "complaints": []}