{"orientation": [-1.1641532182693481e-10, 4.307366907596588e-09, 0.7071068286895752, 0.7071068286895752], "scale": [1.0, 1.0, 1.0], "complaints": []}