{"orientation": [-5.302425506670261e-06, 2.004005182243418e-06, -0.9135457277297974, 0.40673625469207764], "scale": [1.0, 1.0, 1.0], "complaints": []}