{"orientation": [-4.616885007635574e-08, 5.5394643538875243e-08, 0.9238795042037964, 0.38268348574638367], "scale": [0.7513148009015777, 0.7513148009015777, 0.7513148009015777], "complaints": []}