{"orientation": [-0.23171737790107727, 0.6728084087371826, -0.1838146150112152, 0.6781210899353027], "scale": [1.0, 1.0, 1.0], "complaints": []}