{"orientation": [0.003083295887336135, 3.376967288204469e-05, 0.9999953508377075, 2.6807538233697414e-07], "scale": [1.0, 1.0, 1.0], "complaints": []}