{"orientation": [0.00367662962526083, -0.0036783134564757347, 2.1851335532119265e-06, 0.9999865889549255], "scale": [1.0, 1.0, 1.0], "complaints": []}