{"orientation": [4.410416476474666e-12, -0.7071067690849304, 0.0, 0.7071067690849304], "scale": [1.0, 1.0, 1.0], "complaints": []}