{"orientation": [-0.0002551793004386127, -0.00020364222291391343, -3.879601081280271e-06, 1.0], "scale": [1.0, 1.0, 1.0], "complaints": []}