{"orientation": [-0.06170346587896347, -0.05821046233177185, 0.00017118494724854827, 0.9963957071304321], "scale": [1.0, 1.0, 1.0], "complaints": []}