{"orientation": [3.6513583268060756e-08, -1.1687104262136927e-07, -5.090299737275927e-09, 1.0], "scale": [1.0, 1.0, 1.0], "complaints": []}