{"orientation": [0.3364250063896179, -0.32685020565986633, 0.6094836592674255, 0.6391533613204956], "scale": [1.0, 1.0, 1.0], "complaints": []}