{"orientation": [-0.9177454710006714, 0.019079428166151047, 0.045627303421497345, 0.3940781354904175], "scale": [1.0, 1.0, 1.0], "complaints": []}