{"orientation": [-0.15436333417892456, 0.015612052753567696, -0.003793400013819337, 0.9878835678100586], "scale": [1.0, 1.0, 1.0], "complaints": []}