{"orientation": [-0.13732776045799255, 0.015398985706269741, -0.004464393015950918, 0.9903959035873413], "scale": [1.0, 1.0, 1.0], "complaints": []}