{"orientation": [-0.27942192554473877, -0.6592559814453125, 0.6472588181495667, 0.2614593803882599], "scale": [1.0, 1.0, 1.0], "complaints": []}