{"orientation": [-0.2555157542228699, -0.6087679266929626, 0.6940213441848755, 0.28713738918304443], "scale": [1.0, 1.0, 1.0], "complaints": []}