{"orientation": [0.7124119400978088, -0.03960665315389633, 0.02424117550253868, 0.7002235651016235], "scale": [1.0, 1.0, 1.0], "complaints": []}