{"orientation": [-0.2553303837776184, -0.6281742453575134, 0.6768353581428528, 0.28652697801589966], "scale": [1.0, 1.0, 1.0], "complaints": []}