{"orientation": [-0.9985182285308838, 0.002306358888745308, 0.04655499383807182, 0.028087666258215904], "scale": [1.0, 1.0, 1.0], "complaints": []}