{"orientation": [-0.7071066498756409, 0.7071069478988647, 1.619872637093067e-05, -0.00014811859000474215], "scale": [1.0, 1.0, 1.0], "complaints": []}