{"orientation": [2.754719616859802e-06, -3.6675510273198597e-07, 1.0, 4.6193599700927734e-07], "scale": [1.0, 1.0, 1.0], "complaints": []}