{"orientation": [-2.604074733625339e-10, 6.814155995016336e-08, -1.1175870895385742e-08, 1.0], "scale": [1.0, 1.0, 1.0], "complaints": []}