{"orientation": [6.247695273486897e-05, -0.7060256004333496, -6.248126737773418e-05, 0.7081863880157471], "scale": [1.0, 1.0, 1.0], "complaints": []}