{"orientation": [-0.02436833828687668, 0.6877275705337524, -0.021612627431750298, 0.7252379655838013], "scale": [1.0, 1.0, 1.0], "complaints": []}