{"orientation": [0.030857689678668976, 0.006029525771737099, 0.008624820038676262, 0.9994685649871826], "scale": [1.0, 1.0, 1.0], "complaints": []}