{"orientation": [-0.049158189445734024, -0.032160792499780655, -0.34562405943870544, 0.9365326166152954], "scale": [1.0, 1.0, 1.0], "complaints": []}