{"orientation": [-1.2293457984924316e-07, 5.608890205621719e-07, -0.7071093320846558, 0.7071044445037842], "scale": [1.0, 1.0, 1.0], "complaints": []}