{"orientation": [-0.0009268476278521121, 0.012167989276349545, -0.00032033759634941816, 0.9999255537986755], "scale": [1.0, 1.0, 1.0], "complaints": []}