{"orientation": [2.6633670131559484e-05, 0.030986782163381577, -2.883053821278736e-05, 0.9995198249816895], "scale": [1.0, 1.0, 1.0], "complaints": []}