{"orientation": [0.002941502956673503, -2.3343327484326437e-05, -0.000898039317689836, 0.9999952912330627], "scale": [1.0, 1.0, 1.0], "complaints": []}