{"orientation": [-0.00033343033283017576, 0.0009507832583039999, 0.000888430280610919, 0.9999991655349731], "scale": [1.0, 1.0, 1.0], "complaints": []}