{"orientation": [4.209578037261963e-07, -4.88536898046732e-07, 3.0270894058048725e-07, 1.0000001192092896], "scale": [1.0, 1.0, 1.0], "complaints": []}