{"orientation": [2.5038456442416646e-05, 2.421034878352657e-05, 1.337181629423867e-06, 1.0], "scale": [1.0, 1.0, 1.0], "complaints": []}