{"orientation": [0.00018238229677081108, 0.000113352041807957, 1.5099075199032086e-06, 1.0], "scale": [1.0, 1.0, 1.0], "complaints": []}