{"orientation": [1.8838168216461781e-06, -0.7092483043670654, -9.031035006046295e-06, 0.7049587965011597], "scale": [1.0, 1.0, 1.0], "complaints": []}