{"orientation": [4.858771717408672e-06, 1.5429255881826975e-06, 0.7071065306663513, 0.7071071267127991], "scale": [1.0, 1.0, 1.0], "complaints": []}