{"orientation": [0.016863327473402023, -0.016862722113728523, 0.7069184184074402, 0.7068929672241211], "scale": [1.0, 1.0, 1.0], "complaints": []}