{"orientation": [-0.008089878596365452, -0.018182218074798584, 0.8956453800201416, 0.44432333111763], "scale": [1.0, 1.0, 1.0], "complaints": []}