{"orientation": [-0.41264405846595764, -0.596004068851471, 0.40040645003318787, 0.5605167150497437], "scale": [1.0, 1.0, 1.0], "complaints": []}