{"orientation": [-2.7430120098870248e-05, 0.00012186247477075085, 0.38268327713012695, 0.9238796830177307], "scale": [1.0, 1.0, 1.0], "complaints": []}