{"orientation": [9.13301482796669e-06, 2.041226252913475e-06, 2.8795329853892326e-07, 1.0000001192092896], "scale": [1.0, 1.0, 1.0], "complaints": []}