{"orientation": [8.749634616833646e-06, -0.70710688829422, 8.455832357867621e-06, 0.7071067094802856], "scale": [1.0, 1.0, 1.0], "complaints": []}