{"orientation": [-0.02417714148759842, -0.7066914439201355, 0.024688493460416794, 0.7066776156425476], "scale": [1.0, 1.0, 1.0], "complaints": []}