{"orientation": [-0.49990060925483704, -0.49989670515060425, 0.5000996589660645, 0.5001029968261719], "scale": [1.0, 1.0, 1.0], "complaints": []}