{"orientation": [-0.0024756102357059717, -0.7071029543876648, 0.0024048443883657455, 0.7071022987365723], "scale": [1.0, 1.0, 1.0], "complaints": []}