{"orientation": [-0.5000132918357849, -0.4999868869781494, 0.49998682737350464, 0.5000131726264954], "scale": [6.115909044841463, 6.115909044841463, 6.115909044841463], "complaints": []}