{"orientation": [5.2865954785374925e-05, -0.7069475054740906, -6.0127233155071735e-05, 0.7072661519050598], "scale": [1.0, 1.0, 1.0], "complaints": []}