{"orientation": [0.4999479651451111, -0.5000520944595337, -0.5000523924827576, 0.49994775652885437], "scale": [5.131581182307066, 5.131581182307066, 5.131581182307066], "complaints": []}