{"orientation": [-0.4999890923500061, -0.5000109076499939, 0.5000113248825073, 0.49998870491981506], "scale": [4.240976183724848, 4.240976183724848, 4.240976183724848], "complaints": []}