{"orientation": [0.0055056666024029255, -0.7070833444595337, -0.005500497296452522, 0.7070874571800232], "scale": [1.0, 1.0, 1.0], "complaints": []}