{"orientation": [0.0020539266988635063, -0.7071049809455872, -0.0020581672433763742, 0.7071026563644409], "scale": [1.0, 1.0, 1.0], "complaints": []}