{"orientation": [-0.0004700330609921366, -0.7071075439453125, 0.00047029799316078424, 0.7071058750152588], "scale": [1.0, 1.0, 1.0], "complaints": []}