{"orientation": [-0.7068267464637756, 1.2605596566572785e-09, 0.7073866724967957, -1.0646544978953898e-08], "scale": [1.0, 1.0, 1.0], "complaints": []}