{"orientation": [-1.0360512533225119e-05, -0.7071065902709961, 2.9725022614002228e-05, 0.7071070671081543], "scale": [1.0, 1.0, 1.0], "complaints": []}