{"orientation": [-0.06211748346686363, -0.7043761014938354, 0.06321630626916885, 0.7042725086212158], "scale": [1.0, 1.0, 1.0], "complaints": []}