{"orientation": [0.5035853981971741, -0.4963887333869934, -0.503585696220398, 0.49638843536376953], "scale": [1.0, 1.0, 1.0], "complaints": []}