{"orientation": [-0.5008499622344971, -0.5008552670478821, 0.49914875626564026, 0.4991433322429657], "scale": [1.0, 1.0, 1.0], "complaints": []}