{"orientation": [2.3127859094529413e-07, -0.7070979475975037, 2.4586915969848633e-07, 0.7071158289909363], "scale": [1.0, 1.0, 1.0], "complaints": []}