{"orientation": [2.9684088076464832e-08, -0.7071068286895752, 3.166496753692627e-08, 0.7071067690849304], "scale": [1.0, 1.0, 1.0], "complaints": []}