{"orientation": [-0.49996501207351685, -0.5000352263450623, 0.5000354647636414, 0.4999646544456482], "scale": [3.1384283767210035, 3.1384283767210035, 3.1384283767210035], "complaints": []}