{"orientation": [5.510315895662643e-05, 0.7071086764335632, -3.8395774026867e-06, 0.7071049809455872], "scale": [1.0, 1.0, 1.0], "complaints": []}