{"orientation": [4.803310275747208e-06, -0.7069499492645264, -1.0303105227649212e-05, 0.7072635293006897], "scale": [1.0, 1.0, 1.0], "complaints": []}