{"orientation": [-0.0003094342246185988, -0.00030953477835282683, -0.707111120223999, 0.7071024179458618], "scale": [1.0, 1.0, 1.0], "complaints": []}