{"orientation": [0.4993274211883545, -0.5001397728919983, -0.49887150526046753, 0.5016568303108215], "scale": [5.054470284992944, 5.054470284992944, 5.054470284992944], "complaints": []}