{"orientation": [-0.00030982671887613833, -0.7071079015731812, 0.00031144818058237433, 0.7071055173873901], "scale": [1.0, 1.0, 1.0], "complaints": []}