{"orientation": [-0.5000045299530029, -0.49999549984931946, 0.4999956488609314, 0.5000044703483582], "scale": [4.594972986357222, 4.594972986357222, 4.594972986357222], "complaints": []}