{"orientation": [-0.4999913275241852, -0.5000086426734924, 0.5000087022781372, 0.4999914765357971], "scale": [4.177248169415656, 4.177248169415656, 4.177248169415656], "complaints": []}