{"orientation": [3.658176865428686e-06, -0.7094833254814148, 3.7997961044311523e-06, 0.7047222852706909], "scale": [1.0, 1.0, 1.0], "complaints": []}