{"orientation": [0.5018049478530884, -0.4975670576095581, -0.5031480193138123, 0.497454434633255], "scale": [4.177248169415656, 4.177248169415656, 4.177248169415656], "complaints": []}