{"orientation": [-0.00013431929983198643, -0.7069888114929199, 0.00018903554882854223, 0.7072248458862305], "scale": [1.0, 1.0, 1.0], "complaints": []}