{"orientation": [0.49999770522117615, -0.500002384185791, -0.5000022649765015, 0.4999977648258209], "scale": [5.054470284992944, 5.054470284992944, 5.054470284992944], "complaints": []}