{"orientation": [4.71113207822782e-06, 0.7071093320846558, -1.9638973753899336e-05, 0.7071043252944946], "scale": [1.0, 1.0, 1.0], "complaints": []}