{"orientation": [1.3441258772672882e-07, -0.7070874571800232, 2.1513551473617554e-07, 0.7071262001991272], "scale": [1.0, 1.0, 1.0], "complaints": []}