{"orientation": [-0.00040321811684407294, -0.7071977257728577, 0.0004049904237035662, 0.7070157527923584], "scale": [1.0, 1.0, 1.0], "complaints": []}