{"orientation": [-0.5000008344650269, -0.49999916553497314, 0.4999992251396179, 0.5000009536743164], "scale": [3.1384283767210035, 3.1384283767210035, 3.1384283767210035], "complaints": []}