{"orientation": [0.7070795297622681, 0.006169956177473068, 0.7070802450180054, -0.006172209046781063], "scale": [1.0, 1.0, 1.0], "complaints": []}