{"orientation": [-0.7246708869934082, -9.593029972165823e-06, 0.6890951991081238, -6.220827344805002e-06], "scale": [1.0, 1.0, 1.0], "complaints": []}