{"orientation": [0.49300915002822876, -0.5068795680999756, -0.49309417605400085, 0.5068267583847046], "scale": [1.0, 1.0, 1.0], "complaints": []}