{"orientation": [0.004560684319585562, -0.70709228515625, -0.004547577351331711, 0.7070921063423157], "scale": [1.0, 1.0, 1.0], "complaints": []}