{"orientation": [0.0006692528259009123, -0.7070874571800232, -0.000659632496535778, 0.7071256637573242], "scale": [1.0, 1.0, 1.0], "complaints": []}