{"orientation": [-0.49977946281433105, -0.49975910782814026, 0.5002455711364746, 0.5002158284187317], "scale": [6.115909044841463, 6.115909044841463, 6.115909044841463], "complaints": []}