{"orientation": [-0.7071044445037842, 9.873071394395083e-05, -0.7071092128753662, -8.800403156783432e-05], "scale": [1.0, 1.0, 1.0], "complaints": []}