{"orientation": [2.5376536427756946e-07, -0.7071067690849304, -4.789543481820147e-07, 0.70710688829422], "scale": [1.0, 1.0, 1.0], "complaints": []}