{"orientation": [-1.9903374948171404e-08, -0.708130955696106, -2.0017246527004318e-08, 0.7060812711715698], "scale": [1.0, 1.0, 1.0], "complaints": []}