{"orientation": [0.49994170665740967, -0.5000590682029724, 0.5000573992729187, 0.49994197487831116], "scale": [1.0, 1.0, 1.0], "complaints": []}