{"orientation": [0.0005631838575936854, -0.7065696120262146, -0.0005735670565627515, 0.7076433300971985], "scale": [1.0, 1.0, 1.0], "complaints": []}