{"orientation": [-0.00020172493532299995, 0.7071067690849304, 0.0002016171347349882, 0.70710688829422], "scale": [1.0, 1.0, 1.0], "complaints": []}