{"orientation": [0.594290554523468, 0.38315528631210327, 0.5946300029754639, 0.38265642523765564], "scale": [1.0, 1.0, 1.0], "complaints": []}