{"orientation": [-0.5190397500991821, -0.4802028238773346, 0.5186026692390442, 0.4806811809539795], "scale": [1.0, 1.0, 1.0], "complaints": []}