{"orientation": [-2.4986275093397126e-07, -0.7071067094802856, 6.933696568012238e-07, 0.7071069478988647], "scale": [1.0, 1.0, 1.0], "complaints": []}