{"orientation": [0.7071078419685364, 7.147900760173798e-08, 0.7071057558059692, 1.096632331609726e-07], "scale": [1.0, 1.0, 1.0], "complaints": []}