{"orientation": [0.009226412512362003, -0.7014374732971191, -0.009249983355402946, 0.7126113176345825], "scale": [1.0, 1.0, 1.0], "complaints": []}