{"orientation": [1.1124804586870596e-05, -0.7071452736854553, -4.8115034587681293e-05, 0.7070685029029846], "scale": [1.0, 1.0, 1.0], "complaints": []}