{"orientation": [-0.008403265848755836, -0.7078157663345337, 0.007882892154157162, 0.7063031196594238], "scale": [1.0, 1.0, 1.0], "complaints": []}