{"orientation": [0.002898295409977436, -0.7061404585838318, -0.0028754654340445995, 0.7080601453781128], "scale": [1.0, 1.0, 1.0], "complaints": []}