{"orientation": [-1.620275327240961e-07, -0.7071069478988647, -5.821348167955875e-07, 0.7071067094802856], "scale": [1.0, 1.0, 1.0], "complaints": []}