{"orientation": [-0.23006735742092133, 0.08245883136987686, 0.5190892815589905, 0.8190336227416992], "scale": [1.0, 1.0, 1.0], "complaints": []}