{"orientation": [-0.00012022588634863496, -0.0001367676304653287, -1.8433365767123178e-07, 1.0000001192092896], "scale": [1.0, 1.0, 1.0], "complaints": []}