{"orientation": [0.0005942033021710813, -2.0138875697739422e-05, -9.715813575894572e-08, 0.9999998807907104], "scale": [1.0, 1.0, 1.0], "complaints": []}