{"orientation": [-0.0021014618687331676, 0.0018169479444622993, 0.00014910270692780614, 0.9999961256980896], "scale": [1.0, 1.0, 1.0], "complaints": []}