{"orientation": [-0.20589245855808258, -0.4459144175052643, 0.1615229994058609, 0.8559668064117432], "scale": [1.0, 1.0, 1.0], "complaints": []}