{"orientation": [0.5772298574447632, -0.3096831440925598, -0.1134260892868042, 0.7470183372497559], "scale": [1.0, 1.0, 1.0], "complaints": []}