{"orientation": [-0.22420397400856018, -0.6485291123390198, -0.08531684428453445, 0.7224013209342957], "scale": [1.0, 1.0, 1.0], "complaints": []}