{"orientation": [-2.1842108253622428e-05, -0.002344164066016674, 1.0411956736788852e-06, 0.9999973773956299], "scale": [1.0, 1.0, 1.0], "complaints": []}