{"orientation": [-6.517443580378313e-07, 1.406183400831651e-07, 1.4232860849006101e-05, 1.0000001192092896], "scale": [1.0, 1.0, 1.0], "complaints": []}