{"orientation": [-0.0015733542386442423, -7.364078192040324e-05, -2.0266244860067673e-07, 0.9999988675117493], "scale": [1.0, 1.0, 1.0], "complaints": []}