{"orientation": [-0.0008136865799315274, -7.51498228055425e-05, -5.490057333190634e-07, 0.9999997019767761], "scale": [1.0, 1.0, 1.0], "complaints": []}