{"orientation": [-0.6154558658599854, -0.34445932507514954, 0.6175649166107178, 0.3481029272079468], "scale": [1.0, 1.0, 1.0], "complaints": []}