{"orientation": [3.945051503251307e-05, 0.9996250867843628, -0.026915812864899635, -0.0050623114220798016], "scale": [1.0, 1.0, 1.0], "complaints": []}