{"orientation": [0.11593824625015259, 0.015655547380447388, 0.015858858823776245, 0.9930065274238586], "scale": [1.0, 1.0, 1.0], "complaints": []}