{"orientation": [-0.019062787294387817, 0.019756335765123367, 0.051949966698884964, 0.9982724189758301], "scale": [1.0, 1.0, 1.0], "complaints": []}