{"orientation": [-0.03525659069418907, 0.016507120802998543, -0.0010086602997034788, 0.9992415904998779], "scale": [1.0, 1.0, 1.0], "complaints": []}