{"orientation": [-0.015360013581812382, 0.019335338845849037, -0.038144078105688095, 0.998967170715332], "scale": [1.0, 1.0, 1.0], "complaints": []}