{"orientation": [-7.278231350937858e-10, 0.70710688829422, -1.3969838619232178e-09, 0.7071067094802856], "scale": [1.0, 1.0, 1.0], "complaints": []}