{"orientation": [0.04484134167432785, -0.033516086637973785, -0.08971456438302994, 0.9943929314613342], "scale": [1.0, 1.0, 1.0], "complaints": []}