{"orientation": [0.024407556280493736, 0.009887134656310081, 0.08804918080568314, 0.9957680106163025], "scale": [1.0, 1.0, 1.0], "complaints": []}