{"orientation": [0.0019022380001842976, 0.7036019563674927, 0.0019187850411981344, 0.7105892300605774], "scale": [1.0, 1.0, 1.0], "complaints": []}