{"orientation": [0.0002719642943702638, 0.011830012314021587, -5.6033022701740265e-06, 0.9999300837516785], "scale": [1.0, 1.0, 1.0], "complaints": []}