{"orientation": [7.244758307933807e-06, -6.4050509536173195e-06, 0.7071101665496826, 0.7071035504341125], "scale": [1.0, 1.0, 1.0], "complaints": []}