{"orientation": [3.860623110085726e-07, 9.190553100779653e-07, 0.7071067094802856, 0.7071069478988647], "scale": [1.0, 1.0, 1.0], "complaints": []}