{"orientation": [-0.002165258629247546, -0.004590013530105352, 9.933719411492348e-07, 0.9999871253967285], "scale": [1.0, 1.0, 1.0], "complaints": []}