{"orientation": [5.681067705154419e-06, 6.551475053129252e-06, 0.70710688829422, 0.7071067094802856], "scale": [1.0, 1.0, 1.0], "complaints": []}