{"orientation": [0.49927759170532227, 0.4998817443847656, 0.5005208253860474, 0.5003191232681274], "scale": [1.0, 1.0, 1.0], "complaints": []}