{"orientation": [-5.21540641784668e-08, 3.725290298461914e-09, 0.7071067094802856, 0.7071069478988647], "scale": [2.853116706110003, 2.853116706110003, 2.853116706110003], "complaints": []}