{"orientation": [-0.4991724491119385, 0.49612221121788025, -0.46406838297843933, 0.5378943681716919], "scale": [1.0, 1.0, 1.0], "complaints": []}