{"orientation": [-0.5093626379966736, -0.4797496497631073, 0.5234748125076294, 0.4861730635166168], "scale": [1.0, 1.0, 1.0], "complaints": []}