{"orientation": [0.00016817146388348192, -0.00026976276421919465, 4.721172899735393e-06, 1.0], "scale": [1.0, 1.0, 1.0], "complaints": []}