{"orientation": [0.0002534751547500491, -0.00037296811933629215, -0.00015810338663868606, 1.0], "scale": [1.0, 1.0, 1.0], "complaints": []}