{"orientation": [0.0008088400354608893, 4.144505146541633e-05, 7.541651143583294e-07, 0.9999997019767761], "scale": [1.0, 1.0, 1.0], "complaints": []}