{"orientation": [0.06170634552836418, 0.7046566009521484, -0.06155039370059967, 0.7041754126548767], "scale": [1.0, 1.0, 1.0], "complaints": []}