{"orientation": [-1.271505607292056e-05, -0.7071217894554138, 1.2582167983055115e-05, 0.7070919275283813], "scale": [1.0, 1.0, 1.0], "complaints": []}