{"orientation": [0.05497516319155693, -0.7049322128295898, -0.05584760382771492, 0.7049322128295898], "scale": [1.0, 1.0, 1.0], "complaints": []}