{"orientation": [0.003876134054735303, -0.70709627866745, -0.003896955633535981, 0.7070959806442261], "scale": [1.0, 1.0, 1.0], "complaints": []}