{"orientation": [0.23803004622459412, 0.29571133852005005, 0.374529629945755, 0.8459456562995911], "scale": [1.0, 1.0, 1.0], "complaints": []}