{"orientation": [-0.0799255445599556, 0.5299915671348572, -0.010247670114040375, 0.8441658020019531], "scale": [1.0, 1.0, 1.0], "complaints": []}