{"orientation": [0.22296713292598724, 0.3175365924835205, 0.39294809103012085, 0.8336954116821289], "scale": [1.0, 1.0, 1.0], "complaints": []}