{"orientation": [0.026703279465436935, -0.15902744233608246, -0.3829136788845062, 0.9096012711524963], "scale": [1.0, 1.0, 1.0], "complaints": []}