{"orientation": [0.29683491587638855, 0.06750261783599854, -0.36660635471343994, 0.8791657090187073], "scale": [1.0, 1.0, 1.0], "complaints": []}