{"orientation": [0.7071030735969543, 1.633167266845703e-05, -1.2153759598731995e-06, 0.7071106433868408], "scale": [1.0, 1.0, 1.0], "complaints": []}