{"orientation": [-0.70710688829422, 1.4901161193847656e-08, 2.809974830597639e-07, 0.7071067690849304], "scale": [1.0, 1.0, 1.0], "complaints": []}