{"orientation": [-0.013246297836303711, -0.0037942975759506226, 0.7064441442489624, 0.7076348662376404], "scale": [1.0, 1.0, 1.0], "complaints": []}