{"orientation": [0.03109930269420147, -0.06198916211724281, -0.6750555038452148, 0.7345000505447388], "scale": [1.0, 1.0, 1.0], "complaints": []}