{"orientation": [-0.00354882818646729, 0.0015753100160509348, 0.000857382663525641, 0.9999922513961792], "scale": [1.0, 1.0, 1.0], "complaints": []}