{"orientation": [-0.8142271041870117, -0.11849236488342285, 0.5649510025978088, 0.061839938163757324], "scale": [1.2100000000000002, 1.2100000000000002, 1.2100000000000002], "complaints": []}