{"orientation": [0.13112924993038177, -0.6948404908180237, -0.1149129718542099, 0.6977084875106812], "scale": [1.0, 1.0, 1.0], "complaints": []}