{"orientation": [-1.5173158317338675e-05, 1.83581723831594e-05, -1.7737028201736393e-07, 1.0000001192092896], "scale": [1.0, 1.0, 1.0], "complaints": []}