{"orientation": [0.0004704857710748911, 0.00012789707398042083, 0.0004308039497118443, 0.9999999403953552], "scale": [1.0, 1.0, 1.0], "complaints": []}