{"orientation": [-0.020997045561671257, 0.01532523799687624, -0.0026642153970897198, 0.9996586441993713], "scale": [1.0, 1.0, 1.0], "complaints": []}