{"orientation": [0.008719488978385925, 5.10818645125255e-05, 4.850133336731233e-05, 0.9999620914459229], "scale": [1.0, 1.0, 1.0], "complaints": []}