{"orientation": [3.725290298461914e-09, -4.3146428652107716e-09, -0.7071067094802856, 0.70710688829422], "scale": [1.0, 1.0, 1.0], "complaints": []}