{"orientation": [0.0007593618938699365, 0.0005980405258014798, 5.5790522310417145e-05, 0.9999996423721313], "scale": [1.0, 1.0, 1.0], "complaints": []}