{"orientation": [-0.02053794451057911, -0.0013948256382718682, -0.0011653965339064598, 0.9997875094413757], "scale": [1.0, 1.0, 1.0], "complaints": []}