{"orientation": [-9.166542440652847e-07, -4.491303116083145e-07, 6.213231245055795e-07, 1.0], "scale": [1.0, 1.0, 1.0], "complaints": []}