{"orientation": [-0.002637467347085476, 0.005212755408138037, 1.186042936751619e-05, 0.9999830722808838], "scale": [1.0, 1.0, 1.0], "complaints": []}