{"orientation": [-0.5000000596046448, -0.4999999403953552, 0.5000001788139343, 0.4999999701976776], "scale": [1.0, 1.0, 1.0], "complaints": []}