{"orientation": [3.0804665129835485e-07, -0.7071077227592468, 5.086908458906692e-07, 0.7071059346199036], "scale": [1.0, 1.0, 1.0], "complaints": []}