{"orientation": [-6.157127063488588e-05, -0.6894868612289429, 1.7606624169275165e-05, 0.7242982983589172], "scale": [1.0, 1.0, 1.0], "complaints": []}