{"orientation": [5.980993478260643e-12, -0.7071067094802856, -1.8189894035458565e-12, 0.70710688829422], "scale": [1.0, 1.0, 1.0], "complaints": []}