{"orientation": [-0.5000000596046448, -0.4999997019767761, 0.5000002980232239, 0.49999988079071045], "scale": [1.0, 1.0, 1.0], "complaints": []}