{"orientation": [0.5000001192092896, -0.5000004172325134, -0.4999997913837433, 0.4999997913837433], "scale": [1.0, 1.0, 1.0], "complaints": []}