{"orientation": [1.390603046047545e-07, -0.707106351852417, -8.051653566099048e-08, 0.7071073055267334], "scale": [1.0, 1.0, 1.0], "complaints": []}