{"orientation": [0.00011648664076346904, -0.7083205580711365, -8.325421367771924e-05, 0.705890953540802], "scale": [1.0, 1.0, 1.0], "complaints": []}