{"orientation": [-0.0004591811157297343, -0.7244460582733154, 0.0004486193647608161, 0.6893313527107239], "scale": [1.0, 1.0, 1.0], "complaints": []}