{"orientation": [-0.4963066875934601, -0.4963063895702362, 0.5036662220954895, 0.5036664605140686], "scale": [1.0, 1.0, 1.0], "complaints": []}