{"orientation": [0.5000421404838562, -0.49995145201683044, -0.5000486373901367, 0.49995777010917664], "scale": [1.0, 1.0, 1.0], "complaints": []}