{"orientation": [-6.566631327586947e-07, -0.7071062326431274, 5.919864634051919e-07, 0.707107424736023], "scale": [1.0, 1.0, 1.0], "complaints": []}