{"orientation": [-0.5038421154022217, -0.4982469975948334, 0.5019147396087646, 0.49595823884010315], "scale": [1.0, 1.0, 1.0], "complaints": []}