{"orientation": [-5.592391261188823e-08, -0.7071071267127991, 3.2337993616238236e-08, 0.7071065306663513], "scale": [1.0, 1.0, 1.0], "complaints": []}