{"orientation": [-0.0064857229590415955, 0.009663979522883892, -0.7049198746681213, 0.7091916799545288], "scale": [1.0, 1.0, 1.0], "complaints": []}