{"orientation": [-0.013645223341882229, 0.006556693464517593, 0.7070424556732178, 0.7070090770721436], "scale": [1.0, 1.0, 1.0], "complaints": []}