{"orientation": [-5.764421075582504e-05, 6.229423161130399e-05, 0.7071069478988647, 0.7071068286895752], "scale": [1.0, 1.0, 1.0], "complaints": []}