{"orientation": [3.317982191219926e-07, 0.70710688829422, -3.157183527946472e-07, 0.7071067690849304], "scale": [1.0, 1.0, 1.0], "complaints": []}