{"orientation": [-4.428147803992033e-08, -0.7071067094802856, -7.450580596923828e-09, 0.7071069478988647], "scale": [1.0, 1.0, 1.0], "complaints": []}