{"orientation": [-0.013748513534665108, -0.015494253486394882, 0.01925193890929222, 0.9996000528335571], "scale": [1.0, 1.0, 1.0], "complaints": []}