{"orientation": [-0.0004478392074815929, -0.0009227556292898953, 2.8854456104454584e-06, 0.999999463558197], "scale": [1.0, 1.0, 1.0], "complaints": []}