{"orientation": [-0.0018978622974827886, 0.0029417690820991993, -4.607827577274293e-06, 0.9999939799308777], "scale": [1.0, 1.0, 1.0], "complaints": []}