{"orientation": [4.3655745685100555e-11, -4.39612790614774e-11, 0.7071067094802856, 0.70710688829422], "scale": [1.0, 1.0, 1.0], "complaints": []}