{"orientation": [-5.820766091346741e-10, 2.433807821944356e-09, 0.7071067094802856, 0.70710688829422], "scale": [1.0, 1.0, 1.0], "complaints": []}