{"orientation": [0.0, -8.941469786805101e-11, 1.0000001192092896, 0.0], "scale": [1.0, 1.0, 1.0], "complaints": []}