{"orientation": [-0.19707341492176056, -0.11763878911733627, -0.5817817449569702, 0.7802907228469849], "scale": [1.0, 1.0, 1.0], "complaints": []}