{"orientation": [0.16486671566963196, 0.03291577845811844, -0.12142068892717361, 0.9782600998878479], "scale": [1.0, 1.0, 1.0], "complaints": []}