{"orientation": [-0.006485961843281984, -0.005738397128880024, -0.2675870358943939, 0.9634949564933777], "scale": [1.0, 1.0, 1.0], "complaints": []}