{"orientation": [0.03875220939517021, 0.006968773901462555, 0.00029398524202406406, 0.9992245435714722], "scale": [1.0, 1.0, 1.0], "complaints": []}