{"orientation": [0.2156166434288025, -0.20333483815193176, -0.030111033469438553, 0.9545983076095581], "scale": [1.0, 1.0, 1.0], "complaints": []}