{"orientation": [-0.0007199712563306093, 0.022033587098121643, 0.00037364521995186806, 0.9997570514678955], "scale": [1.0, 1.0, 1.0], "complaints": []}