{"orientation": [-2.6702764444053173e-09, -2.811430022120476e-07, -2.148444764316082e-07, 1.0000001192092896], "scale": [1.0, 1.0, 1.0], "complaints": []}