{"orientation": [-0.00978562980890274, -0.003919210284948349, 0.0008335502352565527, 0.9999441504478455], "scale": [1.0, 1.0, 1.0], "complaints": []}