{"orientation": [-7.474887979697087e-07, -0.7080664038658142, -7.506932888645679e-07, 0.7061459422111511], "scale": [1.0, 1.0, 1.0], "complaints": []}