{"orientation": [7.688072400924284e-12, -0.7071067094802856, 2.1827872842550278e-11, 0.70710688829422], "scale": [1.0, 1.0, 1.0], "complaints": []}