{"orientation": [1.3642420526593924e-12, -0.7071067094802856, 0.0, 0.70710688829422], "scale": [1.0, 1.0, 1.0], "complaints": []}