{"orientation": [2.418154565475561e-11, 0.7071067690849304, 8.731149137020111e-11, 0.7071069478988647], "scale": [1.0, 1.0, 1.0], "complaints": []}