{"orientation": [3.2720492981752614e-12, 5.4569682106375694e-12, 0.2164396196603775, 0.9762960076332092], "scale": [1.0, 1.0, 1.0], "complaints": []}