{"orientation": [1.3633538742396922e-12, -0.7071067690849304, -1.3642420526593924e-12, 0.7071069478988647], "scale": [1.0, 1.0, 1.0], "complaints": []}