{"orientation": [5.471179065352771e-13, -0.7071067094802856, 0.0, 0.70710688829422], "scale": [1.0, 1.0, 1.0], "complaints": []}