{"orientation": [-1.1478817896204419e-11, 4.547473508864641e-13, 0.16504760086536407, 0.9862856268882751], "scale": [1.0, 1.0, 1.0], "complaints": []}