{"orientation": [-0.7071065306663513, -0.7071071267127991, 4.9549587544106544e-08, 2.6211948167542687e-08], "scale": [1.0, 1.0, 1.0], "complaints": []}