{"orientation": [-3.7888722204115766e-07, -0.7071067690849304, 3.561617631930858e-07, 0.70710688829422], "scale": [1.0, 1.0, 1.0], "complaints": []}