{"orientation": [0.0, 2.1316282072803006e-14, 0.5877852439880371, 0.80901700258255], "scale": [1.0, 1.0, 1.0], "complaints": []}