{"orientation": [-2.390120812378882e-07, -0.7070596218109131, -1.687949406914413e-07, 0.7071540355682373], "scale": [1.0, 1.0, 1.0], "complaints": []}