{"orientation": [-1.3931056308535972e-09, 8.731149137020111e-11, 0.08715575188398361, 0.9961948394775391], "scale": [1.0, 1.0, 1.0], "complaints": []}