{"orientation": [0.00036120216827839613, -0.6548877358436584, 0.00041817687451839447, 0.7557260394096375], "scale": [1.0, 1.0, 1.0], "complaints": []}