{"orientation": [-0.7262070775032043, 4.7359862946905196e-05, 0.6874760985374451, 4.4863227230962366e-05], "scale": [1.0, 1.0, 1.0], "complaints": []}