{"orientation": [-1.0611832124141074e-07, -0.7069736123085022, -1.3306670609836146e-07, 0.7072399854660034], "scale": [1.0, 1.0, 1.0], "complaints": []}