{"orientation": [0.6616162657737732, -2.0994804799556732e-05, 0.7498425841331482, 2.5003413611557335e-05], "scale": [1.0, 1.0, 1.0], "complaints": []}