{"orientation": [1.2927151260555547e-07, -0.7071068286895752, 1.5230808969590726e-07, 0.7071068286895752], "scale": [1.0, 1.0, 1.0], "complaints": []}