{"orientation": [-1.626949483579665e-06, -0.7071043848991394, 1.9489077658363385e-06, 0.707109272480011], "scale": [1.0, 1.0, 1.0], "complaints": []}