{"orientation": [0.5001010894775391, -0.4998990595340729, -0.5001004338264465, 0.4998994469642639], "scale": [1.0, 1.0, 1.0], "complaints": []}