{"orientation": [9.6519042758203e-12, -0.7071068286895752, -1.0913936421275139e-11, 0.7071068286895752], "scale": [1.0, 1.0, 1.0], "complaints": []}