{"orientation": [5.044983542035197e-09, -0.7071069478988647, -2.8870999813079834e-08, 0.7071067094802856], "scale": [1.0, 1.0, 1.0], "complaints": []}