{"orientation": [-5.053935296928103e-07, 0.7071067690849304, -1.9635817238849995e-07, 0.70710688829422], "scale": [1.0, 1.0, 1.0], "complaints": []}