{"orientation": [-0.9998478293418884, 0.017452407628297806, -2.1094237467877974e-15, -2.6645352591003757e-15], "scale": [1.0, 1.0, 1.0], "complaints": []}