{"orientation": [-2.5680310500320047e-07, 7.758009132885491e-07, 0.6560590863227844, 0.7547096014022827], "scale": [1.0, 1.0, 1.0], "complaints": []}