{"orientation": [0.015294716693460941, -0.7068979740142822, -0.015232116915285587, 0.7069861888885498], "scale": [1.0, 1.0, 1.0], "complaints": []}