{"orientation": [2.372662493144162e-07, -0.7071070075035095, 2.1600682487132872e-07, 0.7071066498756409], "scale": [1.0, 1.0, 1.0], "complaints": []}