{"orientation": [-1.0000001192092896, -2.3469328880310059e-07, -1.4195833841768035e-07, 6.157895313663175e-07], "scale": [1.0, 1.0, 1.0], "complaints": []}