{"orientation": [-1.028575802308751e-08, 5.867289232242001e-08, 0.7071067690849304, 0.70710688829422], "scale": [1.0, 1.0, 1.0], "complaints": []}