{"orientation": [-2.638722573777841e-13, -0.7071068286895752, 3.637978807091713e-12, 0.7071068286895752], "scale": [1.0, 1.0, 1.0], "complaints": []}