{"orientation": [2.4249726493508206e-07, -0.7071074843406677, -3.355671651661396e-08, 0.7071062922477722], "scale": [1.0, 1.0, 1.0], "complaints": []}