{"orientation": [-9.571181180945132e-09, 4.369627504274831e-08, 1.0000001192092896, 1.7136335372924805e-07], "scale": [1.0, 1.0, 1.0], "complaints": []}