{"orientation": [2.5942581416416033e-12, -0.7071068286895752, -1.8189894035458565e-12, 0.7071068286895752], "scale": [1.0, 1.0, 1.0], "complaints": []}