{"orientation": [-9.458744898438454e-11, -5.820766091346741e-11, 0.15643449127674103, 0.987688422203064], "scale": [1.0, 1.0, 1.0], "complaints": []}