{"orientation": [2.4800470566077593e-09, -0.7071070075035095, -2.5029294192790985e-09, 0.7071065306663513], "scale": [1.0, 1.0, 1.0], "complaints": []}