{"orientation": [-0.0020403992384672165, 0.7071032524108887, -0.002035885350778699, 0.707104504108429], "scale": [1.0, 1.0, 1.0], "complaints": []}