{"orientation": [2.979928979129909e-07, -0.7071071267127991, 9.455619931486581e-08, 0.7071065306663513], "scale": [1.0, 1.0, 1.0], "complaints": []}