{"orientation": [-0.5338032841682434, -0.4655883014202118, -0.5171487331390381, 0.4804569184780121], "scale": [1.0, 1.0, 1.0], "complaints": []}