{"orientation": [-2.250046463814215e-06, -0.7086189985275269, -2.76966966339387e-06, 0.7055913805961609], "scale": [1.0, 1.0, 1.0], "complaints": []}