{"orientation": [-1.5407594844418782e-07, -0.70710688829422, -2.8378670435813547e-07, 0.7071067690849304], "scale": [1.0, 1.0, 1.0], "complaints": []}