{"orientation": [3.0078166446401156e-07, -0.7070881128311157, 2.3022857931209728e-07, 0.7071255445480347], "scale": [1.0, 1.0, 1.0], "complaints": []}