{"orientation": [1.3166863936930895e-06, -2.0212844731304358e-07, -0.9998478293418884, 0.017452318221330643], "scale": [1.0, 1.0, 1.0], "complaints": []}