{"orientation": [-3.4106224788832407e-13, -0.7071068286895752, 0.0, 0.7071068286895752], "scale": [1.0, 1.0, 1.0], "complaints": []}