{"orientation": [-2.992871506179995e-10, -0.7071068286895752, 3.4924596548080444e-10, 0.7071068286895752], "scale": [1.0, 1.0, 1.0], "complaints": []}