{"orientation": [1.0620837542774098e-11, -0.7071067690849304, -1.0913936421275139e-11, 0.7071067690849304], "scale": [1.0, 1.0, 1.0], "complaints": []}