{"orientation": [0.0, 0.0, 0.9986295700073242, 0.0523359589278698], "scale": [1.0, 1.0, 1.0], "complaints": []}