{"orientation": [0.00010398954327683896, -0.699957013130188, 0.00010585042036836967, 0.7141851186752319], "scale": [1.0, 1.0, 1.0], "complaints": []}