{"orientation": [-5.318620543981467e-12, -0.7071068286895752, 1.8189894035458565e-12, 0.7071068286895752], "scale": [1.0, 1.0, 1.0], "complaints": []}