{"orientation": [-2.3104975355181523e-07, -0.7071069478988647, -3.2120624382514507e-07, 0.7071067094802856], "scale": [1.0, 1.0, 1.0], "complaints": []}