{"orientation": [-2.338285412406549e-05, -0.7011458873748779, -2.3782631615176797e-05, 0.7130178213119507], "scale": [1.0, 1.0, 1.0], "complaints": []}