{"orientation": [-1.0, 6.239861249923706e-08, 2.9176518978601962e-08, -4.161821109960329e-09], "scale": [1.0, 1.0, 1.0], "complaints": []}