{"orientation": [0.00017582063446752727, -0.0006350807379931211, 0.7071005702018738, 0.707112729549408], "scale": [1.0, 1.0, 1.0], "complaints": []}