{"orientation": [2.0743553363899991e-07, -0.7070534825325012, 1.180014805868268e-07, 0.7071601748466492], "scale": [1.0, 1.0, 1.0], "complaints": []}