{"orientation": [-0.5, -0.5000001192092896, 0.5, 0.4999999403953552], "scale": [1.0, 1.0, 1.0], "complaints": []}