{"orientation": [0.0, -6.821210263296962e-13, 0.6819984316825867, 0.731353759765625], "scale": [1.0, 1.0, 1.0], "complaints": []}