{"orientation": [8.229358172684442e-08, -5.138307415109011e-07, 0.6560585498809814, 0.7547100782394409], "scale": [1.0, 1.0, 1.0], "complaints": []}