{"orientation": [4.8647314542904496e-05, -0.7070798277854919, -1.6696809325367212e-05, 0.7071337103843689], "scale": [1.0, 1.0, 1.0], "complaints": []}