{"orientation": [-1.098296979762381e-05, -0.7070915102958679, 3.2741809263825417e-06, 0.7071220278739929], "scale": [1.0, 1.0, 1.0], "complaints": []}