{"orientation": [2.282595232827589e-07, -0.7071069478988647, 2.4081191440927796e-07, 0.7071067094802856], "scale": [1.0, 1.0, 1.0], "complaints": []}