{"orientation": [-1.5289795385342586e-07, -0.7071080803871155, -3.016008065515052e-08, 0.7071055769920349], "scale": [1.0, 1.0, 1.0], "complaints": []}