{"orientation": [-0.0117793595418334, -0.6780040860176086, -0.012767094187438488, 0.7348529696464539], "scale": [1.0, 1.0, 1.0], "complaints": []}