{"orientation": [-8.559248271922115e-06, -0.7071067690849304, -8.590703146182932e-06, 0.7071068286895752], "scale": [1.0, 1.0, 1.0], "complaints": []}