{"orientation": [4.547473508864641e-12, 8.810729923425242e-13, 0.6427876949310303, 0.7660444378852844], "scale": [1.0, 1.0, 1.0], "complaints": []}