{"orientation": [6.819144346081885e-06, 0.7066967487335205, 6.815835149609484e-06, -0.7075167298316956], "scale": [1.0, 1.0, 1.0], "complaints": []}