{"orientation": [-1.5137844457058236e-05, -0.7071356177330017, 6.822592695243657e-06, 0.7070779204368591], "scale": [1.0, 1.0, 1.0], "complaints": []}