{"orientation": [1.7487859338416456e-07, -0.7071070075035095, 2.3653464609196817e-07, 0.7071066498756409], "scale": [1.0, 1.0, 1.0], "complaints": []}