{"orientation": [2.6770003387355246e-05, -0.7080663442611694, -2.836783642123919e-05, 0.7061460018157959], "scale": [1.0, 1.0, 1.0], "complaints": []}