{"orientation": [1.0670894723396884e-11, -0.7071068286895752, -3.637978807091713e-12, 0.7071068286895752], "scale": [1.0, 1.0, 1.0], "complaints": []}