{"orientation": [-1.9831525310820552e-11, -0.7071068286895752, 0.0, 0.7071068286895752], "scale": [1.0, 1.0, 1.0], "complaints": []}