{"orientation": [-2.1083845069824747e-07, -0.7071069478988647, 2.4574626422690926e-07, 0.7071067094802856], "scale": [1.0, 1.0, 1.0], "complaints": []}