{"orientation": [-3.271338755439501e-10, -0.7071068286895752, 1.7462298274040222e-10, 0.7071068286895752], "scale": [1.0, 1.0, 1.0], "complaints": []}