{"orientation": [9.317324689561701e-12, -0.7071068286895752, -4.3655745685100555e-11, 0.7071068286895752], "scale": [1.0, 1.0, 1.0], "complaints": []}