{"orientation": [0.0, 0.0, 0.7771459817886353, 0.6293203830718994], "scale": [1.0, 1.0, 1.0], "complaints": []}