{"orientation": [6.414353492800728e-10, -0.7071067690849304, 1.3969838619232178e-09, 0.7071069478988647], "scale": [1.0, 1.0, 1.0], "complaints": []}