{"orientation": [-0.501237690448761, -0.5012344717979431, 0.4987594485282898, 0.498762309551239], "scale": [1.0, 1.0, 1.0], "complaints": []}