{"orientation": [1.97209729435599e-07, -0.7071068286895752, 1.7245838535018265e-07, 0.7071068286895752], "scale": [1.0, 1.0, 1.0], "complaints": []}