{"orientation": [-4.263256414560601e-14, -1.0408340855860843e-17, 0.7071068286895752, 0.7071068286895752], "scale": [1.0, 1.0, 1.0], "complaints": []}