{"orientation": [2.2646608980464444e-12, -0.7071068286895752, 3.126388037344441e-13, 0.7071068286895752], "scale": [1.0, 1.0, 1.0], "complaints": []}