{"orientation": [-3.40349970429088e-11, -0.70710688829422, 7.275957614183426e-12, 0.7071067094802856], "scale": [1.0, 1.0, 1.0], "complaints": []}