{"orientation": [2.1220166956936737e-07, -0.7071069478988647, 1.5866680769249797e-07, 0.7071067094802856], "scale": [1.0, 1.0, 1.0], "complaints": []}