{"orientation": [0.00031856936402618885, -0.6282959580421448, 0.00039377622306346893, 0.7779743671417236], "scale": [1.0, 1.0, 1.0], "complaints": []}