{"orientation": [3.259629011154175e-09, -1.700129814707907e-09, 0.70710688829422, 0.7071067094802856], "scale": [1.0, 1.0, 1.0], "complaints": []}