{"orientation": [-1.9306871479329857e-07, -0.70710688829422, -1.7416084574506385e-07, 0.7071067690849304], "scale": [1.0, 1.0, 1.0], "complaints": []}