{"orientation": [-3.3878677641041577e-10, -0.70710688829422, -1.6298145055770874e-09, 0.70710688829422], "scale": [1.0, 1.0, 1.0], "complaints": []}