{"orientation": [-6.149370165076107e-06, -0.7082453966140747, 3.428753188927658e-06, 0.7059663534164429], "scale": [1.0, 1.0, 1.0], "complaints": []}