{"orientation": [-6.661338147750939e-15, 4.440892098500626e-16, -0.7431448698043823, 0.6691306829452515], "scale": [1.0, 1.0, 1.0], "complaints": []}