{"orientation": [8.265715223387815e-09, -1.4341613052692992e-07, -1.0, 1.4854595065116882e-07], "scale": [1.0, 1.0, 1.0], "complaints": []}