{"orientation": [0.002480392111465335, -0.003665909171104431, -0.7070298194885254, 0.7071700096130371], "scale": [1.0, 1.0, 1.0], "complaints": []}