{"orientation": [0.7167991399765015, 0.006332645658403635, -0.697223961353302, 0.006159699987620115], "scale": [1.0, 1.0, 1.0], "complaints": []}