{"orientation": [2.2311930081286846e-11, -0.7071067690849304, -4.3655745685100555e-11, 0.7071067690849304], "scale": [1.0, 1.0, 1.0], "complaints": []}