{"orientation": [-2.1827872842550278e-11, 1.3583889568735685e-10, 0.9975641369819641, 0.06975646317005157], "scale": [1.0, 1.0, 1.0], "complaints": []}