{"orientation": [-0.00017344998195767403, -0.00027653100551106036, 0.7071065306663513, 0.7071071267127991], "scale": [1.0, 1.0, 1.0], "complaints": []}