{"orientation": [-3.617511538323015e-06, -0.0006229556165635586, 1.2651095460114448e-07, 0.9999998807907104], "scale": [1.0, 1.0, 1.0], "complaints": []}