{"orientation": [0.001326962374150753, 7.121776889107423e-06, -3.859792286675656e-06, 0.9999991655349731], "scale": [1.0, 1.0, 1.0], "complaints": []}