{"orientation": [1.1584037565626204e-05, -1.149378476839047e-05, -0.707105278968811, 0.7071084380149841], "scale": [1.0, 1.0, 1.0], "complaints": []}