{"orientation": [2.9763479687971994e-05, -0.00019562742090784013, 4.295547114452347e-06, 1.0], "scale": [1.0, 1.0, 1.0], "complaints": []}