{"orientation": [-0.00044675898971036077, -0.0001320795126957819, -1.7086329080484575e-06, 0.9999999403953552], "scale": [1.0, 1.0, 1.0], "complaints": []}