{"orientation": [0.46684351563453674, 0.006086557172238827, 0.3461863398551941, 0.8137413859367371], "scale": [1.0, 1.0, 1.0], "complaints": []}