{"orientation": [0.12442028522491455, -0.0037518455646932125, 0.016844388097524643, 0.9920796155929565], "scale": [1.0, 1.0, 1.0], "complaints": []}