{"orientation": [0.0350489467382431, -0.011501122266054153, 0.8781954646110535, 0.4768775701522827], "scale": [1.0, 1.0, 1.0], "complaints": []}