{"orientation": [0.00322822411544621, 0.01326748076826334, 6.860533176222816e-05, 0.9999067783355713], "scale": [1.0, 1.0, 1.0], "complaints": []}