{"orientation": [1.9595536571159755e-07, 2.8336538449025284e-08, 4.76837158203125e-07, 1.0], "scale": [1.0, 1.0, 1.0], "complaints": []}