{"orientation": [-0.38705214858055115, 0.5887633562088013, -0.3899476230144501, 0.5928654074668884], "scale": [1.0, 1.0, 1.0], "complaints": []}