{"orientation": [-4.082295345142484e-05, -2.326839603483677e-05, -1.3857497833669186e-06, 1.0000001192092896], "scale": [1.0, 1.0, 1.0], "complaints": []}