{"orientation": [6.310752098670491e-08, 8.935775497320719e-08, 7.152556804612686e-07, 1.0000001192092896], "scale": [1.0, 1.0, 1.0], "complaints": []}