{"orientation": [5.632638931274414e-06, 6.059883162379265e-06, -5.674501153407618e-06, 1.0000001192092896], "scale": [1.0, 1.0, 1.0], "complaints": []}