{"orientation": [0.006445133592933416, 0.0011370806023478508, 3.734171059477376e-06, 0.9999787211418152], "scale": [1.0, 1.0, 1.0], "complaints": []}