{"orientation": [-2.4476321414113045e-07, 2.0826701074838638e-07, -1.6250487533397973e-07, 1.0000001192092896], "scale": [1.0, 1.0, 1.0], "complaints": []}