{"orientation": [-1.4937249943614006e-06, 5.7851295423461124e-05, 1.203941053518065e-07, 1.0000001192092896], "scale": [1.0, 1.0, 1.0], "complaints": []}