{"orientation": [-7.283033482963219e-07, -6.201162250363268e-08, -6.6859961407317314e-06, 1.0], "scale": [1.0, 1.0, 1.0], "complaints": []}