{"orientation": [-0.49475038051605225, -0.47147807478904724, -0.5043294429779053, 0.527809202671051], "scale": [1.0, 1.0, 1.0], "complaints": []}