{"orientation": [-0.41214901208877563, -0.5481840968132019, -0.5859017968177795, 0.43167877197265625], "scale": [1.0, 1.0, 1.0], "complaints": []}