{"orientation": [-3.4924596548080444e-10, 3.259629011154175e-09, -4.3655745685100555e-11, 1.0], "scale": [1.0, 1.0, 1.0], "complaints": []}