{"orientation": [-1.1641532182693481e-10, -2.3283064365386963e-10, -1.8189894035458565e-12, 1.0000001192092896], "scale": [1.0, 1.0, 1.0], "complaints": []}