{"orientation": [-0.22580920159816742, -0.49730372428894043, -0.7598110437393188, 0.3526846170425415], "scale": [1.0, 1.0, 1.0], "complaints": []}