{"orientation": [-0.34654247760772705, 0.4069287180900574, 0.6171679496765137, 0.5774263739585876], "scale": [1.0, 1.0, 1.0], "complaints": []}