{"orientation": [-0.46991637349128723, -0.30082327127456665, -0.3768051564693451, 0.7393929958343506], "scale": [1.0, 1.0, 1.0], "complaints": []}