{"orientation": [-0.00227872165851295, 0.007500319741666317, 0.0001253755035577342, 0.9999693632125854], "scale": [1.0, 1.0, 1.0], "complaints": []}