{"orientation": [6.8937673347591044e-09, 1.7481336556102178e-07, 0.7071069478988647, 0.7071067094802856], "scale": [1.0, 1.0, 1.0], "complaints": []}