{"orientation": [-2.9103830456733704e-11, 7.275957614183426e-11, -0.7071068286895752, 0.70710688829422], "scale": [1.0, 1.0, 1.0], "complaints": []}