{"orientation": [0.0002692595589905977, 0.01184045523405075, -6.676185876131058e-06, 0.9999299049377441], "scale": [1.0, 1.0, 1.0], "complaints": []}