{"orientation": [0.0, -7.916241884231567e-09, 0.7071073055267334, 0.7071064114570618], "scale": [3.4522712143931047, 3.4522712143931047, 3.4522712143931047], "complaints": []}