{"orientation": [3.2605672117824724e-07, -6.126735030420605e-08, 9.805633638393374e-09, 1.0], "scale": [1.0, 1.0, 1.0], "complaints": []}