{"orientation": [8.578354027122259e-09, -0.7071068286895752, -5.587935447692871e-09, 0.7071068286895752], "scale": [1.0, 1.0, 1.0], "complaints": []}