{"orientation": [0.0, 3.781508439715253e-10, -0.7071068286895752, 0.7071068286895752], "scale": [1.0, 1.0, 1.0], "complaints": []}