{"orientation": [6.72482902697169e-14, -0.7071067690849304, 1.3642420526593924e-12, 0.7071067690849304], "scale": [1.0, 1.0, 1.0], "complaints": []}