{"orientation": [8.149072527885437e-10, -7.451308192685246e-08, 2.0372681319713593e-10, 1.0], "scale": [1.0, 1.0, 1.0], "complaints": []}