{"orientation": [1.5347723092418164e-11, -3.298694650766265e-12, 0.7071068286895752, 0.7071068286895752], "scale": [1.0, 1.0, 1.0], "complaints": []}