{"orientation": [0.0002731874701566994, 0.011787927709519863, -6.589805707335472e-06, 0.9999306201934814], "scale": [1.0, 1.0, 1.0], "complaints": []}