{"orientation": [-6.035783007973805e-05, 0.04356423020362854, 0.001727093942463398, 0.999049186706543], "scale": [1.0, 1.0, 1.0], "complaints": []}