{"orientation": [9.313225746154785e-10, -4.563480615615845e-08, 0.7071068286895752, 0.7071068286895752], "scale": [1.0, 1.0, 1.0], "complaints": []}