{"orientation": [2.735760062932968e-08, 2.08965502679348e-08, 0.70710688829422, 0.7071068286895752], "scale": [1.0, 1.0, 1.0], "complaints": []}