{"orientation": [5.494803190231323e-08, 2.0721927285194397e-08, 0.7071067690849304, 0.7071069478988647], "scale": [1.0, 1.0, 1.0], "complaints": []}