{"orientation": [-2.561137080192566e-09, 9.66247171163559e-09, 0.7071070075035095, 0.7071066498756409], "scale": [1.0, 1.0, 1.0], "complaints": []}