{"orientation": [-1.1408701539039612e-08, 9.092036634683609e-08, 0.7071068286895752, 0.7071067094802856], "scale": [1.0, 1.0, 1.0], "complaints": []}