{"orientation": [-1.3154931366443634e-08, 1.83936208486557e-08, 0.7071068286895752, 0.7071068286895752], "scale": [1.0, 1.0, 1.0], "complaints": []}