{"orientation": [4.062894731760025e-08, 6.402842700481415e-10, 0.7071068286895752, 0.7071068286895752], "scale": [1.0, 1.0, 1.0], "complaints": []}