{"orientation": [-2.7939677238464355e-09, -2.3981556296348572e-08, 0.7071069478988647, 0.7071067690849304], "scale": [1.0, 1.0, 1.0], "complaints": []}