{"orientation": [-1.4260876923799515e-08, 6.446498446166515e-09, 0.70710688829422, 0.70710688829422], "scale": [1.0, 1.0, 1.0], "complaints": []}