{"orientation": [3.383320290595293e-08, 2.3981556296348572e-08, 0.7071068286895752, 0.7071068286895752], "scale": [1.0, 1.0, 1.0], "complaints": []}