{"orientation": [-5.122274160385132e-09, -3.597233444452286e-08, 0.7071067690849304, 0.7071068286895752], "scale": [1.0, 1.0, 1.0], "complaints": []}