{"orientation": [-2.7008354663848877e-08, -7.206108421087265e-08, 0.7071067690849304, 0.7071069478988647], "scale": [1.0, 1.0, 1.0], "complaints": []}