{"orientation": [-8.381903171539307e-09, -8.149072527885437e-09, 0.19080904126167297, 0.9816272258758545], "scale": [1.0, 1.0, 1.0], "complaints": []}