{"orientation": [3.725290298461914e-09, -2.3283064365386963e-09, 0.70710688829422, 0.7071068286895752], "scale": [1.0, 1.0, 1.0], "complaints": []}