{"orientation": [-2.3283064365386963e-09, 3.6670826375484467e-09, 0.7071067690849304, 0.7071067690849304], "scale": [1.0, 1.0, 1.0], "complaints": []}