{"orientation": [-3.4458935260772705e-08, -1.57160684466362e-09, 0.7071067690849304, 0.7071067690849304], "scale": [1.0, 1.0, 1.0], "complaints": []}