{"orientation": [2.7939677238464355e-09, -2.3283064365386963e-09, 0.7071067690849304, 0.7071069478988647], "scale": [1.0, 1.0, 1.0], "complaints": []}