{"orientation": [-2.3283064365386963e-09, -1.57160684466362e-08, 0.052335962653160095, 0.9986295700073242], "scale": [1.0, 1.0, 1.0], "complaints": []}