{"orientation": [0.46846717596054077, 0.45863428711891174, 0.5284509062767029, 0.5393818020820618], "scale": [1.0, 1.0, 1.0], "complaints": []}