{"orientation": [2.7008354663848877e-08, -1.7695128917694092e-08, 0.7071065902709961, 0.7071069478988647], "scale": [1.0, 1.0, 1.0], "complaints": []}