{"orientation": [7.8580342233181e-10, -4.202593117952347e-08, 0.7071067094802856, 0.70710688829422], "scale": [1.0, 1.0, 1.0], "complaints": []}