{"orientation": [0.0, 3.4924596548080444e-10, -1.0000001192092896, -4.656612873077393e-10], "scale": [1.0, 1.0, 1.0], "complaints": []}