{"orientation": [-1.7462298274040222e-09, 2.537854015827179e-08, 0.7071068286895752, 0.7071068286895752], "scale": [1.0, 1.0, 1.0], "complaints": []}