{"orientation": [1.2383679859340191e-08, 1.1408701539039612e-08, 0.7071070075035095, 0.7071067094802856], "scale": [1.0, 1.0, 1.0], "complaints": []}