{"orientation": [-5.587935447692871e-09, 7.450580596923828e-09, 0.7071067690849304, 0.7071067690849304], "scale": [1.0, 1.0, 1.0], "complaints": []}