{"orientation": [6.461050361394882e-09, 3.9726728573441505e-08, 0.7071068286895752, 0.7071068286895752], "scale": [1.0, 1.0, 1.0], "complaints": []}