{"orientation": [2.7706846594810486e-08, 1.594889909029007e-08, 0.7071067094802856, 0.70710688829422], "scale": [1.0, 1.0, 1.0], "complaints": []}