{"orientation": [1.1175870895385742e-08, -7.450580596923828e-09, 0.7071069478988647, 0.7071067094802856], "scale": [1.0, 1.0, 1.0], "complaints": []}