{"orientation": [-4.889443516731262e-09, 2.4738255888223648e-08, 0.70710688829422, 0.7071067094802856], "scale": [1.0, 1.0, 1.0], "complaints": []}