{"orientation": [3.888271749019623e-08, -6.868503987789154e-09, 0.7071067690849304, 0.70710688829422], "scale": [1.0, 1.0, 1.0], "complaints": []}