{"orientation": [-1.641456037759781e-08, 9.313225746154785e-09, 0.70710688829422, 0.7071067094802856], "scale": [1.0, 1.0, 1.0], "complaints": []}