{"orientation": [-4.511093720793724e-09, -3.14321368932724e-08, 0.7071067094802856, 0.70710688829422], "scale": [1.0, 1.0, 1.0], "complaints": []}