{"orientation": [-1.3504177331924438e-08, -2.0954757928848267e-08, 0.7071067094802856, 0.7071070671081543], "scale": [1.0, 1.0, 1.0], "complaints": []}