{"orientation": [4.7497451305389404e-08, 9.313225746154785e-09, 0.70710688829422, 0.7071068286895752], "scale": [1.0, 1.0, 1.0], "complaints": []}