{"orientation": [3.725290298461914e-09, -1.5832483768463135e-08, 0.7071069478988647, 0.7071067690849304], "scale": [1.0, 1.0, 1.0], "complaints": []}