{"orientation": [-9.42964106798172e-09, -2.3283064365386963e-10, 0.7071065902709961, 0.7071069478988647], "scale": [1.0, 1.0, 1.0], "complaints": []}