{"orientation": [-9.313225746154785e-10, -5.180481821298599e-09, 0.70710688829422, 0.7071067690849304], "scale": [1.0, 1.0, 1.0], "complaints": []}