{"orientation": [0.0018041268922388554, -0.0004225216107442975, 0.032438285648822784, 0.9994721412658691], "scale": [1.0, 1.0, 1.0], "complaints": []}