{"orientation": [-3.731111064553261e-08, -1.885928213596344e-08, 0.70710688829422, 0.7071067094802856], "scale": [1.0, 1.0, 1.0], "complaints": []}