{"orientation": [-2.9802322387695312e-08, -2.7939677238464355e-08, 0.7071068286895752, 0.7071068286895752], "scale": [1.0, 1.0, 1.0], "complaints": []}