{"orientation": [5.21540641784668e-08, 1.30385160446167e-08, 0.70710688829422, 0.70710688829422], "scale": [1.0, 1.0, 1.0], "complaints": []}