{"orientation": [4.330649971961975e-08, 4.656612873077393e-10, 0.7071067690849304, 0.7071067690849304], "scale": [1.0, 1.0, 1.0], "complaints": []}