{"orientation": [0.07441657036542892, 0.0012437254190444946, -0.005175311584025621, 0.9972130060195923], "scale": [1.0, 1.0, 1.0], "complaints": []}