{"orientation": [-3.079185262322426e-08, 1.1175870895385742e-08, -6.658956408500671e-08, 1.0000001192092896], "scale": [1.0, 1.0, 1.0], "complaints": []}