{"orientation": [0.13062745332717896, 0.0282377228140831, -0.29863765835762024, 0.9449628591537476], "scale": [1.0, 1.0, 1.0], "complaints": []}