{"orientation": [-1.343415334531528e-07, 1.0, 3.106626172666438e-05, 7.347141036007088e-06], "scale": [1.0, 1.0, 1.0], "complaints": []}