{"orientation": [1.0579242371022701e-08, 1.0, -4.470348358154297e-08, -7.159542292356491e-08], "scale": [1.0, 1.0, 1.0], "complaints": []}