{"orientation": [-3.0732553568668664e-07, 1.8975697457790375e-08, 5.9549261521851804e-08, 1.0000001192092896], "scale": [1.0, 1.0, 1.0], "complaints": []}