{"orientation": [0.029496314004063606, -0.08038774877786636, 0.002035700250416994, 0.9963251352310181], "scale": [1.0, 1.0, 1.0], "complaints": []}