{"orientation": [1.0221140200883383e-06, -0.7071068286895752, 1.0156627467949875e-06, 0.7071068286895752], "scale": [1.0, 1.0, 1.0], "complaints": []}