{"orientation": [-0.13685916364192963, 0.05009808763861656, -0.6446501612663269, 0.750457227230072], "scale": [1.0, 1.0, 1.0], "complaints": []}