{"orientation": [-0.0562966912984848, -0.12527744472026825, 0.7264379858970642, 0.6733678579330444], "scale": [1.0, 1.0, 1.0], "complaints": []}