{"orientation": [-5.977199180051684e-08, -0.0007343256729654968, 0.7071064710617065, 0.7071068286895752], "scale": [1.0, 1.0, 1.0], "complaints": []}