{"orientation": [-5.75264057260938e-05, 0.0051645454950630665, -4.4085143599659204e-05, 0.9999867081642151], "scale": [1.0, 1.0, 1.0], "complaints": []}