{"orientation": [1.1757947504520416e-08, 9.647919796407223e-09, 0.7071065306663513, 0.7071071267127991], "scale": [1.6105100000000008, 1.6105100000000008, 1.6105100000000008], "complaints": []}