{"orientation": [-0.009245866909623146, 0.03470102697610855, 0.004621969070285559, 0.9993443489074707], "scale": [1.0, 1.0, 1.0], "complaints": []}