{"orientation": [0.08010338246822357, 0.12732838094234467, 0.0015682897064834833, 0.9886195659637451], "scale": [1.0, 1.0, 1.0], "complaints": []}