{"orientation": [-0.7704690098762512, 0.0023570205084979534, 0.008167706429958344, 0.6374209523200989], "scale": [1.0, 1.0, 1.0], "complaints": []}