{"orientation": [-0.768932580947876, -0.0508989617228508, -0.03336140885949135, 0.6364267468452454], "scale": [1.0, 1.0, 1.0], "complaints": []}