{"orientation": [0.0002054274082183838, 0.008605897426605225, -0.9996705651283264, 0.024181200191378593], "scale": [1.0, 1.0, 1.0], "complaints": []}