{"orientation": [1.9811559468507767e-06, -0.003704280126839876, -6.725579441990703e-05, 0.9999931454658508], "scale": [1.0, 1.0, 1.0], "complaints": []}