{"orientation": [0.27833014726638794, 0.3231537938117981, 0.6473855972290039, 0.6316612958908081], "scale": [1.0, 1.0, 1.0], "complaints": []}