{"orientation": [0.09102269262075424, 0.0913555696606636, 0.7488530278205872, 0.6500679850578308], "scale": [1.0, 1.0, 1.0], "complaints": []}