{"orientation": [-0.00018798900418914855, -8.171549416147172e-05, 0.7193397879600525, 0.6946585178375244], "scale": [1.0, 1.0, 1.0], "complaints": []}