{"orientation": [-0.001439542043954134, -0.004869405645877123, 0.7069131135940552, 0.7072821855545044], "scale": [1.0, 1.0, 1.0], "complaints": []}