{"orientation": [0.008532637730240822, 0.008709496818482876, 0.7071574926376343, 0.7069510221481323], "scale": [1.0, 1.0, 1.0], "complaints": []}