{"orientation": [0.40073662996292114, 0.3855350911617279, 0.5885096788406372, 0.5868810415267944], "scale": [1.0, 1.0, 1.0], "complaints": []}