{"orientation": [-0.025415554642677307, -0.023961249738931656, 0.7067171335220337, 0.7066335678100586], "scale": [1.0, 1.0, 1.0], "complaints": []}