{"orientation": [0.01265676785260439, 0.000283066532574594, 0.006535319611430168, 0.9998986124992371], "scale": [1.0, 1.0, 1.0], "complaints": []}