{"orientation": [-0.5461208820343018, -0.08082783222198486, 0.11255601048469543, 0.8261659741401672], "scale": [1.0, 1.0, 1.0], "complaints": []}