{"orientation": [0.45235565304756165, -0.41771650314331055, -0.5550440549850464, 0.5592971444129944], "scale": [1.0, 1.0, 1.0], "complaints": []}