{"orientation": [0.0, -1.1677911970764399e-09, 0.7071067690849304, 0.7071069478988647], "scale": [1.0, 1.0, 1.0], "complaints": []}