{"orientation": [0.0, 0.0, 0.0, 1.0000001192092896], "scale": [3.797498335832415, 3.797498335832415, 3.797498335832415], "complaints": []}