{"orientation": [0.005070066079497337, 0.9943753480911255, -0.013590723276138306, 0.10491703450679779], "scale": [1.0, 1.0, 1.0], "complaints": []}