{"orientation": [-0.009803281165659428, 1.0421499609947205e-06, -3.035011286556255e-05, 0.9999520778656006], "scale": [1.0, 1.0, 1.0], "complaints": []}