{"orientation": [-0.18401741981506348, -0.6620696187019348, -0.19807328283786774, 0.6989765763282776], "scale": [1.0, 1.0, 1.0], "complaints": []}