{"orientation": [-0.03749435022473335, 0.7254654765129089, 0.03162026405334473, 0.6865088939666748], "scale": [1.0, 1.0, 1.0], "complaints": []}