{"orientation": [-1.1072415873059072e-06, -1.4743336578249e-05, 1.1494330465211533e-07, 1.0000001192092896], "scale": [1.0, 1.0, 1.0], "complaints": []}