{"orientation": [-0.06720096617937088, -0.581268310546875, 0.17694973945617676, 0.7913913130760193], "scale": [1.0, 1.0, 1.0], "complaints": []}