{"orientation": [0.38935387134552, 0.24597233533859253, -0.8766567707061768, 0.1391904354095459], "scale": [1.0, 1.0, 1.0], "complaints": []}