{"orientation": [0.3790781795978546, 0.009271642193198204, -0.06367651373147964, 0.9231247901916504], "scale": [1.0, 1.0, 1.0], "complaints": []}