{"orientation": [1.7166094039566815e-06, 1.673433871474117e-07, 3.877898393511714e-07, 1.0000001192092896], "scale": [1.0, 1.0, 1.0], "complaints": []}