{"orientation": [2.0838342607021332e-08, 1.950189471244812e-06, -4.093744792044163e-07, 1.0000001192092896], "scale": [1.0, 1.0, 1.0], "complaints": []}