{"orientation": [0.0004934224998578429, 0.0009766920702531934, 0.7431460618972778, 0.66912841796875], "scale": [1.0, 1.0, 1.0], "complaints": []}