{"orientation": [0.0027789101004600525, 0.00843941979110241, -6.884627509862185e-05, 0.9999606013298035], "scale": [0.35049389948139237, 0.35049389948139237, 0.35049389948139237], "complaints": []}