{"orientation": [0.004319008905440569, -0.00043335254304111004, -1.5811360754014459e-06, 0.9999905228614807], "scale": [1.0, 1.0, 1.0], "complaints": []}