{"orientation": [-0.011798400431871414, -0.014268632978200912, -0.7067904472351074, 0.7071807384490967], "scale": [1.0, 1.0, 1.0], "complaints": []}