{"orientation": [-7.529142021667212e-05, 0.00015852178330533206, -3.275426024629269e-06, 1.0000001192092896], "scale": [1.0, 1.0, 1.0], "complaints": []}