{"orientation": [0.0, 4.311884183039183e-12, -1.0000001192092896, 0.0], "scale": [1.0, 1.0, 1.0], "complaints": []}