{"orientation": [0.018929336220026016, 0.04771048203110695, -0.003556668758392334, 0.9986755847930908], "scale": [1.0, 1.0, 1.0], "complaints": []}