{"orientation": [0.0037973285652697086, 0.0037097958847880363, 0.7062983512878418, 0.7078944444656372], "scale": [1.0, 1.0, 1.0], "complaints": []}