{"orientation": [0.0, 0.0, 0.0, 1.0], "scale": [0.7513148009015777, 0.7513148009015777, 0.7513148009015777], "complaints": []}