{"orientation": [0.7071067690849304, 7.683411240577698e-08, -7.241033017635345e-08, 0.7071068286895752], "scale": [0.620921323059155, 0.620921323059155, 0.620921323059155], "complaints": []}