{"orientation": [-0.9961947202682495, 0.08715574443340302, 1.3969838619232178e-09, 1.1641532182693481e-10], "scale": [1.0, 1.0, 1.0], "complaints": []}