{"orientation": [1.0000001192092896, 0.0, -4.656612873077393e-10, 0.0], "scale": [1.0, 1.0, 1.0], "complaints": []}