{"orientation": [0.0, 0.0, 0.0, 1.0], "scale": [0.9090909090909091, 0.9090909090909091, 0.9090909090909091], "complaints": []}