{"orientation": [0.7071597576141357, -1.5239464119076729e-05, 1.6712176147848368e-05, 0.7070538997650146], "scale": [1.0, 1.0, 1.0], "complaints": []}