{"orientation": [0.0017856521299108863, -0.00046163026127032936, -5.433906267171551e-07, 0.9999983906745911], "scale": [1.0, 1.0, 1.0], "complaints": []}