{"orientation": [-6.258487701416016e-07, -1.1263182386755943e-07, -1.0000001192092896, -1.0264921002089977e-07], "scale": [1.0, 1.0, 1.0], "complaints": []}