{"orientation": [0.07104288041591644, 0.03208072483539581, 0.003172820433974266, 0.9969522953033447], "scale": [1.2100000000000002, 1.2100000000000002, 1.2100000000000002], "complaints": []}