{"orientation": [-6.612390279769897e-08, 8.42846930027008e-08, -1.2649688869714737e-06, 1.0], "scale": [1.0, 1.0, 1.0], "complaints": []}