{"orientation": [-6.43480962025933e-06, -1.0000001192092896, 1.7671845853328705e-07, 4.4674379751086235e-07], "scale": [1.0, 1.0, 1.0], "complaints": []}