{"orientation": [3.636348992586136e-06, -0.002627382753416896, -2.5720190024003386e-05, 0.9999966025352478], "scale": [1.0, 1.0, 1.0], "complaints": []}