{"orientation": [-0.7075900435447693, -0.0004040687344968319, -0.0004039732739329338, 0.7066229581832886], "scale": [1.0, 1.0, 1.0], "complaints": []}