{"orientation": [3.50363552570343e-05, -0.7074570655822754, 0.7067563533782959, 3.4973956644535065e-05], "scale": [1.0, 1.0, 1.0], "complaints": []}