{"orientation": [6.241974915610626e-05, -2.6016088668256998e-05, 0.923882246017456, 0.3826770484447479], "scale": [1.0, 1.0, 1.0], "complaints": []}