{"orientation": [-2.4582864170952234e-06, 2.5881197416310897e-06, -0.7071069478988647, 0.7071067094802856], "scale": [0.5131581182307067, 0.5131581182307067, 0.5131581182307067], "complaints": []}