{"orientation": [1.2898817658424377e-07, 1.9080471247434616e-07, 0.38268348574638367, 0.9238795042037964], "scale": [1.0, 1.0, 1.0], "complaints": []}