{"orientation": [0.0006575509905815125, -0.00035313080297783017, 8.536226232536137e-07, 0.9999997615814209], "scale": [1.0, 1.0, 1.0], "complaints": []}