{"orientation": [-1.767463982105255e-05, 7.647322490811348e-07, 1.4216220733942464e-07, 1.0000001192092896], "scale": [1.0, 1.0, 1.0], "complaints": []}