{"orientation": [-8.381903171539307e-09, 7.264316082000732e-08, 3.0314549803733826e-07, 1.0000001192092896], "scale": [1.0, 1.0, 1.0], "complaints": []}