{"orientation": [-2.9004730095039122e-05, -2.7180009055882692e-05, 1.8121045286534354e-07, 1.0000001192092896], "scale": [1.0, 1.0, 1.0], "complaints": []}