{"orientation": [0.0015346109867095947, -0.00029684638138860464, 0.00025868730153888464, 0.9999988079071045], "scale": [1.0, 1.0, 1.0], "complaints": []}