{"orientation": [0.00011679105227813125, 0.0006303621921688318, 4.729663487523794e-07, 0.9999997615814209], "scale": [1.0, 1.0, 1.0], "complaints": []}