{"orientation": [-3.1152740120887756e-07, 1.3457611203193665e-07, -1.43594661494717e-07, 1.0000001192092896], "scale": [1.0, 1.0, 1.0], "complaints": []}