{"orientation": [5.995389074087143e-09, 3.306195139884949e-08, -1.0385701898485422e-07, 1.0], "scale": [1.0, 1.0, 1.0], "complaints": []}