{"orientation": [3.471690433798358e-05, 0.00013601864338852465, 1.2364034773781896e-07, 1.0000001192092896], "scale": [1.0, 1.0, 1.0], "complaints": []}