{"orientation": [-0.003204692155122757, 0.000639649573713541, -5.059715476818383e-06, 0.9999948143959045], "scale": [1.0, 1.0, 1.0], "complaints": []}