{"orientation": [-2.4584587663412094e-06, 5.850597517564893e-06, 0.38268399238586426, 0.9238794445991516], "scale": [1.0, 1.0, 1.0], "complaints": []}