{"orientation": [-0.0012475590920075774, -7.340870797634125e-05, 1.1252013791818172e-06, 0.9999993443489075], "scale": [1.0, 1.0, 1.0], "complaints": []}