{"orientation": [-0.0002418978838250041, 0.0005080198170617223, -1.226724634761922e-06, 0.9999998807907104], "scale": [1.0, 1.0, 1.0], "complaints": []}