{"orientation": [-0.00252096657641232, 8.254853310063481e-05, 5.46091860087472e-06, 0.9999969005584717], "scale": [1.0, 1.0, 1.0], "complaints": []}