{"orientation": [-5.471520125865936e-08, 5.075708031654358e-08, 6.081245373934507e-08, 1.0], "scale": [1.0, 1.0, 1.0], "complaints": []}