{"orientation": [3.894791007041931e-06, -1.6043457435443997e-05, -2.2314304715109756e-07, 1.0000001192092896], "scale": [1.0, 1.0, 1.0], "complaints": []}