{"orientation": [-5.50498953089118e-08, -1.4202669262886047e-08, 2.384639401498134e-07, 1.0], "scale": [1.0, 1.0, 1.0], "complaints": []}