{"orientation": [-1.687825715634972e-05, -7.525479304604232e-06, -6.438303898903541e-07, 1.0000001192092896], "scale": [1.0, 1.0, 1.0], "complaints": []}