{"orientation": [-0.00013757833221461624, -7.72413841332309e-06, -4.213595275359694e-06, 1.0000001192092896], "scale": [1.0, 1.0, 1.0], "complaints": []}