{"orientation": [3.306195139884949e-08, 3.346940502524376e-08, -5.966785465716384e-08, 1.0], "scale": [1.0, 1.0, 1.0], "complaints": []}