{"orientation": [0.001158892991952598, 0.0016471287235617638, 2.4271175789181143e-06, 0.9999980926513672], "scale": [1.0, 1.0, 1.0], "complaints": []}