{"orientation": [2.0081643015146255e-08, -1.993030309677124e-07, -2.705692168092355e-07, 1.0000001192092896], "scale": [1.0, 1.0, 1.0], "complaints": []}