{"orientation": [3.860797733068466e-06, 0.00017735558503773063, -3.4044865060423035e-07, 1.0], "scale": [1.0, 1.0, 1.0], "complaints": []}