{"orientation": [-2.898741513490677e-08, 3.41096892952919e-08, 5.068313839728944e-07, 1.0000001192092896], "scale": [1.0, 1.0, 1.0], "complaints": []}