{"orientation": [-4.511035513132811e-06, 2.2547319531440735e-06, -1.3842291082255542e-06, 1.0000001192092896], "scale": [1.0, 1.0, 1.0], "complaints": []}