{"orientation": [-2.4825283617246896e-05, -9.410984057467431e-05, -1.5248588169924915e-08, 1.0], "scale": [1.0, 1.0, 1.0], "complaints": []}