{"orientation": [-1.1757947504520416e-08, -4.1443854570388794e-08, 2.861539542209357e-06, 1.0], "scale": [1.0, 1.0, 1.0], "complaints": []}