{"orientation": [-1.8932041712105274e-07, -2.556334948167205e-06, -1.160597093985416e-07, 1.0000001192092896], "scale": [1.0, 1.0, 1.0], "complaints": []}