{"orientation": [-0.00027041416615247726, -0.0001852994319051504, -4.553730832412839e-06, 1.0], "scale": [1.0, 1.0, 1.0], "complaints": []}