{"orientation": [7.91036427472136e-08, -4.089997673872858e-08, -7.515022844017949e-07, 1.0], "scale": [1.0, 1.0, 1.0], "complaints": []}