{"orientation": [-1.705484464764595e-08, -9.665583888818219e-10, -0.7071071267127991, 0.7071067690849304], "scale": [1.0, 1.0, 1.0], "complaints": []}