{"orientation": [-0.0001232072536367923, 3.9246824599104e-06, 2.037098738583154e-06, 1.0], "scale": [1.0, 1.0, 1.0], "complaints": []}