{"orientation": [9.583613973518368e-07, 8.38979467516765e-05, -1.6114790923893452e-07, 1.0], "scale": [1.0, 1.0, 1.0], "complaints": []}