{"orientation": [-1.9909641935100808e-08, 1.0, 3.8318103179335594e-07, 1.8069840734824538e-08], "scale": [1.0, 1.0, 1.0], "complaints": []}