{"orientation": [0.7071124911308289, 0.7071011662483215, 2.1909363567829132e-07, 3.68353084923001e-07], "scale": [1.0, 1.0, 1.0], "complaints": []}