{"orientation": [-3.2526674687005652e-09, -5.4938610105637053e-08, -1.1103314534466335e-07, 1.0], "scale": [1.0, 1.0, 1.0], "complaints": []}