{"orientation": [-0.00042985379695892334, -5.873044938198291e-05, 0.7071073651313782, 0.7071061134338379], "scale": [1.0, 1.0, 1.0], "complaints": []}