{"orientation": [2.145316102541983e-08, 3.804416337516159e-08, 9.520590538159013e-08, 1.0], "scale": [1.0, 1.0, 1.0], "complaints": []}