{"orientation": [-7.477189501514658e-05, -0.0001245389721589163, -1.7671977730060462e-06, 1.0], "scale": [1.0, 1.0, 1.0], "complaints": []}