{"orientation": [1.2666036127484404e-05, 0.0001831077242968604, -6.258187568164431e-07, 1.0000001192092896], "scale": [1.0, 1.0, 1.0], "complaints": []}