{"orientation": [4.423782229423523e-09, -4.452886059880257e-09, 0.7071068286895752, 0.70710688829422], "scale": [1.0, 1.0, 1.0], "complaints": []}