{"orientation": [-4.0157465264201164e-07, 6.082700565457344e-08, -1.222145442625333e-06, 1.0000001192092896], "scale": [1.0, 1.0, 1.0], "complaints": []}