{"orientation": [0.000823952432256192, -0.008559441193938255, -5.170004442334175e-06, 0.999963104724884], "scale": [1.0, 1.0, 1.0], "complaints": []}