{"orientation": [1.3261102139949799e-05, -1.841098492150195e-05, -0.7071059346199036, 0.7071078419685364], "scale": [1.0, 1.0, 1.0], "complaints": []}