{"orientation": [-0.7071065902709961, -0.7071070075035095, -1.1397787602618337e-07, 6.573159680556273e-06], "scale": [1.0, 1.0, 1.0], "complaints": []}