{"orientation": [-4.797984729520977e-07, -0.005503763444721699, -8.752827125135809e-05, 0.9999849796295166], "scale": [1.0, 1.0, 1.0], "complaints": []}