{"orientation": [1.0049552656710148e-07, 1.0552321327850223e-07, -0.7071064710617065, 0.7071072459220886], "scale": [1.0, 1.0, 1.0], "complaints": []}