{"orientation": [-8.310053090099245e-08, 7.32925400370732e-08, 6.788468454033136e-09, 1.0000001192092896], "scale": [1.0, 1.0, 1.0], "complaints": []}