{"orientation": [8.742790669202805e-08, -7.381458999589086e-08, 0.7071061134338379, 0.7071074843406677], "scale": [1.0, 1.0, 1.0], "complaints": []}