{"orientation": [-0.0001920759677886963, 8.56910046422854e-05, 1.0000001192092896, 1.1394658940844238e-06], "scale": [1.0, 1.0, 1.0], "complaints": []}