{"orientation": [0.00015292808529920876, -0.00012402769061736763, -9.522773325443268e-07, 0.9999999403953552], "scale": [1.0, 1.0, 1.0], "complaints": []}