{"orientation": [8.018105290830135e-08, -7.262678991537541e-08, -0.7071067690849304, 0.70710688829422], "scale": [1.0, 1.0, 1.0], "complaints": []}