{"orientation": [-0.006156263407319784, -0.005750112235546112, 0.6825408339500427, 0.7307989597320557], "scale": [1.3310000000000006, 1.3310000000000006, 1.3310000000000006], "complaints": []}