{"orientation": [-0.0002843549591489136, -0.0003839452692773193, 0.7071057558059692, 0.7071076035499573], "scale": [1.0, 1.0, 1.0], "complaints": []}