{"orientation": [-0.011176708154380322, 0.007312224246561527, -0.7071049213409424, 0.7069826126098633], "scale": [1.0, 1.0, 1.0], "complaints": []}