{"orientation": [0.00021316111087799072, 8.50090873427689e-06, -1.0, -1.0624062269926071e-06], "scale": [1.0, 1.0, 1.0], "complaints": []}