{"orientation": [7.450580596923828e-08, 2.1235464373603463e-06, 1.0000001192092896, 2.574393874965608e-06], "scale": [1.0, 1.0, 1.0], "complaints": []}