{"orientation": [-0.00012946128845214844, 1.06077641248703e-06, 1.0, -2.814456820487976e-06], "scale": [1.0, 1.0, 1.0], "complaints": []}