{"orientation": [-2.8394133551046252e-05, 4.1315433918498456e-07, -9.156065061688423e-07, 1.0], "scale": [1.0, 1.0, 1.0], "complaints": []}