{"orientation": [-2.989444328704849e-05, -4.722224548459053e-05, 0.707108199596405, 0.7071055769920349], "scale": [1.0, 1.0, 1.0], "complaints": []}