{"orientation": [-8.110917406156659e-05, -0.0004825423238798976, 0.7091279625892639, 0.7050796747207642], "scale": [1.0, 1.0, 1.0], "complaints": []}