{"orientation": [-2.3034634068608284e-05, -2.234883140772581e-07, 1.0000001192092896, -1.4528632164001465e-07], "scale": [1.0, 1.0, 1.0], "complaints": []}