{"orientation": [-0.007477392442524433, 0.011423036456108093, -0.7069860100746155, 0.7070956826210022], "scale": [1.0, 1.0, 1.0], "complaints": []}