{"orientation": [3.0517578125e-05, 7.039830961730331e-05, -1.0, -1.0047340765595436e-05], "scale": [1.0, 1.0, 1.0], "complaints": []}