{"orientation": [-5.422718822956085e-05, 5.071075065643527e-06, 0.6664761304855347, 0.7455264329910278], "scale": [1.0, 1.0, 1.0], "complaints": []}