{"orientation": [3.179593477398157e-09, -8.221832104027271e-10, -1.0314397513866425e-07, 1.0000001192092896], "scale": [1.0, 1.0, 1.0], "complaints": []}