{"orientation": [-0.0005222707986831665, 3.586076491046697e-05, -0.9999998807907104, -9.762588888406754e-07], "scale": [1.0, 1.0, 1.0], "complaints": []}