{"orientation": [0.0031235218048095703, 0.001712838769890368, -0.9999937415122986, 1.1730589903891087e-05], "scale": [1.0, 1.0, 1.0], "complaints": []}