{"orientation": [-1.0710209608078003e-08, 1.1537849786691368e-08, -0.7071069478988647, 0.7071067690849304], "scale": [1.0, 1.0, 1.0], "complaints": []}