{"orientation": [7.450580596923828e-08, 4.126923158764839e-08, 0.7071068286895752, 0.7071068286895752], "scale": [2.5937424601000023, 2.5937424601000023, 2.5937424601000023], "complaints": []}