{"orientation": [-0.00013506659888662398, 0.00026635226095095277, -2.7549431251827627e-06, 1.0], "scale": [1.0, 1.0, 1.0], "complaints": []}