{"orientation": [-1.4295801520347595e-07, -9.145878721028566e-09, 0.7071061730384827, 0.7071075439453125], "scale": [1.2100000000000006, 1.2100000000000006, 1.2100000000000006], "complaints": []}