{"orientation": [-8.83028405951336e-09, 1.7548501318742638e-08, 0.70710688829422, 0.7071067690849304], "scale": [1.4641000000000006, 1.4641000000000006, 1.4641000000000006], "complaints": []}