{"orientation": [-0.01275700330734253, 0.0002867132134269923, 0.9999185800552368, -1.0913994628936052e-05], "scale": [1.0, 1.0, 1.0], "complaints": []}