{"orientation": [-0.005107620730996132, -0.004811346530914307, 0.00022845315106678754, 0.9999754428863525], "scale": [1.0, 1.0, 1.0], "complaints": []}