{"orientation": [-7.444759830832481e-08, 9.53141352511011e-08, 0.6819985508918762, 0.7313535809516907], "scale": [1.0, 1.0, 1.0], "complaints": []}