{"orientation": [0.0009937031427398324, -0.9975197911262512, -0.04804355651140213, 0.05143008381128311], "scale": [1.0, 1.0, 1.0], "complaints": []}