{"orientation": [-0.03392888233065605, 0.06066960096359253, -0.9975792169570923, 0.0019216733053326607], "scale": [1.0, 1.0, 1.0], "complaints": []}