{"orientation": [8.969985998419361e-08, 1.3183857561216428e-07, 1.6229190435979035e-08, 1.0], "scale": [1.0, 1.0, 1.0], "complaints": []}