{"orientation": [5.269936877994041e-07, 8.513269449395011e-07, 0.0523405596613884, 0.9986292719841003], "scale": [1.0, 1.0, 1.0], "complaints": []}