{"orientation": [1.2147054917477362e-08, 3.89839094339095e-08, -8.05301159090277e-09, 1.0], "scale": [1.0, 1.0, 1.0], "complaints": []}