{"orientation": [3.6728670238517225e-06, -0.707156777381897, -3.3730175346136093e-06, 0.7070569396018982], "scale": [1.0, 1.0, 1.0], "complaints": []}