{"orientation": [3.430788638070226e-05, 0.0006727550062350929, -3.378721885383129e-05, 0.9999998211860657], "scale": [1.0, 1.0, 1.0], "complaints": []}