{"orientation": [2.3283064365386963e-10, 1.3797034625895321e-09, 0.7071067690849304, 0.7071069478988647], "scale": [1.0, 1.0, 1.0], "complaints": []}