{"orientation": [1.3284770830068737e-06, 7.32041553419549e-06, -1.6841950127854943e-06, 1.0], "scale": [1.0, 1.0, 1.0], "complaints": []}