{"orientation": [1.12429440757289e-10, 5.443757666867555e-10, -1.4173565432429314e-08, 1.0], "scale": [1.0, 1.0, 1.0], "complaints": []}