{"orientation": [7.796074896759819e-11, 1.4848774299025536e-07, 5.55607812202652e-07, 1.0000001192092896], "scale": [1.0, 1.0, 1.0], "complaints": []}