{"orientation": [2.378352064624778e-06, 2.96531379717635e-06, -2.0860875338257756e-07, 1.0000001192092896], "scale": [1.0, 1.0, 1.0], "complaints": []}