{"orientation": [0.6656836271286011, 0.30803340673446655, 0.6046648025512695, 0.3104214668273926], "scale": [1.0, 1.0, 1.0], "complaints": []}