{"orientation": [-0.1327884942293167, 0.6948565244674683, -0.13081170618534088, 0.6945717930793762], "scale": [1.0, 1.0, 1.0], "complaints": []}