{"orientation": [-0.09087157994508743, 0.7217966914176941, -0.1198531910777092, 0.6755642890930176], "scale": [1.0, 1.0, 1.0], "complaints": []}