{"orientation": [0.008573243394494057, 0.05066104233264923, -0.00016559381037950516, 0.9986791610717773], "scale": [1.0, 1.0, 1.0], "complaints": []}