{"orientation": [-0.13825228810310364, -0.0070093125104904175, -0.17157158255577087, 0.9753976464271545], "scale": [1.0, 1.0, 1.0], "complaints": []}