{"orientation": [-9.313225746154785e-10, -1.335865817964077e-08, 0.7071068286895752, 0.7071068286895752], "scale": [1.1, 1.1, 1.1], "complaints": []}