{"orientation": [3.725290298461914e-09, 2.0954757928848267e-09, 0.70710688829422, 0.70710688829422], "scale": [1.0, 1.0, 1.0], "complaints": []}