{"orientation": [0.0, -2.4068867787718773e-08, 0.7071067690849304, 0.7071067690849304], "scale": [1.0, 1.0, 1.0], "complaints": []}