{"orientation": [-3.632158041000366e-08, -1.5133991837501526e-09, 0.7071070075035095, 0.7071067690849304], "scale": [1.2100000000000002, 1.2100000000000002, 1.2100000000000002], "complaints": []}