{"orientation": [7.450580596923828e-09, -9.313225746154785e-10, -1.862645149230957e-09, 1.0000001192092896], "scale": [1.0, 1.0, 1.0], "complaints": []}