{"orientation": [0.0, -8.636561688035727e-09, 0.7071067690849304, 0.7071067690849304], "scale": [1.1, 1.1, 1.1], "complaints": []}