{"orientation": [2.9752962291240692e-05, -0.04360799118876457, 0.00041863074875436723, 0.9990487098693848], "scale": [1.0, 1.0, 1.0], "complaints": []}