{"orientation": [2.822931855916977e-05, -0.043607745319604874, 0.0004165092541370541, 0.9990487098693848], "scale": [1.0, 1.0, 1.0], "complaints": []}