{"orientation": [-8.232658728957176e-06, -0.04360349476337433, -0.00046658402425237, 0.9990488886833191], "scale": [1.0, 1.0, 1.0], "complaints": []}