{"orientation": [3.0341558158397675e-05, -0.04360822215676308, 0.00047972763422876596, 0.99904865026474], "scale": [1.0, 1.0, 1.0], "complaints": []}