{"orientation": [2.956576645374298e-05, -0.04360726848244667, 0.00046710186870768666, 0.9990487694740295], "scale": [1.0, 1.0, 1.0], "complaints": []}