{"orientation": [-0.6691524386405945, -0.09382406622171402, -0.7299770712852478, 0.1027892604470253], "scale": [1.9487171000000014, 1.9487171000000014, 1.9487171000000014], "complaints": []}