{"orientation": [0.11599644273519516, 0.7272575497627258, -0.1069362536072731, 0.6679864525794983], "scale": [1.9487171000000014, 1.9487171000000014, 1.9487171000000014], "complaints": []}