{"orientation": [0.6388601660728455, -0.10394991189241409, 0.10015680640935898, 0.7556590437889099], "scale": [1.0, 1.0, 1.0], "complaints": []}