{"orientation": [0.6944831013679504, 0.02214822545647621, -0.012910032644867897, 0.719052255153656], "scale": [1.0, 1.0, 1.0], "complaints": []}