{"orientation": [1.7229467630386353e-08, -2.60770320892334e-08, 0.70710688829422, 0.70710688829422], "scale": [1.0, 1.0, 1.0], "complaints": []}