{"orientation": [5.157198756933212e-08, -5.840774974785745e-08, 0.7071069478988647, 0.7071068286895752], "scale": [1.0, 1.0, 1.0], "complaints": []}