{"orientation": [-0.0001301744778174907, -0.7035477757453918, 0.00012931035598739982, 0.7106480598449707], "scale": [1.0, 1.0, 1.0], "complaints": []}