{"orientation": [-6.554071205755463e-07, -0.7094827890396118, -6.907939678058028e-07, 0.7047228813171387], "scale": [1.0, 1.0, 1.0], "complaints": []}