{"orientation": [-6.039221602804901e-07, -0.7071067690849304, 5.816459633933846e-07, 0.70710688829422], "scale": [1.0, 1.0, 1.0], "complaints": []}