{"orientation": [-1.7202510207425803e-06, -0.7037287354469299, 1.3522803783416748e-06, 0.7104687690734863], "scale": [1.0, 1.0, 1.0], "complaints": []}