{"orientation": [0.0, 0.0, 0.0, 1.0000001192092896], "scale": [2.1435888100000016, 2.1435888100000016, 2.1435888100000016], "complaints": []}