{"orientation": [0.007609032094478607, 0.007395859807729721, 0.9210150837898254, 0.38938242197036743], "scale": [1.771561000000001, 1.771561000000001, 1.771561000000001], "complaints": []}