{"orientation": [-4.656612873077393e-10, 1.955777406692505e-08, -7.264316082000732e-08, 1.0], "scale": [2.357947691000002, 2.357947691000002, 2.357947691000002], "complaints": []}