{"orientation": [-1.4901161193847656e-08, 2.421438694000244e-08, -0.766044557094574, 0.6427875757217407], "scale": [1.6105100000000008, 1.6105100000000008, 1.6105100000000008], "complaints": []}