{"orientation": [6.51925802230835e-09, 2.3283064365386963e-10, 9.313225746154785e-10, 1.0], "scale": [2.357947691000002, 2.357947691000002, 2.357947691000002], "complaints": []}