{"orientation": [0.0012482866877689958, -0.0077103544026613235, 0.0003566534724086523, 0.999969482421875], "scale": [2.357947691000002, 2.357947691000002, 2.357947691000002], "complaints": []}