{"orientation": [0.0, 0.0, 0.0, 1.0], "scale": [2.357947691000002, 2.357947691000002, 2.357947691000002], "complaints": []}