{"orientation": [0.0, 0.0, 0.0, 0.9999999403953552], "scale": [2.357947691000002, 2.357947691000002, 2.357947691000002], "complaints": []}