{"orientation": [0.0, 0.0, 0.0, 1.0000001192092896], "scale": [2.357947691000002, 2.357947691000002, 2.357947691000002], "complaints": []}