{"orientation": [1.0000001192092896, -4.039611667394638e-08, -8.33955255075125e-06, 3.1025338103063405e-06], "scale": [1.0, 1.0, 1.0], "complaints": []}