{"orientation": [-0.0016951189609244466, -0.7050133943557739, 0.0016922559589147568, 0.7091900706291199], "scale": [1.0, 1.0, 1.0], "complaints": []}