{"orientation": [-8.862116374075413e-09, -0.7071067094802856, 5.704350769519806e-09, 0.70710688829422], "scale": [1.0, 1.0, 1.0], "complaints": []}