{"orientation": [-0.7071586847305298, 4.832830745726824e-05, 4.7916641051415354e-05, 0.7070549130439758], "scale": [1.0, 1.0, 1.0], "complaints": []}