{"orientation": [0.7071166038513184, 2.956623211503029e-05, -2.7688205591402948e-05, 0.707097053527832], "scale": [1.0, 1.0, 1.0], "complaints": []}