{"orientation": [-3.7071295082569122e-06, -0.7070904970169067, 4.178285598754883e-05, 0.7071231007575989], "scale": [1.0, 1.0, 1.0], "complaints": []}