{"orientation": [0.694347083568573, 0.019876904785633087, -0.7185311317443848, 0.034643642604351044], "scale": [1.0, 1.0, 1.0], "complaints": []}