{"orientation": [0.7069979310035706, 8.813361637294292e-05, -8.804794197203591e-05, 0.7072157859802246], "scale": [1.0, 1.0, 1.0], "complaints": []}