{"orientation": [0.004375487100332975, -0.03444443643093109, 0.7065790891647339, 0.706781804561615], "scale": [1.0, 1.0, 1.0], "complaints": []}