{"orientation": [0.14191755652427673, -0.672676146030426, -0.08500485122203827, 0.7212077975273132], "scale": [1.0, 1.0, 1.0], "complaints": []}