{"orientation": [0.11061589419841766, -0.6984010934829712, 0.11061590909957886, 0.6984012126922607], "scale": [1.0, 1.0, 1.0], "complaints": []}