{"orientation": [0.2519230246543884, -0.7013254761695862, -0.05947338789701462, 0.664184033870697], "scale": [1.0, 1.0, 1.0], "complaints": []}