{"orientation": [-2.8498616302385926e-06, 5.035632057115436e-06, -1.851663000707049e-07, 1.0000001192092896], "scale": [1.0, 1.0, 1.0], "complaints": []}