{"orientation": [-1.36848329930217e-05, -0.7071065306663513, -1.4071352779865265e-05, 0.7071071863174438], "scale": [1.0, 1.0, 1.0], "complaints": []}