{"orientation": [-5.960464477539063e-08, -4.945322871208191e-07, -1.0, -1.0244548320770264e-07], "scale": [1.0, 1.0, 1.0], "complaints": []}