{"orientation": [0.0, 2.3672939278185368e-05, -1.0, 2.1047890186309814e-07], "scale": [1.0, 1.0, 1.0], "complaints": []}