{"orientation": [3.463246684987098e-07, 8.766265580106847e-08, 1.0316725820302963e-06, 1.0], "scale": [1.0, 1.0, 1.0], "complaints": []}