{"orientation": [-8.67876224219799e-08, 1.5410478226840496e-07, 0.7071024179458618, 0.7071113586425781], "scale": [1.0, 1.0, 1.0], "complaints": []}