{"orientation": [0.7077968716621399, -4.176861693849787e-06, -2.1279286102071637e-06, 0.7064162492752075], "scale": [1.0, 1.0, 1.0], "complaints": []}