{"orientation": [4.7278567194553034e-07, 1.0, 1.1595648174989037e-07, -2.1618309347104514e-06], "scale": [1.0, 1.0, 1.0], "complaints": []}