{"orientation": [-2.077285898849368e-09, 1.0, 2.8641037985721596e-08, -1.7066499324869255e-08], "scale": [1.0, 1.0, 1.0], "complaints": []}