{"orientation": [-0.4962984621524811, 0.5024079084396362, -0.4934893250465393, 0.5076833367347717], "scale": [1.0, 1.0, 1.0], "complaints": []}