{"orientation": [0.0036880571860820055, 0.7069994807243347, 0.7071949243545532, -0.003694206476211548], "scale": [1.0, 1.0, 1.0], "complaints": []}