{"orientation": [3.107881241248833e-08, -1.0403466887964896e-07, -2.9802347256691064e-08, 1.0], "scale": [1.0, 1.0, 1.0], "complaints": []}