{"orientation": [5.104332376504317e-05, 0.00027921496075578034, -0.0004521719820331782, 0.9999999403953552], "scale": [1.0, 1.0, 1.0], "complaints": []}