{"orientation": [0.00798744335770607, 0.007769841235131025, 0.001332913525402546, 0.999937117099762], "scale": [1.4641000000000006, 1.4641000000000006, 1.4641000000000006], "complaints": []}