{"orientation": [-0.2461567223072052, -0.5913795232772827, -0.7020112872123718, 0.31121912598609924], "scale": [1.0, 1.0, 1.0], "complaints": []}