{"orientation": [3.326396836200729e-06, -3.5816337913274765e-06, -1.8312130123376846e-07, 1.0], "scale": [1.0, 1.0, 1.0], "complaints": []}