{"orientation": [1.1058450581913348e-06, 1.1647704241113388e-06, 4.662456376536284e-06, 1.0], "scale": [1.0, 1.0, 1.0], "complaints": []}