{"orientation": [0.007588285952806473, 0.037441518157720566, 0.002368330955505371, 0.9992673397064209], "scale": [1.0, 1.0, 1.0], "complaints": []}