{"orientation": [-3.563924474292435e-05, -0.00014932028716430068, -0.0007124317344278097, 0.9999997615814209], "scale": [1.0, 1.0, 1.0], "complaints": []}