{"orientation": [-0.004244408570230007, 0.0005431210156530142, 3.1542371289106086e-05, 0.9999908208847046], "scale": [1.0, 1.0, 1.0], "complaints": []}