{"orientation": [-0.00031496520387008786, -0.7035497426986694, -0.0003164387890137732, 0.710645854473114], "scale": [1.0, 1.0, 1.0], "complaints": []}