{"orientation": [0.00392252579331398, -0.7223467826843262, -0.003934670239686966, 0.6915087103843689], "scale": [1.0, 1.0, 1.0], "complaints": []}