{"orientation": [0.00010185045539401472, 0.00012723097461275756, 1.6532248992007226e-07, 1.0], "scale": [1.0, 1.0, 1.0], "complaints": []}