{"orientation": [7.450580596923828e-08, 2.7008354663848877e-08, 0.7071071267127991, 0.7071065306663513], "scale": [1.0, 1.0, 1.0], "complaints": []}