{"orientation": [0.00031973159639164805, 0.655844509601593, 0.0003674596082419157, -0.754895806312561], "scale": [1.0, 1.0, 1.0], "complaints": []}