{"orientation": [0.0, 3.67435859516263e-10, 0.7071067094802856, 0.7071070671081543], "scale": [1.0, 1.0, 1.0], "complaints": []}