{"orientation": [-2.3283064365386963e-09, 8.149072527885437e-09, -0.7071069478988647, 0.7071067690849304], "scale": [1.0, 1.0, 1.0], "complaints": []}