{"orientation": [-0.0005846236599609256, 0.021032193675637245, -0.0010917896870523691, 0.999778151512146], "scale": [1.0, 1.0, 1.0], "complaints": []}