{"orientation": [-0.0019404329359531403, -0.013389450497925282, -7.528802962042391e-05, 0.9999085664749146], "scale": [1.0, 1.0, 1.0], "complaints": []}