{"orientation": [-0.01057111844420433, 0.007041910197585821, -0.0019341247389093041, 0.9999175667762756], "scale": [1.0, 1.0, 1.0], "complaints": []}