{"orientation": [0.9762693047523499, 0.1582760512828827, -0.1348818838596344, 0.06044825166463852], "scale": [1.0, 1.0, 1.0], "complaints": []}