{"orientation": [0.08900737762451172, 0.11960674077272415, -0.3523537218570709, 0.9239150285720825], "scale": [1.0, 1.0, 1.0], "complaints": []}