{"orientation": [0.21979589760303497, 0.6863982677459717, 0.2461889386177063, 0.6480265259742737], "scale": [1.0, 1.0, 1.0], "complaints": []}