{"orientation": [-0.38654085993766785, -0.5756925344467163, 0.4401715397834778, 0.5704500675201416], "scale": [1.0, 1.0, 1.0], "complaints": []}