{"orientation": [0.001932638930156827, 0.0006141007761470973, -4.057860678585712e-07, 0.9999979138374329], "scale": [1.0, 1.0, 1.0], "complaints": []}