{"orientation": [-0.0002393733011558652, -0.0001483310479670763, -2.419837983325124e-07, 1.0], "scale": [1.0, 1.0, 1.0], "complaints": []}