{"orientation": [5.377805791795254e-07, -8.100178092718124e-07, -7.614726200699806e-07, 1.0], "scale": [1.0, 1.0, 1.0], "complaints": []}