{"orientation": [0.49380266666412354, -0.5066483616828918, -0.48515790700912476, 0.5138952732086182], "scale": [1.0, 1.0, 1.0], "complaints": []}