{"orientation": [-0.5008639693260193, -0.5030741691589355, 0.4969116449356079, 0.4991297721862793], "scale": [1.0, 1.0, 1.0], "complaints": []}