{"orientation": [0.020097091794013977, 0.6657677888870239, -0.07603556662797928, 0.7420027852058411], "scale": [1.0, 1.0, 1.0], "complaints": []}