{"orientation": [-0.000291411328362301, 0.00021022029977757484, -3.649684367701411e-05, 1.0], "scale": [1.0, 1.0, 1.0], "complaints": []}