{"orientation": [0.7071037888526917, 0.7070960402488708, 0.0031256447546184063, -0.0031254542991518974], "scale": [1.0, 1.0, 1.0], "complaints": []}