{"orientation": [0.020129311829805374, -0.01389247179031372, -0.0002675279974937439, 0.9997008442878723], "scale": [1.0, 1.0, 1.0], "complaints": []}