{"orientation": [-0.9999762773513794, -0.0001288987696170807, -0.005008695647120476, -0.004747156985104084], "scale": [1.0, 1.0, 1.0], "complaints": []}