{"orientation": [0.000909087248146534, 0.008201709017157555, -0.00014020997332409024, 0.999966025352478], "scale": [1.0, 1.0, 1.0], "complaints": []}