{"orientation": [-0.0005788439884781837, 0.013659327290952206, 0.00012792181223630905, 0.999906599521637], "scale": [1.0, 1.0, 1.0], "complaints": []}