{"orientation": [-0.006077161058783531, 0.004985781852155924, 0.38263440132141113, 0.9238665103912354], "scale": [1.0, 1.0, 1.0], "complaints": []}