{"orientation": [0.005941903684288263, 0.005905102007091045, -0.923841118812561, 0.3826848864555359], "scale": [1.0, 1.0, 1.0], "complaints": []}