{"orientation": [-0.0035209059715270996, 0.02497248351573944, -0.7100797295570374, 0.7036696076393127], "scale": [1.0, 1.0, 1.0], "complaints": []}