{"orientation": [0.0069611831568181515, 0.03625711798667908, -0.7005677223205566, 0.7126302123069763], "scale": [1.0, 1.0, 1.0], "complaints": []}