{"orientation": [0.0015399318654090166, 0.027951659634709358, -4.810264363186434e-05, 0.9996081590652466], "scale": [0.9090909090909091, 0.9090909090909091, 0.9090909090909091], "complaints": []}