{"orientation": [0.7660446166992188, -0.6427868604660034, -0.0007866083178669214, 0.00022856786381453276], "scale": [1.0, 1.0, 1.0], "complaints": []}