{"orientation": [-3.9814040064811707e-08, 6.55418261885643e-08, 0.7071067094802856, 0.7071070075035095], "scale": [1.0, 1.0, 1.0], "complaints": []}