{"orientation": [0.7058946490287781, 0.7069727778434753, 0.030815329402685165, -0.030868910253047943], "scale": [1.0, 1.0, 1.0], "complaints": []}