{"orientation": [1.703738234937191e-07, -1.4314719010144472e-07, 0.707107424736023, 0.7071061730384827], "scale": [1.0, 1.0, 1.0], "complaints": []}