{"orientation": [1.328421330981655e-05, -1.0, -2.848973963409662e-07, 1.2471173249650747e-07], "scale": [1.0, 1.0, 1.0], "complaints": []}