{"orientation": [1.3969838619232178e-08, -7.869675755500793e-08, 0.7071066498756409, 0.7071069478988647], "scale": [1.0, 1.0, 1.0], "complaints": []}