{"orientation": [0.05850451439619064, -0.018966956064105034, -0.0038980371318757534, 0.9980993866920471], "scale": [1.0, 1.0, 1.0], "complaints": []}