{"orientation": [-0.9981111288070679, -0.0028065822552889585, 0.018564939498901367, 0.05849568918347359], "scale": [1.0, 1.0, 1.0], "complaints": []}