{"orientation": [0.061389923095703125, -0.19173847138881683, 0.008275926113128662, 0.9794893860816956], "scale": [1.0, 1.0, 1.0], "complaints": []}