{"orientation": [0.03916487470269203, 0.22639593482017517, -0.019389905035495758, 0.9730547070503235], "scale": [1.0, 1.0, 1.0], "complaints": []}