{"orientation": [0.13319343328475952, -0.2548421323299408, 0.017500894144177437, 0.95760577917099], "scale": [1.0, 1.0, 1.0], "complaints": []}