{"orientation": [7.047492545098066e-08, 8.475035429000854e-08, -0.707106351852417, 0.7071073651313782], "scale": [1.0, 1.0, 1.0], "complaints": []}