{"orientation": [-0.0010572783648967743, 0.0009380597621202469, -0.731354296207428, 0.6819963455200195], "scale": [1.0, 1.0, 1.0], "complaints": []}