{"orientation": [8.882670954335481e-06, 1.0289455531165004e-05, 3.722047722476418e-06, 1.000000238418579], "scale": [0.4665073802097334, 0.4665073802097334, 0.4665073802097334], "complaints": []}