{"orientation": [0.7071067690849304, -3.869354259222746e-08, -6.4313780967495404e-09, 0.7071067690849304], "scale": [1.0, 1.0, 1.0], "complaints": []}