{"orientation": [0.7071067690849304, -2.6048837753478438e-08, 2.935121301561594e-08, 0.7071069478988647], "scale": [1.0, 1.0, 1.0], "complaints": []}