{"orientation": [0.7178560495376587, 0.022502951323986053, 0.020205724984407425, 0.6955345273017883], "scale": [1.0, 1.0, 1.0], "complaints": []}