{"orientation": [-2.9657654522452503e-05, -0.6994110345840454, 4.705280298367143e-05, 0.7147197723388672], "scale": [1.0, 1.0, 1.0], "complaints": []}