{"orientation": [0.002191722858697176, -0.0008350365096703172, 0.3827250599861145, 0.9238594174385071], "scale": [1.0, 1.0, 1.0], "complaints": []}