{"orientation": [-0.21229009330272675, -0.23487505316734314, 0.6673262715339661, 0.6741234660148621], "scale": [1.0, 1.0, 1.0], "complaints": []}