{"orientation": [-0.003080307273194194, -0.22380228340625763, 0.0006087644142098725, 0.9746295213699341], "scale": [1.0, 1.0, 1.0], "complaints": []}