{"orientation": [3.829523365084242e-08, -3.290846706249795e-08, 3.502386647369349e-08, 1.0], "scale": [1.0, 1.0, 1.0], "complaints": []}