{"orientation": [-0.043101634830236435, 0.13240256905555725, 0.0037135621532797813, 0.9902514219284058], "scale": [1.0, 1.0, 1.0], "complaints": []}