{"orientation": [0.6316065788269043, -0.5776011943817139, -0.4663969576358795, 0.22343659400939941], "scale": [1.0, 1.0, 1.0], "complaints": []}