{"orientation": [-0.04756119102239609, -0.5259826183319092, 0.06681406497955322, 0.846531867980957], "scale": [1.0, 1.0, 1.0], "complaints": []}