{"orientation": [-0.5047415494918823, -0.4659385085105896, 0.5387966632843018, 0.48768389225006104], "scale": [1.0, 1.0, 1.0], "complaints": []}