{"orientation": [0.012108637019991875, 0.01569889858365059, 0.7070109248161316, 0.7069247364997864], "scale": [1.0, 1.0, 1.0], "complaints": []}