{"orientation": [-0.028481829911470413, -0.4651692807674408, -0.03953825682401657, 0.8838797211647034], "scale": [1.0, 1.0, 1.0], "complaints": []}