{"orientation": [0.6010960936546326, 0.6882138848304749, 0.2982717454433441, 0.27582451701164246], "scale": [1.0, 1.0, 1.0], "complaints": []}