{"orientation": [-0.05271625891327858, -0.30176103115081787, -0.2409881055355072, 0.9209159016609192], "scale": [1.0, 1.0, 1.0], "complaints": []}