{"orientation": [-0.0028302406426519156, -0.7805999517440796, 0.008376030251383781, 0.6249685883522034], "scale": [2.5937424601000023, 2.5937424601000023, 2.5937424601000023], "complaints": []}