{"orientation": [0.009171172976493835, -0.6702089905738831, -0.01679600030183792, 0.7419257760047913], "scale": [1.0, 1.0, 1.0], "complaints": []}