{"orientation": [-0.38718700408935547, -0.36782535910606384, 0.5998775959014893, 0.5957666039466858], "scale": [1.0, 1.0, 1.0], "complaints": []}