{"orientation": [-0.832813560962677, 0.00722118467092514, 0.5534665584564209, -0.006654506549239159], "scale": [1.0, 1.0, 1.0], "complaints": []}