{"orientation": [0.009336442686617374, -0.7913831472396851, -0.004375331103801727, 0.6112335920333862], "scale": [1.0, 1.0, 1.0], "complaints": []}