{"orientation": [-0.006024594884365797, -0.7426196336746216, -0.0029841065406799316, 0.6696797609329224], "scale": [1.0, 1.0, 1.0], "complaints": []}