{"orientation": [0.010887762531638145, -0.008691078051924706, 0.707049548625946, 0.7070268392562866], "scale": [1.0, 1.0, 1.0], "complaints": []}