{"orientation": [-0.39970147609710693, 0.36286213994026184, -0.5596184730529785, 0.6288059949874878], "scale": [1.0, 1.0, 1.0], "complaints": []}