{"orientation": [0.10919508337974548, -0.7692247033119202, -0.10017810016870499, 0.6215580701828003], "scale": [1.0, 1.0, 1.0], "complaints": []}