{"orientation": [-0.20235951244831085, 0.5386948585510254, -0.4819555878639221, 0.6607400178909302], "scale": [1.0, 1.0, 1.0], "complaints": []}