{"orientation": [0.7153568267822266, -0.1479322910308838, 0.16697241365909576, 0.662194013595581], "scale": [1.0, 1.0, 1.0], "complaints": []}