{"orientation": [0.0442030169069767, -0.6664733290672302, -0.05030619725584984, 0.7425153255462646], "scale": [1.0, 1.0, 1.0], "complaints": []}