{"orientation": [-0.00186414853669703, -0.7211208343505859, 0.0015938607975840569, 0.6928051114082336], "scale": [1.0, 1.0, 1.0], "complaints": []}