{"orientation": [-0.0012479787692427635, -0.7668960690498352, 0.003197011072188616, 0.6417621374130249], "scale": [1.0, 1.0, 1.0], "complaints": []}