{"orientation": [-0.3557335138320923, 0.4496743083000183, -0.665189266204834, 0.47829899191856384], "scale": [1.0, 1.0, 1.0], "complaints": []}