{"orientation": [0.011960022151470184, -0.7306848764419556, -0.0046783494763076305, 0.6825941801071167], "scale": [1.0, 1.0, 1.0], "complaints": []}