{"orientation": [3.411962268273783e-08, -7.860771944478984e-08, -5.393046720314487e-08, 1.0], "scale": [1.0, 1.0, 1.0], "complaints": []}