{"orientation": [0.0005162330344319344, -0.7349671125411987, -0.011904098093509674, 0.6779983043670654], "scale": [1.0, 1.0, 1.0], "complaints": []}