{"orientation": [-0.02085239440202713, -0.056381840258836746, 0.7046509385108948, 0.7070032954216003], "scale": [1.0, 1.0, 1.0], "complaints": []}