{"orientation": [-0.41693878173828125, -0.48841598629951477, 0.5001693367958069, 0.5808982849121094], "scale": [1.0, 1.0, 1.0], "complaints": []}