{"orientation": [-0.2490687519311905, -0.44187846779823303, 0.5301042795181274, 0.6794835925102234], "scale": [1.0, 1.0, 1.0], "complaints": []}