{"orientation": [-0.3517671525478363, -0.4028773903846741, 0.5374182462692261, 0.6520211100578308], "scale": [1.0, 1.0, 1.0], "complaints": []}