{"orientation": [-0.45199620723724365, -0.015758153051137924, -0.005607590079307556, 0.8918631076812744], "scale": [1.0, 1.0, 1.0], "complaints": []}