{"orientation": [-0.0559508241713047, 9.455697727389634e-05, 2.366632361372467e-05, 0.9984336495399475], "scale": [1.0, 1.0, 1.0], "complaints": []}