{"orientation": [-0.12284716218709946, -0.6160090565681458, 0.06365777552127838, 0.7754929065704346], "scale": [1.0, 1.0, 1.0], "complaints": []}