{"orientation": [-0.25553780794143677, 0.24362125992774963, -0.6644338369369507, 0.6586933135986328], "scale": [2.1435888100000016, 2.1435888100000016, 2.1435888100000016], "complaints": []}