{"orientation": [0.5998770594596863, -0.2571456730365753, 0.23788680136203766, 0.7193286418914795], "scale": [1.0, 1.0, 1.0], "complaints": []}