{"orientation": [0.027466557919979095, 0.7123340368270874, 0.03137095272541046, 0.7006009221076965], "scale": [1.0, 1.0, 1.0], "complaints": []}