{"orientation": [0.04350697621703148, 0.7056155800819397, 0.04103570431470871, 0.7060666084289551], "scale": [1.0, 1.0, 1.0], "complaints": []}