{"orientation": [-0.010904309339821339, -0.610593318939209, -0.0032908753491938114, 0.7918624877929688], "scale": [1.0, 1.0, 1.0], "complaints": []}