{"orientation": [-0.006960270926356316, -0.658108651638031, 0.002304352819919586, 0.752887487411499], "scale": [1.0, 1.0, 1.0], "complaints": []}