{"orientation": [0.03581304848194122, -0.5013366341590881, -0.016315240412950516, 0.8643569946289062], "scale": [1.0, 1.0, 1.0], "complaints": []}