{"orientation": [7.331836968660355e-07, 0.7071070075035095, 5.646725185215473e-07, 0.7071065902709961], "scale": [1.0, 1.0, 1.0], "complaints": []}