{"orientation": [-0.01127773616462946, -0.6960110664367676, 0.007598831318318844, 0.7179023027420044], "scale": [1.0, 1.0, 1.0], "complaints": []}