{"orientation": [0.020623398944735527, -0.011964616365730762, -0.7067775130271912, 0.7070341110229492], "scale": [1.0, 1.0, 1.0], "complaints": []}