{"orientation": [0.440226674079895, 0.7971530556678772, 0.30425602197647095, 0.27959945797920227], "scale": [1.0, 1.0, 1.0], "complaints": []}