{"orientation": [-0.015452410094439983, -0.2229670137166977, -0.0005353011074475944, 0.9747034311294556], "scale": [1.0, 1.0, 1.0], "complaints": []}