{"orientation": [0.14116452634334564, 0.8263303637504578, 0.051881156861782074, 0.5427330732345581], "scale": [1.0, 1.0, 1.0], "complaints": []}