{"orientation": [0.06257305294275284, -0.6607352495193481, -0.08393999189138412, 0.7432817816734314], "scale": [1.0, 1.0, 1.0], "complaints": []}