{"orientation": [0.0727536678314209, -0.53703773021698, -0.06004560366272926, 0.8382672667503357], "scale": [1.0, 1.0, 1.0], "complaints": []}