{"orientation": [-0.05234541371464729, 0.012426713481545448, 0.001197377103380859, 0.9985511302947998], "scale": [1.0, 1.0, 1.0], "complaints": []}