{"orientation": [-9.758728083397727e-06, 0.0300904531031847, -0.00019310675270389766, 0.9995473623275757], "scale": [1.0, 1.0, 1.0], "complaints": []}