{"orientation": [0.06994903087615967, 0.07827696204185486, 0.702547013759613, 0.703852117061615], "scale": [1.0, 1.0, 1.0], "complaints": []}