{"orientation": [0.004538002889603376, -0.563181459903717, -6.64485851302743e-05, 0.8263209462165833], "scale": [1.0, 1.0, 1.0], "complaints": []}