{"orientation": [0.0033146727364510298, -0.6894794702529907, -0.0037298835813999176, 0.7242880463600159], "scale": [1.9487171000000014, 1.9487171000000014, 1.9487171000000014], "complaints": []}