{"orientation": [0.17379054427146912, -0.04370120167732239, -0.0013397647999227047, 0.9838116765022278], "scale": [1.0, 1.0, 1.0], "complaints": []}