{"orientation": [-0.017607174813747406, -0.10776632279157639, 0.0017419488867744803, 0.9940189719200134], "scale": [1.0, 1.0, 1.0], "complaints": []}