{"orientation": [0.7557874321937561, 0.32802921533584595, 0.49095574021339417, 0.28309857845306396], "scale": [1.0, 1.0, 1.0], "complaints": []}