{"orientation": [0.030058521777391434, -0.5911498069763184, -0.020537063479423523, 0.8057399988174438], "scale": [1.0, 1.0, 1.0], "complaints": []}