{"orientation": [-0.0031826843041926622, -0.6971943378448486, 0.003591978456825018, 0.716866135597229], "scale": [2.357947691000002, 2.357947691000002, 2.357947691000002], "complaints": []}