{"orientation": [0.047275952994823456, 0.5159602165222168, 0.02974330633878708, 0.8547897338867188], "scale": [1.0, 1.0, 1.0], "complaints": []}