{"orientation": [0.0013737173285335302, 0.6819002628326416, 0.00032255053520202637, 0.7314439415931702], "scale": [1.0, 1.0, 1.0], "complaints": []}