{"orientation": [0.6540918350219727, 0.07112301141023636, 0.7444348335266113, 0.1136762946844101], "scale": [1.0, 1.0, 1.0], "complaints": []}