{"orientation": [0.016248861327767372, -0.5013692378997803, -0.014853732660412788, 0.8649533987045288], "scale": [1.0, 1.0, 1.0], "complaints": []}