{"orientation": [-0.373441219329834, 0.29075342416763306, -0.6369550824165344, 0.6085167527198792], "scale": [1.0, 1.0, 1.0], "complaints": []}