{"orientation": [0.09165412932634354, 0.759703516960144, 0.08568677306175232, 0.6380501985549927], "scale": [1.0, 1.0, 1.0], "complaints": []}