{"orientation": [0.0008706742664799094, 0.018194643780589104, 0.0005185346235521138, 0.9998340010643005], "scale": [1.0, 1.0, 1.0], "complaints": []}