{"orientation": [-0.003891250118613243, 0.6240186095237732, 0.026778236031532288, 0.7809408903121948], "scale": [1.0, 1.0, 1.0], "complaints": []}