{"orientation": [0.003060337156057358, 0.05210939794778824, 0.0006612432771362364, 0.9986365437507629], "scale": [1.0, 1.0, 1.0], "complaints": []}