{"orientation": [0.030309932306408882, 0.7074719667434692, 0.10015521943569183, 0.6989520788192749], "scale": [1.0, 1.0, 1.0], "complaints": []}