{"orientation": [0.011204040609300137, -0.12438531965017319, 0.0032305875793099403, 0.9921655654907227], "scale": [1.0, 1.0, 1.0], "complaints": []}