{"orientation": [-0.011757821775972843, -0.5782338380813599, 0.007729930803179741, 0.8157498836517334], "scale": [1.0, 1.0, 1.0], "complaints": []}