{"orientation": [-0.03355783596634865, -0.7495978474617004, 0.0218026302754879, 0.660682737827301], "scale": [1.771561000000001, 1.771561000000001, 1.771561000000001], "complaints": []}