{"orientation": [-0.5089132189750671, 0.4538341760635376, -0.5490285158157349, 0.48333197832107544], "scale": [1.0, 1.0, 1.0], "complaints": []}