{"orientation": [0.020419809967279434, -0.4539211392402649, -0.008736148476600647, 0.8907650709152222], "scale": [1.0, 1.0, 1.0], "complaints": []}