{"orientation": [-0.487569123506546, 0.5292865633964539, -0.4739745259284973, 0.5074251890182495], "scale": [1.0, 1.0, 1.0], "complaints": []}