{"orientation": [0.690946102142334, 0.003539044875651598, -0.004386456683278084, 0.7228843569755554], "scale": [1.0, 1.0, 1.0], "complaints": []}