{"orientation": [0.018956363201141357, -0.6151748299598694, -0.001456432044506073, 0.7881615161895752], "scale": [1.3310000000000004, 1.3310000000000004, 1.3310000000000004], "complaints": []}