{"orientation": [-0.36390331387519836, -0.36601895093917847, 0.6045917868614197, 0.606690526008606], "scale": [1.0, 1.0, 1.0], "complaints": []}