{"orientation": [0.18303456902503967, 0.18298964202404022, 0.6829305291175842, 0.6830952763557434], "scale": [1.3310000000000004, 1.3310000000000004, 1.3310000000000004], "complaints": []}