{"orientation": [-0.039909396320581436, 0.6521801352500916, -0.035005319863557816, 0.7562030553817749], "scale": [1.0, 1.0, 1.0], "complaints": []}