{"orientation": [0.09186352789402008, 0.02970373071730137, 0.7065653204917908, 0.701030969619751], "scale": [3.797498335832415, 3.797498335832415, 3.797498335832415], "complaints": []}