{"orientation": [-0.020103761926293373, 0.7725623846054077, -0.019034862518310547, 0.6343349814414978], "scale": [1.0, 1.0, 1.0], "complaints": []}