{"orientation": [0.1777912676334381, -0.05385660007596016, -0.0012323735281825066, 0.9825926423072815], "scale": [1.0, 1.0, 1.0], "complaints": []}