{"orientation": [-0.005782731808722019, 0.04277278482913971, -0.0013165222480893135, 0.9990672469139099], "scale": [1.0, 1.0, 1.0], "complaints": []}