{"orientation": [0.04520237445831299, -0.24628865718841553, 0.6652145981788635, 0.703411877155304], "scale": [1.0, 1.0, 1.0], "complaints": []}