{"orientation": [0.009777743369340897, -0.05748843029141426, -0.0010240839328616858, 0.9982978105545044], "scale": [1.0, 1.0, 1.0], "complaints": []}