{"orientation": [-0.05853673815727234, -0.6757348775863647, 0.05175956338644028, 0.7329917550086975], "scale": [1.0, 1.0, 1.0], "complaints": []}