{"orientation": [-0.018739234656095505, -0.5269760489463806, -0.010614326223731041, 0.8496072888374329], "scale": [1.0, 1.0, 1.0], "complaints": []}