{"orientation": [-2.736939859460108e-05, 0.004077130928635597, -0.00015403177530970424, 0.999991774559021], "scale": [1.0, 1.0, 1.0], "complaints": []}