{"orientation": [-0.4645199775695801, 0.8304383754730225, -0.2301693856716156, 0.20399869978427887], "scale": [1.0, 1.0, 1.0], "complaints": []}