{"orientation": [-0.07128623872995377, -0.06014816090464592, 0.7044188380241394, 0.7036296129226685], "scale": [1.6105100000000008, 1.6105100000000008, 1.6105100000000008], "complaints": []}