{"orientation": [0.4048682749271393, 0.3846699297428131, 0.6450139284133911, 0.5216013789176941], "scale": [1.0, 1.0, 1.0], "complaints": []}