{"orientation": [-9.068040526472032e-05, 0.745110809803009, -0.00036932446528226137, 0.6669405698776245], "scale": [1.0, 1.0, 1.0], "complaints": []}