{"orientation": [0.0012129864189773798, -0.00021262941299937665, 0.7069413065910339, 0.7072712182998657], "scale": [1.4641000000000006, 1.4641000000000006, 1.4641000000000006], "complaints": []}