{"orientation": [0.003422221401706338, -0.7213515639305115, -0.0030949516221880913, 0.6925538182258606], "scale": [1.0, 1.0, 1.0], "complaints": []}