{"orientation": [-0.03359774872660637, -0.06027781590819359, 0.7090765237808228, 0.7017467617988586], "scale": [1.6105100000000008, 1.6105100000000008, 1.6105100000000008], "complaints": []}