{"orientation": [-0.7183519601821899, -0.6946757435798645, 0.030171141028404236, 0.022045684978365898], "scale": [1.7715610000000013, 1.7715610000000013, 1.7715610000000013], "complaints": []}