{"orientation": [3.168166244904569e-07, -5.223938259746319e-08, -7.62520357966423e-09, 1.0], "scale": [1.0, 1.0, 1.0], "complaints": []}