{"orientation": [-0.36727413535118103, 0.37133389711380005, -0.6055031418800354, 0.6004889607429504], "scale": [1.0, 1.0, 1.0], "complaints": []}