{"orientation": [0.0008542758878320456, -0.7221640348434448, -0.0009558975580148399, 0.6917209029197693], "scale": [1.3310000000000006, 1.3310000000000006, 1.3310000000000006], "complaints": []}