{"orientation": [-0.021166203543543816, 0.7488226890563965, -0.023096514865756035, 0.6620296835899353], "scale": [1.0, 1.0, 1.0], "complaints": []}