{"orientation": [0.5168169736862183, -0.6120551824569702, -0.3723081648349762, 0.4686954617500305], "scale": [1.0, 1.0, 1.0], "complaints": []}