{"orientation": [-0.01742149330675602, -0.6202472448348999, 0.011839589104056358, 0.7841235399246216], "scale": [1.0, 1.0, 1.0], "complaints": []}