{"orientation": [-0.003219953738152981, -0.013306382112205029, 0.7069379687309265, 0.7071430683135986], "scale": [1.6105100000000008, 1.6105100000000008, 1.6105100000000008], "complaints": []}