{"orientation": [0.9776828289031982, -0.039102889597415924, -0.20472964644432068, -0.026331136003136635], "scale": [1.0, 1.0, 1.0], "complaints": []}