{"orientation": [0.0014578253030776978, -0.7149859070777893, -0.001810330431908369, 0.6991350054740906], "scale": [1.0, 1.0, 1.0], "complaints": []}