{"orientation": [0.004402057733386755, -0.707906186580658, -0.0043571870774030685, 0.7062793374061584], "scale": [1.0, 1.0, 1.0], "complaints": []}