{"orientation": [-0.022195957601070404, -0.7368792295455933, 0.01788572035729885, 0.675423264503479], "scale": [1.0, 1.0, 1.0], "complaints": []}