{"orientation": [1.4073535794523195e-06, 1.004454134090338e-06, 0.7071070075035095, 0.7071066498756409], "scale": [1.6105100000000008, 1.6105100000000008, 1.6105100000000008], "complaints": []}