{"orientation": [0.012958619743585587, -0.005716945510357618, 0.6412099599838257, 0.7672349214553833], "scale": [1.0, 1.0, 1.0], "complaints": []}