{"orientation": [-0.016438059508800507, -0.5742107629776001, 0.0065536051988601685, 0.8185164332389832], "scale": [1.0, 1.0, 1.0], "complaints": []}