{"orientation": [0.011793392710387707, -0.0009794649668037891, 0.00028495542937889695, 0.9999299049377441], "scale": [1.0, 1.0, 1.0], "complaints": []}