{"orientation": [-0.022018002346158028, 0.6186054348945618, -0.10287290811538696, 0.7786269187927246], "scale": [1.0, 1.0, 1.0], "complaints": []}