{"orientation": [-0.09228675067424774, -0.09231766313314438, 0.7011744379997253, 0.7009387612342834], "scale": [1.3310000000000004, 1.3310000000000004, 1.3310000000000004], "complaints": []}