{"orientation": [0.06089920923113823, -0.755035400390625, -0.0492178238928318, 0.6509920954704285], "scale": [1.0, 1.0, 1.0], "complaints": []}