{"orientation": [-0.008930218406021595, -0.3721451759338379, 0.003753391094505787, 0.9281240105628967], "scale": [1.0, 1.0, 1.0], "complaints": []}