{"orientation": [-0.14037616550922394, -0.15450304746627808, 0.6852802038192749, 0.6977209448814392], "scale": [1.4641000000000006, 1.4641000000000006, 1.4641000000000006], "complaints": []}