{"orientation": [-0.0025536317843943834, 0.013742048293352127, -0.00019134771719109267, 0.9999023079872131], "scale": [1.0, 1.0, 1.0], "complaints": []}