{"orientation": [-0.054855458438396454, 0.7247785925865173, -0.05963987484574318, 0.6842004656791687], "scale": [1.0, 1.0, 1.0], "complaints": []}