{"orientation": [-0.01802194118499756, 0.7317914366722107, -0.019324064254760742, 0.6810162663459778], "scale": [1.0, 1.0, 1.0], "complaints": []}