{"orientation": [-0.00255297077819705, 0.013742446899414062, -0.00024603077326901257, 0.9999023079872131], "scale": [1.0, 1.0, 1.0], "complaints": []}