{"orientation": [0.0023090410977602005, -0.6669677495956421, 0.000638461671769619, 0.7450827956199646], "scale": [1.0, 1.0, 1.0], "complaints": []}