{"orientation": [0.055445071309804916, -0.6724308729171753, -0.056237660348415375, 0.7359347939491272], "scale": [1.0, 1.0, 1.0], "complaints": []}