{"orientation": [0.0974784642457962, 0.557761013507843, 0.021304719150066376, 0.823982298374176], "scale": [1.0, 1.0, 1.0], "complaints": []}