{"orientation": [-0.025976311415433884, -0.7105749249458313, 0.01773480698466301, 0.702918291091919], "scale": [1.0, 1.0, 1.0], "complaints": []}