{"orientation": [0.030127545818686485, 0.12482109665870667, -0.0052512530237436295, 0.9917079210281372], "scale": [1.0, 1.0, 1.0], "complaints": []}