{"orientation": [-0.06569953262805939, 0.00595279922708869, -0.0012298485962674022, 0.9978210926055908], "scale": [1.0, 1.0, 1.0], "complaints": []}