{"orientation": [-0.02497444488108158, -0.026419738307595253, -0.7069655656814575, 0.7063129544258118], "scale": [1.0, 1.0, 1.0], "complaints": []}