{"orientation": [0.07570458203554153, -0.06861581653356552, 0.7033500671386719, 0.7034624814987183], "scale": [1.0, 1.0, 1.0], "complaints": []}