{"orientation": [0.012373397126793861, -0.07020253688097, 0.7020695805549622, 0.708531379699707], "scale": [1.0, 1.0, 1.0], "complaints": []}