{"orientation": [1.3083626981824636e-07, 4.70608938485384e-08, -1.9073777366429567e-06, 1.0], "scale": [1.0, 1.0, 1.0], "complaints": []}