{"orientation": [-0.002544107846915722, -0.08798083662986755, 0.10123417526483536, 0.990961492061615], "scale": [1.0, 1.0, 1.0], "complaints": []}