{"orientation": [2.5763984012883157e-07, 1.1297433388790523e-07, 2.4900837161112577e-06, 1.0], "scale": [1.0, 1.0, 1.0], "complaints": []}