{"orientation": [1.4454781194217503e-07, 1.9520882688084384e-08, 4.799165708391229e-06, 1.0000001192092896], "scale": [1.0, 1.0, 1.0], "complaints": []}