{"orientation": [0.28635483980178833, -0.051251523196697235, -0.003323323791846633, 0.9567462205886841], "scale": [1.0, 1.0, 1.0], "complaints": []}