{"orientation": [0.20022830367088318, 0.01019034069031477, -0.0016674743965268135, 0.9796949028968811], "scale": [1.0, 1.0, 1.0], "complaints": []}