{"orientation": [2.3960965336300433e-06, 8.336975952261128e-06, -0.70710688829422, 0.7071067690849304], "scale": [1.0, 1.0, 1.0], "complaints": []}