{"orientation": [-0.384888231754303, -0.017888151109218597, 0.008035850711166859, 0.9227549433708191], "scale": [2.8531167061100033, 2.8531167061100033, 2.8531167061100033], "complaints": []}