{"orientation": [0.5001589059829712, -0.0749375969171524, 0.0404764749109745, 0.8617350459098816], "scale": [1.0, 1.0, 1.0], "complaints": []}