{"orientation": [-8.091694326139987e-05, -0.6665438413619995, -0.00010034747538156807, 0.7454659938812256], "scale": [1.0, 1.0, 1.0], "complaints": []}