{"orientation": [1.8888198383137933e-07, -1.690506756801824e-08, -0.03489932045340538, 0.9993908405303955], "scale": [1.0, 1.0, 1.0], "complaints": []}