{"orientation": [1.231106381283098e-07, -2.169033734844561e-07, -6.777479910624606e-08, 1.0], "scale": [1.0, 1.0, 1.0], "complaints": []}