{"orientation": [-3.5518186791705375e-07, -1.1517310660735802e-08, -5.846377462148666e-07, 1.0000001192092896], "scale": [1.0, 1.0, 1.0], "complaints": []}