{"orientation": [-0.09053022414445877, 0.7032842040061951, -0.09960854798555374, 0.6980500221252441], "scale": [1.0, 1.0, 1.0], "complaints": []}