{"orientation": [-0.25276312232017517, 0.2575504183769226, -0.5561004877090454, 0.7486860752105713], "scale": [1.0, 1.0, 1.0], "complaints": []}