{"orientation": [-0.45454391837120056, 0.022168248891830444, -0.20092643797397614, 0.8674831986427307], "scale": [1.0, 1.0, 1.0], "complaints": []}