{"orientation": [-0.2918010354042053, 0.00837574154138565, -0.05105897784233093, 0.9550786018371582], "scale": [1.0, 1.0, 1.0], "complaints": []}