{"orientation": [-0.6273660063743591, 0.17696718871593475, 0.17382490634918213, 0.7381597757339478], "scale": [1.0, 1.0, 1.0], "complaints": []}