{"orientation": [0.06984931230545044, 0.05952451378107071, 0.07740470767021179, 0.9927670955657959], "scale": [1.0, 1.0, 1.0], "complaints": []}