{"orientation": [8.885365241440013e-05, 5.552946822717786e-05, 1.412819187862624e-06, 1.0], "scale": [1.0, 1.0, 1.0], "complaints": []}