{"orientation": [-0.041935376822948456, -0.33596518635749817, 0.1257285624742508, 0.9325026869773865], "scale": [1.0, 1.0, 1.0], "complaints": []}