{"orientation": [0.015127460472285748, -0.046759843826293945, 0.0004332810058258474, 0.998791515827179], "scale": [1.0, 1.0, 1.0], "complaints": []}