{"orientation": [-0.05304413288831711, -0.008993912488222122, 0.025855638086795807, 0.998216986656189], "scale": [1.0, 1.0, 1.0], "complaints": []}