{"orientation": [-5.5156880989670753e-05, -0.00010444420331623405, 4.44706529378891e-08, 0.9999999403953552], "scale": [1.0, 1.0, 1.0], "complaints": []}