{"orientation": [-0.00026556281954981387, 0.0002603615866973996, -0.7071065902709961, 0.7071070075035095], "scale": [1.0, 1.0, 1.0], "complaints": []}