{"orientation": [3.2601546990917996e-06, -1.0712738003348932e-06, 0.70710688829422, 0.7071067094802856], "scale": [1.0, 1.0, 1.0], "complaints": []}