{"orientation": [0.0006430456414818764, 0.00010280602873535827, 0.7071068286895752, 0.7071064710617065], "scale": [1.0, 1.0, 1.0], "complaints": []}