{"orientation": [-0.00031368000782094896, -0.0005979238194413483, -2.1358357571443776e-07, 0.9999998211860657], "scale": [1.0, 1.0, 1.0], "complaints": []}