{"orientation": [4.89142257720232e-06, -3.8896750993444584e-06, -1.0, 3.231107257306576e-07], "scale": [1.0, 1.0, 1.0], "complaints": []}