{"orientation": [0.0012394408695399761, 0.0008756841998547316, 0.7071001529693604, 0.7071119546890259], "scale": [1.0, 1.0, 1.0], "complaints": []}