{"orientation": [1.8443037106408156e-06, 1.8217251636087894e-06, 2.684924709228653e-07, 1.0], "scale": [1.0, 1.0, 1.0], "complaints": []}