{"orientation": [0.0, 2.0372681319713593e-09, 2.9787770472466946e-08, 1.0], "scale": [1.2100000000000002, 1.2100000000000002, 1.2100000000000002], "complaints": []}