{"orientation": [2.1827872842550278e-11, 2.1827872842550278e-11, -7.450580596923828e-09, 1.0000001192092896], "scale": [1.0, 1.0, 1.0], "complaints": []}