{"orientation": [-3.8518759538419545e-05, 0.00021884967281948775, -1.39347491767694e-07, 1.0000001192092896], "scale": [1.0, 1.0, 1.0], "complaints": []}