{"orientation": [3.0273073207354173e-05, 8.902396075427532e-06, 8.015718776732683e-06, 1.0000001192092896], "scale": [1.0, 1.0, 1.0], "complaints": []}