{"orientation": [-0.00818598922342062, 0.03666520118713379, 0.0003393164952285588, 0.9992940425872803], "scale": [1.0, 1.0, 1.0], "complaints": []}