{"orientation": [7.316470146179199e-06, 4.073197487741709e-06, 0.7071070671081543, 0.7071065306663513], "scale": [1.0, 1.0, 1.0], "complaints": []}