{"orientation": [-9.958312148228288e-06, -0.7071073651313782, 9.793788194656372e-06, 0.707106351852417], "scale": [1.0, 1.0, 1.0], "complaints": []}