{"orientation": [0.705596387386322, 0.0028459131717681885, -0.708544909954071, 0.00948447734117508], "scale": [1.0, 1.0, 1.0], "complaints": []}