{"orientation": [5.476467777043581e-06, -1.9251310732215643e-06, 5.2455106924753636e-08, 1.0], "scale": [1.0, 1.0, 1.0], "complaints": []}