{"orientation": [0.0, -4.656612873077393e-10, -4.656612873077393e-10, 1.0], "scale": [1.0, 1.0, 1.0], "complaints": []}