{"orientation": [0.00027222646167501807, 0.011835291981697083, -6.709713488817215e-06, 0.9999300241470337], "scale": [1.0, 1.0, 1.0], "complaints": []}