{"orientation": [-0.35945677757263184, -0.6372947096824646, 0.2661060392856598, 0.6275619864463806], "scale": [1.0, 1.0, 1.0], "complaints": []}