{"orientation": [-0.17804719507694244, -0.7156974673271179, 0.1941651999950409, 0.6468201279640198], "scale": [1.0, 1.0, 1.0], "complaints": []}