{"orientation": [-0.0007857728051021695, 7.363166787399678e-08, 3.2720046760914556e-07, 0.9999997019767761], "scale": [1.0, 1.0, 1.0], "complaints": []}