{"orientation": [-0.0007865484803915024, -5.97724181261583e-07, -3.1604707828591927e-07, 0.9999997019767761], "scale": [1.0, 1.0, 1.0], "complaints": []}