{"orientation": [-0.0007861326448619366, -5.828454732181854e-07, -3.798143950461963e-07, 0.9999997019767761], "scale": [1.0, 1.0, 1.0], "complaints": []}