{"orientation": [-0.0007861225749365985, -1.5486072868498013e-07, 5.333590706868563e-07, 0.9999997019767761], "scale": [1.0, 1.0, 1.0], "complaints": []}