{"orientation": [9.313225746154785e-10, 9.617906471248716e-10, 0.7071067690849304, 0.7071067690849304], "scale": [1.0, 1.0, 1.0], "complaints": []}