{"orientation": [-0.002238596323877573, 0.00234330166131258, -0.7070952653884888, 0.707111120223999], "scale": [1.0, 1.0, 1.0], "complaints": []}