{"orientation": [0.004290110897272825, -0.004283918533474207, -0.7070971131324768, 0.7070906758308411], "scale": [1.0, 1.0, 1.0], "complaints": []}