{"orientation": [0.00023388199042528868, -0.0002593353856354952, 7.119379006326199e-07, 1.0], "scale": [1.0, 1.0, 1.0], "complaints": []}