{"orientation": [-1.1175870895385742e-07, 9.546056389808655e-09, 1.6302146832458675e-07, 1.0], "scale": [1.0, 1.0, 1.0], "complaints": []}