{"orientation": [1.0696705430746078e-05, -0.0002698783064261079, 4.455701855476946e-06, 1.0000001192092896], "scale": [1.0, 1.0, 1.0], "complaints": []}