{"orientation": [9.272480383515358e-07, 6.603077054023743e-07, -4.8967194743454456e-08, 1.0], "scale": [1.0, 1.0, 1.0], "complaints": []}