{"orientation": [0.0, 0.0, 0.0, 1.0000001192092896], "scale": [0.8264462809917354, 0.8264462809917354, 0.8264462809917354], "complaints": []}