{"orientation": [0.0016217536758631468, 0.003033268265426159, 0.0002665597712621093, 0.9999939799308777], "scale": [1.0, 1.0, 1.0], "complaints": []}