{"orientation": [-0.0004725819453597069, 0.0004869634285569191, 7.757953426335007e-07, 0.9999997615814209], "scale": [1.0, 1.0, 1.0], "complaints": []}