{"orientation": [0.0010613722261041403, -0.00023735244758427143, 0.0533282533288002, 0.9985765218734741], "scale": [1.0, 1.0, 1.0], "complaints": []}