{"orientation": [-2.5095767341554165e-05, -7.660521077923477e-06, -4.856243322137743e-06, 1.0000001192092896], "scale": [1.0, 1.0, 1.0], "complaints": []}