{"orientation": [-0.002780819544568658, -0.001455910736694932, -0.007912812754511833, 0.9999638199806213], "scale": [1.0, 1.0, 1.0], "complaints": []}