{"orientation": [0.9200338125228882, -0.007011044770479202, 0.0023985393345355988, 0.39176905155181885], "scale": [1.0, 1.0, 1.0], "complaints": []}