{"orientation": [0.9413527250289917, 0.22715294361114502, 0.16124531626701355, 0.19041207432746887], "scale": [1.0, 1.0, 1.0], "complaints": []}