{"orientation": [-0.7071067690849304, -2.240278362819481e-08, 0.70710688829422, 1.6602966113055118e-08], "scale": [1.9487171000000014, 1.9487171000000014, 1.9487171000000014], "complaints": []}