{"orientation": [3.7974652968841838e-06, -0.7049278020858765, 3.80017445422709e-06, 0.7092792391777039], "scale": [1.0, 1.0, 1.0], "complaints": []}