{"orientation": [-1.852857849371503e-07, -4.050752693274262e-07, 2.998858690261841e-07, 1.0000001192092896], "scale": [1.0, 1.0, 1.0], "complaints": []}