{"orientation": [0.0011352116707712412, -0.0011333150323480368, 0.7071054577827454, 0.7071064710617065], "scale": [1.0, 1.0, 1.0], "complaints": []}