{"orientation": [-0.003005584003403783, 0.0029790401458740234, 0.7071008682250977, 0.7071001529693604], "scale": [1.0, 1.0, 1.0], "complaints": []}