{"orientation": [0.01026700995862484, -0.7060901522636414, -0.010222477838397026, 0.707973837852478], "scale": [1.0, 1.0, 1.0], "complaints": []}