{"orientation": [1.6256892720889482e-08, 0.0007976357592269778, 0.9999997019767761, 2.5148742111014144e-07], "scale": [1.0, 1.0, 1.0], "complaints": []}