{"orientation": [7.70349561207695e-06, -0.7037703394889832, 7.716909749433398e-06, 0.7104276418685913], "scale": [1.0, 1.0, 1.0], "complaints": []}