{"orientation": [-0.001787726767361164, -0.0017875200137495995, -0.7071065902709961, 0.7071025967597961], "scale": [1.0, 1.0, 1.0], "complaints": []}