{"orientation": [-0.0039062900468707085, -0.7108662724494934, 0.0039032273925840855, 0.7033057808876038], "scale": [1.0, 1.0, 1.0], "complaints": []}