{"orientation": [-5.496951416716911e-05, -0.7059962749481201, 3.443119931034744e-05, 0.7082156538963318], "scale": [1.0, 1.0, 1.0], "complaints": []}