{"orientation": [1.3002093623981636e-08, -3.919012669939548e-09, -3.2715905717850546e-07, 1.0], "scale": [1.0, 1.0, 1.0], "complaints": []}