{"orientation": [-1.281966433452908e-06, -0.7082579135894775, -1.2984091881662607e-06, 0.70595383644104], "scale": [1.0, 1.0, 1.0], "complaints": []}