{"orientation": [4.3123881710016576e-07, -0.7076733708381653, 4.395551513880491e-07, 0.7065398693084717], "scale": [1.0, 1.0, 1.0], "complaints": []}