{"orientation": [-0.008236412890255451, -0.008237737230956554, -0.7069986462593079, 0.7071191072463989], "scale": [1.0, 1.0, 1.0], "complaints": []}