{"orientation": [2.820020199578721e-06, -0.7088116407394409, 2.8698996175080538e-06, 0.7053978443145752], "scale": [1.0, 1.0, 1.0], "complaints": []}