{"orientation": [-3.935227255169593e-09, 3.696835904065665e-08, 1.7229498894266726e-07, 1.0], "scale": [1.0, 1.0, 1.0], "complaints": []}