{"orientation": [0.886603832244873, 0.461935818195343, -0.00909355841577053, 0.021594740450382233], "scale": [1.0, 1.0, 1.0], "complaints": []}