{"orientation": [2.1038374597992515e-07, -0.7071068286895752, 2.1905877645167493e-07, 0.7071068286895752], "scale": [1.0, 1.0, 1.0], "complaints": []}