{"orientation": [-0.00016359541041310877, 0.00016191540635190904, 0.7071071267127991, 0.7071064710617065], "scale": [1.0, 1.0, 1.0], "complaints": []}