{"orientation": [-2.0322446289355867e-05, 1.3323871826287359e-05, 1.0, -3.164234385621967e-08], "scale": [1.0, 1.0, 1.0], "complaints": []}