{"orientation": [-0.00027606141520664096, 0.0002760678471531719, 0.7071067094802856, 0.7071068286895752], "scale": [1.0, 1.0, 1.0], "complaints": []}