{"orientation": [-0.5047240257263184, -0.49524378776550293, 0.5047112703323364, 0.495231032371521], "scale": [1.0, 1.0, 1.0], "complaints": []}