{"orientation": [4.980103767593391e-06, -0.704372227191925, 5.001405952498317e-06, 0.7098307609558105], "scale": [1.0, 1.0, 1.0], "complaints": []}