{"orientation": [-6.056236543372506e-06, -0.709917426109314, -6.021175067871809e-06, 0.7042850852012634], "scale": [1.0, 1.0, 1.0], "complaints": []}