{"orientation": [0.007129748817533255, 0.007220081519335508, -0.7070634365081787, 0.7070773243904114], "scale": [1.0, 1.0, 1.0], "complaints": []}