{"orientation": [5.95171400163963e-07, -0.7065378427505493, 5.84375811740756e-07, 0.7076754570007324], "scale": [1.0, 1.0, 1.0], "complaints": []}