{"orientation": [-7.028029358480126e-08, -3.189779818058014e-08, 9.460001137995278e-07, 1.0], "scale": [1.0, 1.0, 1.0], "complaints": []}