{"orientation": [2.3386642169498373e-06, -0.7054604291915894, 2.331828000023961e-06, 0.7087494730949402], "scale": [1.0, 1.0, 1.0], "complaints": []}