{"orientation": [1.1153620249615415e-07, -3.967888773104278e-08, -0.7071067094802856, 0.7071069478988647], "scale": [1.0, 1.0, 1.0], "complaints": []}