{"orientation": [-3.158620302201598e-06, -0.7093884944915771, -3.164837835356593e-06, 0.7048177719116211], "scale": [1.0, 1.0, 1.0], "complaints": []}