{"orientation": [-0.001357601722702384, -0.0013531966833397746, -0.7071053981781006, 0.7071056365966797], "scale": [1.0, 1.0, 1.0], "complaints": []}