{"orientation": [3.035942791029811e-05, 0.0010315286926925182, -0.9986290335655212, 0.052337631583213806], "scale": [1.0, 1.0, 1.0], "complaints": []}