{"orientation": [0.00505112437531352, 0.005926788784563541, -0.005187101662158966, 0.9999563694000244], "scale": [1.0, 1.0, 1.0], "complaints": []}