{"orientation": [0.006846954580396414, 0.007358340080827475, -0.0003758719249162823, 0.9999495148658752], "scale": [1.0, 1.0, 1.0], "complaints": []}