{"orientation": [0.03317062929272652, -0.03342648595571518, -0.010121198371052742, 0.9988393187522888], "scale": [1.0, 1.0, 1.0], "complaints": []}