{"orientation": [-0.001456707832403481, 0.0006867349147796631, -1.6399667401856277e-08, 0.9999988079071045], "scale": [1.0, 1.0, 1.0], "complaints": []}