{"orientation": [-2.184524419135414e-07, -1.0567396202532109e-07, 2.2198241822479758e-07, 1.0000001192092896], "scale": [1.0, 1.0, 1.0], "complaints": []}