{"orientation": [0.48135918378829956, 0.4913763701915741, 0.5574519634246826, 0.4648548364639282], "scale": [1.0, 1.0, 1.0], "complaints": []}