{"orientation": [0.00023222528398036957, 0.027630627155303955, -0.707649290561676, 0.7060235738754272], "scale": [1.0, 1.0, 1.0], "complaints": []}