{"orientation": [-0.019676940515637398, -0.0009520574240013957, -0.6989809274673462, 0.7148690223693848], "scale": [1.0, 1.0, 1.0], "complaints": []}