{"orientation": [-0.0651751384139061, 0.013465606607496738, -0.711281418800354, 0.6997498869895935], "scale": [1.0, 1.0, 1.0], "complaints": []}