{"orientation": [0.09706031531095505, 0.8493556976318359, 0.1334754228591919, 0.5013566017150879], "scale": [0.9090909090909091, 0.9090909090909091, 0.9090909090909091], "complaints": []}