{"orientation": [4.709633572019811e-09, 3.1292483981815167e-07, -6.292191301326966e-08, 1.0000001192092896], "scale": [1.0, 1.0, 1.0], "complaints": []}