{"orientation": [0.1020493134856224, 0.08757848292589188, -0.0076090251095592976, 0.9908875226974487], "scale": [5.131581182307066, 5.131581182307066, 5.131581182307066], "complaints": []}