{"orientation": [-0.0017861210508272052, 0.0008691254770383239, 6.120611715232371e-07, 0.9999980330467224], "scale": [1.0, 1.0, 1.0], "complaints": []}