{"orientation": [0.053609512746334076, 0.06741073727607727, -0.32630735635757446, 0.9413318037986755], "scale": [1.0, 1.0, 1.0], "complaints": []}