{"orientation": [-0.0004463637596927583, -0.001964061986654997, 8.682307452545501e-06, 0.9999980926513672], "scale": [1.0, 1.0, 1.0], "complaints": []}