{"orientation": [0.00557989627122879, -0.006469291634857655, 0.4943823218345642, 0.8692026138305664], "scale": [1.0, 1.0, 1.0], "complaints": []}