{"orientation": [-0.0002240501344203949, -3.212457522749901e-05, 0.13940948247909546, 0.9902348518371582], "scale": [1.0, 1.0, 1.0], "complaints": []}