{"orientation": [1.6141682863235474e-05, 1.8377701053395867e-05, 0.13917319476604462, 0.9902681112289429], "scale": [1.0, 1.0, 1.0], "complaints": []}