{"orientation": [-3.846187610179186e-06, -1.1605210602283478e-05, 0.14780940115451813, 0.989016056060791], "scale": [1.0, 1.0, 1.0], "complaints": []}