{"orientation": [-5.4907286539673805e-06, 8.38891719467938e-06, 0.7071057558059692, 0.7071078419685364], "scale": [1.0, 1.0, 1.0], "complaints": []}