{"orientation": [-3.1572180887451395e-06, 1.057957524608355e-05, 7.708908378845081e-05, 1.0], "scale": [1.0, 1.0, 1.0], "complaints": []}