{"orientation": [-0.07481582462787628, -0.15441009402275085, -0.031023599207401276, 0.9846814870834351], "scale": [1.0, 1.0, 1.0], "complaints": []}