{"orientation": [0.004131507594138384, -0.008333403617143631, -2.195558772655204e-05, 0.9999567866325378], "scale": [1.0, 1.0, 1.0], "complaints": []}