{"orientation": [0.0021852562204003334, 0.9979144334793091, -0.015067588537931442, 0.06272953748703003], "scale": [1.0, 1.0, 1.0], "complaints": []}