{"orientation": [-0.10423547029495239, -0.7782145738601685, 0.09163276851177216, 0.6124708652496338], "scale": [1.0, 1.0, 1.0], "complaints": []}