{"orientation": [0.06745941936969757, -0.8895235061645508, -0.23036439716815948, 0.3887537717819214], "scale": [1.0, 1.0, 1.0], "complaints": []}