{"orientation": [0.09568144381046295, 0.10150641202926636, 0.6590341329574585, 0.73906409740448], "scale": [1.0, 1.0, 1.0], "complaints": []}