{"orientation": [-4.490630090003833e-12, -0.7071068286895752, 0.0, 0.7071068286895752], "scale": [1.0, 1.0, 1.0], "complaints": []}