{"orientation": [5.501210598168882e-12, -0.7071068286895752, -2.9103830456733704e-11, 0.7071068286895752], "scale": [1.0, 1.0, 1.0], "complaints": []}