{"orientation": [6.306777322606649e-11, -0.70710688829422, -1.1641532182693481e-10, 0.70710688829422], "scale": [1.0, 1.0, 1.0], "complaints": []}