{"orientation": [0.03084259293973446, 0.030843906104564667, 0.7064493298530579, 0.7064183354377747], "scale": [1.0, 1.0, 1.0], "complaints": []}