{"orientation": [-3.637978807091713e-12, -2.1579182885034243e-11, 0.7071068286895752, 0.7071068286895752], "scale": [1.0, 1.0, 1.0], "complaints": []}