{"orientation": [-0.1503044217824936, -0.029575403779745102, 0.6816996932029724, 0.7154156565666199], "scale": [1.0, 1.0, 1.0], "complaints": []}