{"orientation": [0.027804812416434288, 0.39292222261428833, -0.0026723486371338367, 0.9191474318504333], "scale": [1.0, 1.0, 1.0], "complaints": []}