{"orientation": [0.05782163143157959, -0.5734925866127014, -0.0021977205760776997, 0.8171647787094116], "scale": [1.0, 1.0, 1.0], "complaints": []}