{"orientation": [0.006211519706994295, 0.16706927120685577, 0.007407631725072861, 0.9858978986740112], "scale": [1.0, 1.0, 1.0], "complaints": []}