{"orientation": [-2.7933274395763874e-05, -4.505657125264406e-05, 1.3317912817001343e-07, 1.0], "scale": [1.0, 1.0, 1.0], "complaints": []}