{"orientation": [-1.2996606528759003e-06, -1.0564981494098902e-06, 0.7071070075035095, 0.7071064710617065], "scale": [1.0, 1.0, 1.0], "complaints": []}