{"orientation": [-5.400552254286595e-07, 0.013884879648685455, 3.513686533551663e-05, 0.9999037384986877], "scale": [1.0, 1.0, 1.0], "complaints": []}