{"orientation": [0.4678535759449005, 0.4692322611808777, 0.5303695201873779, 0.5288121700286865], "scale": [1.0, 1.0, 1.0], "complaints": []}