{"orientation": [-1.5096738934516907e-06, -1.4657161955256015e-06, 0.7071065902709961, 0.7071070075035095], "scale": [1.0, 1.0, 1.0], "complaints": []}