{"orientation": [0.002365797758102417, 0.0025192282628268003, 0.7071122527122498, 0.7070929408073425], "scale": [1.0, 1.0, 1.0], "complaints": []}