{"orientation": [0.4671744406223297, 0.4660620093345642, 0.5308263301849365, 0.5317495465278625], "scale": [1.0, 1.0, 1.0], "complaints": []}