{"orientation": [-1.5015489225334022e-06, 3.6292401546234032e-06, -1.5459909263881855e-07, 1.0000001192092896], "scale": [1.0, 1.0, 1.0], "complaints": []}