{"orientation": [0.43047067523002625, 0.43044573068618774, 0.5609687566757202, 0.5610041618347168], "scale": [1.0, 1.0, 1.0], "complaints": []}