{"orientation": [0.02776295691728592, -0.01088226493448019, 0.0523272305727005, 0.9981846809387207], "scale": [1.0, 1.0, 1.0], "complaints": []}