{"orientation": [-0.007466631941497326, -0.005371333099901676, 0.06970471143722534, 0.9975253939628601], "scale": [1.0, 1.0, 1.0], "complaints": []}