{"orientation": [-1.597224036231637e-05, -7.73483952798415e-06, -2.3517236513725948e-07, 1.0], "scale": [1.0, 1.0, 1.0], "complaints": []}