{"orientation": [-0.001988515956327319, 0.0009204413508996367, 0.7071064114570618, 0.7071037888526917], "scale": [1.0, 1.0, 1.0], "complaints": []}