{"orientation": [-0.0031197320204228163, 0.006524258758872747, -0.001181827043183148, 0.9999732971191406], "scale": [1.0, 1.0, 1.0], "complaints": []}