{"orientation": [8.519491530023515e-07, 6.153559297672473e-07, -2.738652256084606e-07, 1.0], "scale": [1.0, 1.0, 1.0], "complaints": []}