{"orientation": [2.3865140974521637e-09, 6.984919309616089e-08, 3.1851232051849365e-07, 1.0], "scale": [1.0, 1.0, 1.0], "complaints": []}