{"orientation": [-0.0007159278029575944, 0.006596444174647331, 0.0008838488720357418, 0.9999776482582092], "scale": [1.0, 1.0, 1.0], "complaints": []}