{"orientation": [-4.259869456291199e-06, 1.2347591109573841e-05, -6.958725862205029e-08, 1.0], "scale": [1.0, 1.0, 1.0], "complaints": []}