{"orientation": [-0.00353598827496171, -0.007997077889740467, 0.706929624080658, 0.7072298526763916], "scale": [1.0, 1.0, 1.0], "complaints": []}