{"orientation": [-2.9250202260300284e-10, -0.7071068286895752, -3.4924596548080444e-10, 0.7071068286895752], "scale": [1.0, 1.0, 1.0], "complaints": []}