{"orientation": [-2.7657733880914748e-09, -0.7071067094802856, 2.7939677238464355e-09, 0.7071070671081543], "scale": [1.0, 1.0, 1.0], "complaints": []}