{"orientation": [0.7066541314125061, 0.0027083754539489746, 0.003848141524940729, 0.7075436115264893], "scale": [1.0, 1.0, 1.0], "complaints": []}