{"orientation": [1.9161021214131324e-08, 2.6468114810995758e-08, -2.1146661310922354e-07, 1.0000001192092896], "scale": [1.0, 1.0, 1.0], "complaints": []}