{"orientation": [-0.001304620411247015, 0.002382623963057995, -9.115319699048996e-07, 0.9999963045120239], "scale": [1.0, 1.0, 1.0], "complaints": []}