{"orientation": [-0.11901887506246567, 0.054653771221637726, -0.04838200658559799, 0.9902054667472839], "scale": [1.0, 1.0, 1.0], "complaints": []}