{"orientation": [0.6092131733894348, -9.259848593501374e-05, -0.0026318179443478584, 0.793002188205719], "scale": [1.0, 1.0, 1.0], "complaints": []}