{"orientation": [0.0, -4.092726157978177e-11, -0.9975641965866089, 0.06975643336772919], "scale": [1.0, 1.0, 1.0], "complaints": []}