{"orientation": [3.9672479033470154e-05, 7.292255759239197e-07, -2.568121999502182e-07, 1.000000238418579], "scale": [1.0, 1.0, 1.0], "complaints": []}