{"orientation": [-3.725290298461914e-09, -2.2351741790771484e-08, 2.60770320892334e-08, 1.0], "scale": [1.0, 1.0, 1.0], "complaints": []}