{"orientation": [3.698514774441719e-07, 5.061738193035126e-07, -1.0678195394575596e-07, 1.0], "scale": [1.0, 1.0, 1.0], "complaints": []}