{"orientation": [0.0017221994930878282, -0.0030740932561457157, 9.805567970033735e-06, 0.9999939203262329], "scale": [1.0, 1.0, 1.0], "complaints": []}