{"orientation": [3.3058284998332965e-09, 1.0, 0.0, 3.637978807091713e-12], "scale": [1.0, 1.0, 1.0], "complaints": []}