{"orientation": [8.944243745645508e-07, -1.1340420087435632e-06, 1.2107174818254407e-08, 1.0], "scale": [1.0, 1.0, 1.0], "complaints": []}