{"orientation": [4.673141873468012e-09, 3.730349007469158e-08, 1.862645149230957e-09, 1.0], "scale": [1.0, 1.0, 1.0], "complaints": []}