{"orientation": [-5.7176798406999296e-08, -4.154642851972312e-08, -1.0, 3.2125626603374258e-09], "scale": [1.0, 1.0, 1.0], "complaints": []}