{"orientation": [0.00016028359823394567, 0.00019875926955137402, 1.1380024034224334e-07, 1.0], "scale": [1.0, 1.0, 1.0], "complaints": []}