{"orientation": [-2.4102337192744017e-07, -3.997614840045571e-05, 4.3174782149435487e-07, 1.0], "scale": [1.0, 1.0, 1.0], "complaints": []}