{"orientation": [0.008486057631671429, 0.0024534533731639385, 1.0858613677555695e-05, 0.9999610781669617], "scale": [1.0, 1.0, 1.0], "complaints": []}