{"orientation": [-0.001735509722493589, -0.005292786750942469, 1.0665370609785896e-05, 0.9999845623970032], "scale": [1.0, 1.0, 1.0], "complaints": []}