{"orientation": [0.009886273182928562, -0.02907518856227398, -0.9995284676551819, 3.076530992984772e-05], "scale": [1.4641000000000006, 1.4641000000000006, 1.4641000000000006], "complaints": []}