{"orientation": [0.06095433235168457, -0.6452855467796326, -0.0443350188434124, 0.7602142691612244], "scale": [1.0, 1.0, 1.0], "complaints": []}