{"orientation": [-0.49325495958328247, -0.4964562952518463, 0.4950547218322754, 0.5149286985397339], "scale": [1.0, 1.0, 1.0], "complaints": []}