{"orientation": [-0.010083233006298542, -0.6867785453796387, -0.024407846853137016, 0.7263868451118469], "scale": [1.0, 1.0, 1.0], "complaints": []}