{"orientation": [-0.0005474532954394817, 0.011759729124605656, -2.3049069568514824e-05, 0.999930739402771], "scale": [1.0, 1.0, 1.0], "complaints": []}