{"orientation": [0.004136235453188419, -0.005306644830852747, -0.0005159607972018421, 0.9999772906303406], "scale": [1.0, 1.0, 1.0], "complaints": []}