{"orientation": [-0.0017065952997654676, 0.006432006601244211, 0.008773041889071465, 0.9999394416809082], "scale": [1.6105100000000008, 1.6105100000000008, 1.6105100000000008], "complaints": []}