{"orientation": [0.00019985204562544823, -0.0027297246269881725, 0.7071380615234375, 0.7070702314376831], "scale": [1.3310000000000004, 1.3310000000000004, 1.3310000000000004], "complaints": []}