{"orientation": [0.11992743611335754, -0.22891490161418915, -0.0016795676201581955, 0.9660292863845825], "scale": [1.0, 1.0, 1.0], "complaints": []}