{"orientation": [0.0033226076047867537, 0.0028630245942622423, -0.08665678650140762, 0.9962286949157715], "scale": [1.610510000000001, 1.610510000000001, 1.610510000000001], "complaints": []}