{"orientation": [0.004204411059617996, 0.003107429016381502, 0.7049458026885986, 0.7092419862747192], "scale": [1.4641000000000006, 1.4641000000000006, 1.4641000000000006], "complaints": []}