{"orientation": [-0.007776911370456219, 0.0031662217807024717, 0.7002438902854919, 0.7138542532920837], "scale": [1.4641000000000006, 1.4641000000000006, 1.4641000000000006], "complaints": []}