{"orientation": [0.1985965520143509, 0.07176918536424637, -0.05034893378615379, 0.9761524796485901], "scale": [1.0, 1.0, 1.0], "complaints": []}