{"orientation": [-0.02870926819741726, -0.6909938454627991, 0.03395748883485794, 0.7214916944503784], "scale": [1.0, 1.0, 1.0], "complaints": []}