{"orientation": [-0.03195313364267349, -0.7031659483909607, 0.046257589012384415, 0.7087996602058411], "scale": [1.0, 1.0, 1.0], "complaints": []}