{"orientation": [0.4942762553691864, -0.4927635192871094, -0.5416795015335083, 0.46846407651901245], "scale": [1.0, 1.0, 1.0], "complaints": []}