{"orientation": [0.07449895143508911, -0.6978416442871094, -0.07406653463840485, 0.7085064649581909], "scale": [1.0, 1.0, 1.0], "complaints": []}