{"orientation": [0.02165963128209114, -0.06186366081237793, -0.1017870232462883, 0.9926446676254272], "scale": [1.0, 1.0, 1.0], "complaints": []}