{"orientation": [0.05761221796274185, -0.6743888258934021, -0.06740806251764297, 0.7330325245857239], "scale": [1.0, 1.0, 1.0], "complaints": []}