{"orientation": [0.04211339354515076, 0.008362089283764362, -0.01218027900904417, 0.9990036487579346], "scale": [1.0, 1.0, 1.0], "complaints": []}