{"orientation": [0.05110102891921997, 0.1026846244931221, -0.05630578473210335, 0.9918036460876465], "scale": [1.0, 1.0, 1.0], "complaints": []}