{"orientation": [0.02217814140021801, 0.014740301296114922, 0.7092970013618469, 0.7044066190719604], "scale": [1.0, 1.0, 1.0], "complaints": []}