{"orientation": [0.6085911393165588, -0.05214203894138336, -0.789496898651123, -0.0599389374256134], "scale": [1.0, 1.0, 1.0], "complaints": []}