{"orientation": [2.293962353405732e-08, 2.007929467140457e-08, -3.5855823199426595e-08, 1.0], "scale": [1.0, 1.0, 1.0], "complaints": []}