{"orientation": [-0.011814682744443417, 0.06776415556669235, -0.004164060112088919, 0.9976228475570679], "scale": [1.0, 1.0, 1.0], "complaints": []}