{"orientation": [-0.0010092365555465221, -0.00602539349347353, 0.0012106478679925203, 0.9999805688858032], "scale": [1.0, 1.0, 1.0], "complaints": []}