{"orientation": [-0.0010094300378113985, -0.00602987315505743, 0.0012129059759899974, 0.9999806880950928], "scale": [1.0, 1.0, 1.0], "complaints": []}