{"orientation": [-0.011833707801997662, 0.06777189671993256, -0.004094363190233707, 0.9976223707199097], "scale": [1.0, 1.0, 1.0], "complaints": []}