{"orientation": [5.884603160666302e-05, 0.0001272816734854132, -1.711274535409757e-06, 1.0000001192092896], "scale": [2.5937424601000028, 2.5937424601000028, 2.5937424601000028], "complaints": []}