{"orientation": [-1.2147545191965037e-08, 5.771784827857118e-08, -6.83513690091786e-09, 1.0], "scale": [1.0, 1.0, 1.0], "complaints": []}