{"orientation": [-2.0576152337525855e-08, 5.885634379865223e-08, 8.201482160075102e-09, 1.0], "scale": [1.0, 1.0, 1.0], "complaints": []}