{"orientation": [4.911394353257492e-05, -0.00014482581173069775, 2.0496051433838147e-07, 1.0000001192092896], "scale": [1.6105100000000008, 1.6105100000000008, 1.6105100000000008], "complaints": []}