{"orientation": [-2.6376479667078456e-08, 0.00013089488493278623, -3.825370598065092e-08, 1.0], "scale": [1.0, 1.0, 1.0], "complaints": []}