{"orientation": [0.00010881230264203623, -0.0002099966222885996, 7.179799865753012e-08, 1.0], "scale": [1.0, 1.0, 1.0], "complaints": []}