{"orientation": [3.7888057136115094e-08, 2.5334784936603683e-08, -5.8190607887809165e-09, 1.0], "scale": [1.0, 1.0, 1.0], "complaints": []}