{"orientation": [-4.711175733973505e-06, 8.325699127453845e-06, -1.0869774769162177e-07, 1.0], "scale": [1.0, 1.0, 1.0], "complaints": []}