{"orientation": [3.453012809018219e-08, 9.649970422742626e-08, -5.367098765418632e-09, 1.0], "scale": [1.0, 1.0, 1.0], "complaints": []}