{"orientation": [8.010850649498025e-08, -2.1754301826604205e-07, 4.771052317664726e-07, 1.0], "scale": [1.0, 1.0, 1.0], "complaints": []}