{"orientation": [0.15405789017677307, -0.690083384513855, -0.09161032736301422, 0.7011837363243103], "scale": [1.0, 1.0, 1.0], "complaints": []}