{"orientation": [-0.4085303544998169, -0.5769644975662231, 0.40903037786483765, 0.5769827961921692], "scale": [1.0, 1.0, 1.0], "complaints": []}