{"orientation": [-7.441267371177673e-07, 4.616595106199384e-09, 2.9383227229118347e-07, 1.0000001192092896], "scale": [1.0, 1.0, 1.0], "complaints": []}