{"orientation": [-0.00620394479483366, -0.007610999513417482, 0.0005545457825064659, 0.9999516606330872], "scale": [1.0, 1.0, 1.0], "complaints": []}