{"orientation": [-4.5201886678114533e-10, -1.1641532182693481e-10, 0.7071069478988647, 0.7071067690849304], "scale": [1.0, 1.0, 1.0], "complaints": []}