{"orientation": [0.0015345923602581024, 0.22036293148994446, -0.027661075815558434, 0.9750245809555054], "scale": [1.0, 1.0, 1.0], "complaints": []}