{"orientation": [-0.01784054934978485, 0.7139186263084412, -0.017829200252890587, 0.699774444103241], "scale": [1.0, 1.0, 1.0], "complaints": []}