{"orientation": [0.024237897247076035, 0.7215722799301147, 0.03407696262001991, 0.6910750865936279], "scale": [1.0, 1.0, 1.0], "complaints": []}