{"orientation": [-0.04704415798187256, 0.6881069540977478, -0.031017081812024117, 0.7234180569648743], "scale": [1.0, 1.0, 1.0], "complaints": []}