{"orientation": [-0.06395204365253448, 0.6979604959487915, -0.08409254997968674, 0.7083007097244263], "scale": [1.0, 1.0, 1.0], "complaints": []}