{"orientation": [2.561137080192566e-09, -0.70710688829422, 0.0, 0.70710688829422], "scale": [1.0, 1.0, 1.0], "complaints": []}