{"orientation": [0.0011663194745779037, 0.0005492144264280796, 0.0009487762581557035, 0.9999987483024597], "scale": [1.1, 1.1, 1.1], "complaints": []}