{"orientation": [-2.5946735604520654e-06, -5.875502665730892e-06, 8.912240900826873e-08, 1.0], "scale": [1.0, 1.0, 1.0], "complaints": []}