{"orientation": [-3.321782423881814e-05, -3.2926356652751565e-05, 8.141578291542828e-07, 1.0000001192092896], "scale": [1.0, 1.0, 1.0], "complaints": []}