{"orientation": [-5.260517355054617e-09, 1.4551915228366852e-08, 4.6186187319108285e-07, 1.0], "scale": [1.0, 1.0, 1.0], "complaints": []}