{"orientation": [0.0, 0.0, 0.0, 1.0], "scale": [1.6105100000000008, 1.6105100000000008, 1.6105100000000008], "complaints": []}