{"orientation": [0.0, 0.0, 0.0, 1.000000238418579], "scale": [1.4641000000000006, 1.4641000000000006, 1.4641000000000006], "complaints": []}