{"orientation": [-0.0015923278406262398, -0.0019638475496321917, -0.8620325922966003, 0.5068466663360596], "scale": [1.0, 1.0, 1.0], "complaints": []}