{"orientation": [-0.00014770403504371643, 3.231989103369415e-05, 6.183381628943607e-08, 1.0], "scale": [1.0, 1.0, 1.0], "complaints": []}