{"orientation": [0.0686090886592865, -0.7037688493728638, -0.06854183226823807, 0.7037786841392517], "scale": [1.0, 1.0, 1.0], "complaints": []}