{"orientation": [-5.52349419535858e-08, -0.7071068286895752, -3.9781465233090785e-08, 0.7071068286895752], "scale": [1.0, 1.0, 1.0], "complaints": []}