{"orientation": [-0.012565800920128822, -0.06877903640270233, -0.7067223191261292, 0.7040279507637024], "scale": [1.0, 1.0, 1.0], "complaints": []}