{"orientation": [0.005983366630971432, -0.018328914418816566, 0.00031516363378614187, 0.9998142123222351], "scale": [1.0, 1.0, 1.0], "complaints": []}