{"orientation": [-8.065511792665347e-06, -0.9999699592590332, 0.007643233984708786, 0.0012927588541060686], "scale": [1.0, 1.0, 1.0], "complaints": []}