{"orientation": [1.1641532182693481e-09, -0.7071067690849304, 1.234002411365509e-08, 0.7071067690849304], "scale": [1.0, 1.0, 1.0], "complaints": []}