{"orientation": [1.8524588085711002e-08, -0.7071067094802856, 2.561137080192566e-08, 0.70710688829422], "scale": [1.0, 1.0, 1.0], "complaints": []}