{"orientation": [4.6100467443466187e-08, -0.7071068286895752, 4.284083843231201e-08, 0.7071068286895752], "scale": [1.0, 1.0, 1.0], "complaints": []}