{"orientation": [-1.778826117515564e-07, 4.284083843231201e-08, 0.3826844394207001, 0.9238792657852173], "scale": [1.0, 1.0, 1.0], "complaints": []}