{"orientation": [5.934769546911411e-07, -3.3566844649612904e-05, -2.4505928308826697e-07, 1.0000001192092896], "scale": [1.0, 1.0, 1.0], "complaints": []}