{"orientation": [0.7071069478988647, 1.3969838619232178e-09, 2.6775524020195007e-09, 0.7071067690849304], "scale": [1.0, 1.0, 1.0], "complaints": []}