{"orientation": [-5.664333002641797e-07, 6.723003752995282e-05, -0.70710688829422, 0.7071067094802856], "scale": [1.0, 1.0, 1.0], "complaints": []}