{"orientation": [5.2386894822120667e-08, 5.518586476682685e-08, -0.7071069478988647, 0.7071067690849304], "scale": [1.0, 1.0, 1.0], "complaints": []}