{"orientation": [0.0009397314279340208, 0.0068303910084068775, -0.0075905220583081245, 0.9999474287033081], "scale": [1.0, 1.0, 1.0], "complaints": []}