{"orientation": [-0.002145450795069337, -0.0020104257855564356, 1.3286771718412638e-06, 0.999995768070221], "scale": [1.0, 1.0, 1.0], "complaints": []}