{"orientation": [0.00037525498191826046, -0.000427783204941079, 1.7001548258122057e-06, 1.0], "scale": [1.0, 1.0, 1.0], "complaints": []}