{"orientation": [-1.1938386705878656e-05, -9.405398486705963e-07, -2.1840896806679666e-06, 1.0000001192092896], "scale": [1.0, 1.0, 1.0], "complaints": []}