{"orientation": [5.266786047286587e-07, -3.828020282981015e-07, 8.940742191043682e-08, 1.0000001192092896], "scale": [1.0, 1.0, 1.0], "complaints": []}