{"orientation": [-9.179292987937515e-07, -1.4474218801296956e-07, -8.245608640322644e-09, 1.0], "scale": [1.0, 1.0, 1.0], "complaints": []}