{"orientation": [-8.89413058757782e-08, -2.6961788535118103e-07, 1.9835453713312745e-05, 1.0], "scale": [1.0, 1.0, 1.0], "complaints": []}