{"orientation": [-8.87666828930378e-08, -5.292240530252457e-07, -1.473304109822493e-07, 1.0000001192092896], "scale": [1.0, 1.0, 1.0], "complaints": []}