{"orientation": [6.129266694188118e-08, 5.1520146371331066e-08, -1.9664457795443013e-07, 1.0], "scale": [1.0, 1.0, 1.0], "complaints": []}