{"orientation": [3.6766286939382553e-06, -9.904171747621149e-06, -1.0103337899636244e-07, 1.0000001192092896], "scale": [1.0, 1.0, 1.0], "complaints": []}