{"orientation": [5.2453571697697043e-05, -1.770397648215294e-05, -1.6631556718493812e-06, 1.0000001192092896], "scale": [1.0, 1.0, 1.0], "complaints": []}