{"orientation": [-5.281646735966206e-06, -7.594272028654814e-05, -3.8453072193078697e-07, 1.0000001192092896], "scale": [1.0, 1.0, 1.0], "complaints": []}