{"orientation": [0.09008144587278366, 0.0613739900290966, -0.0002736698661465198, 0.9940416216850281], "scale": [1.0, 1.0, 1.0], "complaints": []}