{"orientation": [2.6047928258776665e-09, 8.243951015174389e-07, -8.877259460859932e-08, 1.0], "scale": [1.0, 1.0, 1.0], "complaints": []}