{"orientation": [-0.021871017292141914, -0.010487866587936878, -0.001738718361593783, 0.9997044205665588], "scale": [1.0, 1.0, 1.0], "complaints": []}