{"orientation": [-8.55152029544115e-06, 1.3280892744660378e-05, -9.5855284598656e-08, 1.0], "scale": [1.0, 1.0, 1.0], "complaints": []}