{"orientation": [0.1747322678565979, 0.11096148192882538, 0.011151702143251896, 0.9782801270484924], "scale": [1.0, 1.0, 1.0], "complaints": []}