{"orientation": [-5.570938810706139e-06, 9.20100137591362e-06, -5.727326424675994e-06, 1.0], "scale": [1.0, 1.0, 1.0], "complaints": []}