{"orientation": [0.0059212371706962585, 0.02969452366232872, 1.5765108400955796e-05, 0.9995415806770325], "scale": [1.0, 1.0, 1.0], "complaints": []}