{"orientation": [-6.998958997428417e-05, -0.5257344245910645, -0.0001564212143421173, 0.8506487607955933], "scale": [1.0, 1.0, 1.0], "complaints": []}