{"orientation": [-3.628703416325152e-05, -1.0820513125509024e-06, 2.4142764232237823e-07, 1.0], "scale": [1.0, 1.0, 1.0], "complaints": []}