{"orientation": [-4.1226453362241955e-09, 1.608463406910232e-08, 6.51925802230835e-08, 1.0], "scale": [1.0, 1.0, 1.0], "complaints": []}