{"orientation": [-2.9538641683757305e-06, -9.583891369402409e-07, -1.1709016689565033e-07, 1.0], "scale": [1.0, 1.0, 1.0], "complaints": []}