{"orientation": [0.0003342076379340142, -5.183546454645693e-05, -7.232232235310221e-08, 1.0], "scale": [1.0, 1.0, 1.0], "complaints": []}