{"orientation": [-0.050121162086725235, -0.0367218442261219, 5.818439240101725e-05, 0.9980679750442505], "scale": [1.0, 1.0, 1.0], "complaints": []}