{"orientation": [-2.7101486921310425e-07, 1.2945383787155151e-07, -1.7451384337618947e-07, 1.0], "scale": [1.0, 1.0, 1.0], "complaints": []}