{"orientation": [-2.8640934033319354e-06, 2.647779183462262e-06, -9.167644748231396e-06, 1.0000001192092896], "scale": [1.0, 1.0, 1.0], "complaints": []}