{"orientation": [1.8998980522155762e-07, -3.2800016924738884e-07, 0.70710688829422, 0.7071068286895752], "scale": [1.0, 1.0, 1.0], "complaints": []}