{"orientation": [1.2764736311510205e-05, -3.821038990281522e-05, 3.883096724166535e-07, 1.0], "scale": [1.0, 1.0, 1.0], "complaints": []}