{"orientation": [-2.1764979464933276e-05, -2.4855427909642458e-05, 9.567033885105047e-07, 1.0000001192092896], "scale": [1.0, 1.0, 1.0], "complaints": []}