{"orientation": [-0.03586476668715477, 0.029088355600833893, 0.008397522382438183, 0.9988979697227478], "scale": [1.0, 1.0, 1.0], "complaints": []}