{"orientation": [1.293228706344962e-07, 1.9354047253727913e-07, -8.971724696493766e-08, 1.0], "scale": [1.0, 1.0, 1.0], "complaints": []}