{"orientation": [-0.0371326245367527, 0.027446113526821136, 0.0528622530400753, 0.9975337982177734], "scale": [1.0, 1.0, 1.0], "complaints": []}