{"orientation": [0.7071022391319275, -7.875263690948486e-06, -6.506983481813222e-06, 0.7071114182472229], "scale": [1.0, 1.0, 1.0], "complaints": []}