{"orientation": [-0.04946090281009674, -0.03116539679467678, -0.0029243803583085537, 0.9982855319976807], "scale": [1.0, 1.0, 1.0], "complaints": []}