{"orientation": [-1.1408701539039612e-08, 1.2165401130914688e-08, -1.479384081903845e-08, 1.0], "scale": [1.0, 1.0, 1.0], "complaints": []}