{"orientation": [-0.15070800483226776, -0.5693687200546265, 0.20938871800899506, 0.7805529832839966], "scale": [1.0, 1.0, 1.0], "complaints": []}