{"orientation": [-4.031200660392642e-06, 3.381071337571484e-06, 7.786552487232257e-07, 0.9999999403953552], "scale": [1.0, 1.0, 1.0], "complaints": []}