{"orientation": [-0.1388440728187561, 0.04333800822496414, -0.008002745918929577, 0.9893331527709961], "scale": [1.0, 1.0, 1.0], "complaints": []}