{"orientation": [-2.705928636714816e-06, -1.840468030422926e-06, -1.2675263860728592e-07, 1.0000001192092896], "scale": [1.0, 1.0, 1.0], "complaints": []}