{"orientation": [3.725290298461914e-09, 7.82310962677002e-08, 3.6088749766349792e-06, 1.0000001192092896], "scale": [1.0, 1.0, 1.0], "complaints": []}