{"orientation": [-1.729204086586833e-07, -3.3216201700270176e-07, -2.8370254767651204e-07, 1.0], "scale": [1.0, 1.0, 1.0], "complaints": []}