{"orientation": [1.369244841953332e-07, 4.383249176953541e-07, 2.420657096990908e-07, 1.000000238418579], "scale": [1.0, 1.0, 1.0], "complaints": []}