{"orientation": [-1.4345278032124043e-07, -1.869630068540573e-07, 2.9193574846431147e-06, 1.0000001192092896], "scale": [1.0, 1.0, 1.0], "complaints": []}