{"orientation": [-1.0000001192092896, 2.0116567611694336e-07, 3.4138443879783154e-05, -4.244738374836743e-05], "scale": [1.0, 1.0, 1.0], "complaints": []}