{"orientation": [-8.435636118520051e-07, -7.976923370733857e-07, 8.196536782634212e-08, 1.0000001192092896], "scale": [1.0, 1.0, 1.0], "complaints": []}