{"orientation": [-2.272645360790193e-07, 2.0570805645547807e-06, 1.5978184819687158e-07, 1.0000001192092896], "scale": [1.0, 1.0, 1.0], "complaints": []}