{"orientation": [1.7473939806222916e-06, 2.5747140171006322e-05, 4.000366971013136e-07, 1.0000001192092896], "scale": [1.0, 1.0, 1.0], "complaints": []}