{"orientation": [-0.005421530455350876, -0.7451039552688599, 0.005415731575340033, 0.6669044494628906], "scale": [1.0, 1.0, 1.0], "complaints": []}