{"orientation": [-0.0011021341197192669, -0.7564520835876465, 0.0009653083980083466, 0.6540476083755493], "scale": [1.0, 1.0, 1.0], "complaints": []}