{"orientation": [-0.00024062034208327532, -0.7095219492912292, 0.00024783448316156864, 0.7046834230422974], "scale": [1.0, 1.0, 1.0], "complaints": []}