{"orientation": [1.862645149230957e-08, 1.2473901733756065e-07, 1.0, 2.2188760340213776e-07], "scale": [1.0, 1.0, 1.0], "complaints": []}