{"orientation": [6.837905353052065e-09, 1.5460771862763067e-07, -1.04323376604043e-07, 1.0], "scale": [1.0, 1.0, 1.0], "complaints": []}