{"orientation": [-0.7066755890846252, 0.02360869199037552, -0.025745939463377, 0.7066749334335327], "scale": [1.0, 1.0, 1.0], "complaints": []}