{"orientation": [-0.5003851652145386, -0.5000313520431519, 0.49996840953826904, 0.49961480498313904], "scale": [1.0, 1.0, 1.0], "complaints": []}