{"orientation": [0.002473097061738372, 0.0026979162357747555, -4.504110256675631e-05, 0.9999932646751404], "scale": [1.0, 1.0, 1.0], "complaints": []}