{"orientation": [-0.49998095631599426, -0.5000859498977661, 0.4999140799045563, 0.5000192523002625], "scale": [1.0, 1.0, 1.0], "complaints": []}