{"orientation": [0.0003958922461606562, 0.190658301115036, -0.002036123536527157, 0.9816543459892273], "scale": [1.0, 1.0, 1.0], "complaints": []}