{"orientation": [4.3655745685100555e-11, 1.4370016288012266e-10, 0.20791170001029968, 0.9781477451324463], "scale": [1.0, 1.0, 1.0], "complaints": []}