{"orientation": [-2.3283064365386963e-10, 9.313225746154785e-09, -1.6007106751203537e-10, 1.0], "scale": [1.0, 1.0, 1.0], "complaints": []}