{"orientation": [-6.28642737865448e-09, 0.0, 2.977321855723858e-08, 1.0000001192092896], "scale": [1.3310000000000004, 1.3310000000000004, 1.3310000000000004], "complaints": []}