{"orientation": [0.0, 0.0, 0.0, 1.0], "scale": [1.3310000000000004, 1.3310000000000004, 1.3310000000000004], "complaints": []}