{"orientation": [-8.047598385019228e-05, -8.571546641178429e-05, 0.7071065902709961, 0.7071070671081543], "scale": [1.0, 1.0, 1.0], "complaints": []}