{"orientation": [0.01207178458571434, -0.191238671541214, 0.020173771306872368, 0.9812620282173157], "scale": [1.0, 1.0, 1.0], "complaints": []}