{"orientation": [-0.002599541563540697, 0.0025996160693466663, -0.707115113735199, 0.7070889472961426], "scale": [1.0, 1.0, 1.0], "complaints": []}