{"orientation": [7.2177499532699585e-09, 3.134755388600752e-08, 0.7071066498756409, 0.7071070671081543], "scale": [1.0, 1.0, 1.0], "complaints": []}