{"orientation": [4.438152245711535e-08, -7.794640259817243e-05, 2.868512092391029e-05, 1.0000001192092896], "scale": [1.0, 1.0, 1.0], "complaints": []}