{"orientation": [-0.0006169003900140524, -0.0059097036719322205, -4.855566658079624e-05, 0.9999822974205017], "scale": [1.0, 1.0, 1.0], "complaints": []}