{"orientation": [3.674292088362563e-07, 7.247092526085908e-08, 2.0365953332657227e-06, 1.0000001192092896], "scale": [1.0, 1.0, 1.0], "complaints": []}