{"orientation": [0.6943688988685608, 0.07165765762329102, -0.7132669687271118, -0.06298819929361343], "scale": [1.0, 1.0, 1.0], "complaints": []}