{"orientation": [-0.6610487103462219, -0.23733434081077576, 0.7061840295791626, 0.08939340710639954], "scale": [1.0, 1.0, 1.0], "complaints": []}