{"orientation": [0.16402360796928406, -0.72629714012146, -0.18941476941108704, 0.6400865912437439], "scale": [1.0, 1.0, 1.0], "complaints": []}