{"orientation": [0.044910553842782974, -0.7989609837532043, -0.17578628659248352, 0.5733618140220642], "scale": [1.0, 1.0, 1.0], "complaints": []}