{"orientation": [-0.00012722518295049667, 0.002139819785952568, -2.2370513761416078e-06, 0.9999977946281433], "scale": [1.0, 1.0, 1.0], "complaints": []}