{"orientation": [-0.0005846364656463265, 0.001907444791868329, -4.6133754949551076e-07, 0.9999980926513672], "scale": [1.0, 1.0, 1.0], "complaints": []}