{"orientation": [1.1175870895385742e-07, -1.4415127225220203e-07, -4.257308319211006e-07, 1.0000001192092896], "scale": [1.0, 1.0, 1.0], "complaints": []}