{"orientation": [-0.5944840908050537, -0.4600984752178192, 0.518194317817688, 0.40788817405700684], "scale": [1.0, 1.0, 1.0], "complaints": []}