{"orientation": [-0.4979623854160309, -0.5018219947814941, 0.49878382682800293, 0.5014210343360901], "scale": [1.0, 1.0, 1.0], "complaints": []}