{"orientation": [0.00271345442160964, -0.6965264081954956, -0.006033163517713547, 0.7175006866455078], "scale": [1.0, 1.0, 1.0], "complaints": []}