{"orientation": [-0.5821933746337891, -0.41041186451911926, 0.5701087713241577, 0.40937650203704834], "scale": [1.0, 1.0, 1.0], "complaints": []}