{"orientation": [-0.023967808112502098, 0.006437411531805992, -5.1422277465462685e-05, 0.9996920228004456], "scale": [1.0, 1.0, 1.0], "complaints": []}