{"orientation": [-6.984919309616089e-09, 5.925539880990982e-08, 0.7071046829223633, 0.7071089744567871], "scale": [1.0, 1.0, 1.0], "complaints": []}