{"orientation": [-0.0005576335825026035, 0.00954006053507328, 0.0024134009145200253, 0.9999514818191528], "scale": [1.0, 1.0, 1.0], "complaints": []}