{"orientation": [0.008904550224542618, 0.001934140920639038, 0.6944584846496582, 0.7194751501083374], "scale": [1.0, 1.0, 1.0], "complaints": []}