{"orientation": [-7.916241884231567e-08, 1.8905848264694214e-07, 0.7071340680122375, 0.7070794701576233], "scale": [1.0, 1.0, 1.0], "complaints": []}