{"orientation": [-0.481597900390625, -0.5165532827377319, 0.4862968623638153, 0.5145401954650879], "scale": [1.0, 1.0, 1.0], "complaints": []}