{"orientation": [-0.06733381003141403, -0.6700878739356995, 0.06285345554351807, 0.7365446090698242], "scale": [1.0, 1.0, 1.0], "complaints": []}