{"orientation": [-0.4915822148323059, -0.49290892481803894, 0.5060081481933594, 0.5092579126358032], "scale": [1.0, 1.0, 1.0], "complaints": []}