{"orientation": [-0.0041176751255989075, 0.01922997087240219, 0.7057744860649109, 0.7081636190414429], "scale": [1.0, 1.0, 1.0], "complaints": []}