{"orientation": [-7.450580596923828e-08, -3.725290298461914e-09, 0.7071103453636169, 0.7071032524108887], "scale": [1.0, 1.0, 1.0], "complaints": []}