{"orientation": [0.0005315025337040424, -0.7151676416397095, -0.0007812008261680603, 0.698952317237854], "scale": [1.0, 1.0, 1.0], "complaints": []}