{"orientation": [-2.555479295551777e-05, -0.0025914337020367384, -1.3184762792661786e-06, 0.9999967217445374], "scale": [1.0, 1.0, 1.0], "complaints": []}