{"orientation": [-0.41932007670402527, -0.3337375521659851, 0.6290145516395569, 0.5631436109542847], "scale": [1.0, 1.0, 1.0], "complaints": []}