{"orientation": [0.031040117144584656, -0.036734845489263535, 0.7403877973556519, 0.6704573631286621], "scale": [1.0, 1.0, 1.0], "complaints": []}