{"orientation": [0.0004941560328006744, 0.00038961274549365044, 0.1391717791557312, 0.9902681112289429], "scale": [1.0, 1.0, 1.0], "complaints": []}