{"orientation": [-0.4613766670227051, -0.5191946029663086, 0.522331714630127, 0.49471020698547363], "scale": [1.0, 1.0, 1.0], "complaints": []}