{"orientation": [0.009250870905816555, -0.5320243239402771, -0.015206575393676758, 0.8465420603752136], "scale": [1.0, 1.0, 1.0], "complaints": []}