{"orientation": [-0.0019615357741713524, -0.7109910249710083, 0.0019700974225997925, 0.7031957507133484], "scale": [1.0, 1.0, 1.0], "complaints": []}