{"orientation": [2.9769318643957376e-05, 0.003421325236558914, 1.3406097423285246e-06, 0.9999942779541016], "scale": [1.0, 1.0, 1.0], "complaints": []}