{"orientation": [-0.11672808229923248, -0.7517644166946411, 0.062479786574840546, 0.6460040807723999], "scale": [1.0, 1.0, 1.0], "complaints": []}