{"orientation": [-0.630967378616333, -0.3534819483757019, 0.6507256627082825, 0.23127247393131256], "scale": [1.0, 1.0, 1.0], "complaints": []}