{"orientation": [0.0008219792507588863, 0.005093531683087349, 0.0043624755926430225, 0.9999772310256958], "scale": [1.0, 1.0, 1.0], "complaints": []}