{"orientation": [-5.50062395632267e-08, 5.293986760079861e-08, -4.2922329157590866e-07, 1.0000001192092896], "scale": [1.0, 1.0, 1.0], "complaints": []}