{"orientation": [-0.0019663916900753975, -0.7138386368751526, 0.0019758157432079315, 0.7003048062324524], "scale": [1.0, 1.0, 1.0], "complaints": []}