{"orientation": [0.9151193499565125, -0.016478855162858963, 0.04370514303445816, 0.4004683494567871], "scale": [1.0, 1.0, 1.0], "complaints": []}