{"orientation": [-1.0685957022360526e-05, 1.2049231372657232e-05, 0.7071068286895752, 0.7071068286895752], "scale": [1.0, 1.0, 1.0], "complaints": []}