{"orientation": [1.6577541828155518e-06, 6.95343260304071e-07, 1.0, 2.009328454732895e-07], "scale": [1.0, 1.0, 1.0], "complaints": []}