{"orientation": [1.8342007024330087e-07, -0.0024753205943852663, 1.6967494957498275e-05, 0.9999970197677612], "scale": [1.0, 1.0, 1.0], "complaints": []}