{"orientation": [0.005218219943344593, 0.011761538684368134, -0.004655056167393923, 0.9999064207077026], "scale": [1.0, 1.0, 1.0], "complaints": []}