{"orientation": [4.547473508864641e-09, 1.9861545297317207e-08, 9.542418411001563e-08, 1.0], "scale": [1.0, 1.0, 1.0], "complaints": []}