{"orientation": [-0.0003637988120317459, 0.0002889431198127568, 0.70710688829422, 0.7071066498756409], "scale": [1.0, 1.0, 1.0], "complaints": []}