{"orientation": [-2.3184838937595487e-08, 5.496985977515578e-09, -5.624315235763788e-09, 1.0], "scale": [1.0, 1.0, 1.0], "complaints": []}