{"orientation": [-0.0038268938660621643, -0.6809744238853455, -0.7170916795730591, 0.14845426380634308], "scale": [1.0, 1.0, 1.0], "complaints": []}