{"orientation": [-0.4910241365432739, -0.3681880831718445, -0.5123327970504761, 0.6007061004638672], "scale": [1.0, 1.0, 1.0], "complaints": []}