{"orientation": [-0.6928533315658569, -0.41982781887054443, -0.369965136051178, 0.4547799229621887], "scale": [1.0, 1.0, 1.0], "complaints": []}