{"orientation": [-0.6119055151939392, 0.007560461759567261, -0.007055800408124924, 0.7908633947372437], "scale": [1.0, 1.0, 1.0], "complaints": []}