{"orientation": [-0.7639613747596741, 0.3264703154563904, 0.23614990711212158, 0.5039975643157959], "scale": [1.0, 1.0, 1.0], "complaints": []}