{"orientation": [4.462208380573429e-12, -0.7071069478988647, 3.637978807091713e-12, 0.7071067094802856], "scale": [1.0, 1.0, 1.0], "complaints": []}