{"orientation": [-0.004105888307094574, -0.047680772840976715, 0.10319817066192627, 0.9935088753700256], "scale": [1.0, 1.0, 1.0], "complaints": []}