{"orientation": [-9.313225746154785e-10, 5.515175871551037e-09, 0.017452411353588104, 0.9998477101325989], "scale": [1.0, 1.0, 1.0], "complaints": []}