{"orientation": [2.450542524456978e-08, -7.450580596923828e-09, 0.0348995067179203, 0.9993909001350403], "scale": [1.0, 1.0, 1.0], "complaints": []}