{"orientation": [-0.005891365930438042, -0.045467276126146317, 0.08715930581092834, 0.995138943195343], "scale": [1.0, 1.0, 1.0], "complaints": []}