{"orientation": [5.6039425544440746e-08, -5.587935447692871e-09, 0.052335962653160095, 0.998629629611969], "scale": [1.0, 1.0, 1.0], "complaints": []}