{"orientation": [-6.985291838645935e-05, 3.589317202568054e-06, -9.220093488693237e-08, 1.0], "scale": [1.0, 1.0, 1.0], "complaints": []}