{"orientation": [-1.3606622815132141e-06, 1.8934952095150948e-06, 7.609778549522161e-07, 1.0], "scale": [1.0, 1.0, 1.0], "complaints": []}