{"orientation": [-0.00036799852387048304, -0.0008670102688483894, 2.313524419150781e-06, 0.9999995231628418], "scale": [1.0, 1.0, 1.0], "complaints": []}