{"orientation": [0.00019614462507888675, -0.0003328629245515913, -0.0002428009465802461, 0.9999999403953552], "scale": [0.7513148009015777, 0.7513148009015777, 0.7513148009015777], "complaints": []}