{"orientation": [-0.5027647018432617, 0.49616891145706177, -0.5123050212860107, 0.48845434188842773], "scale": [1.0, 1.0, 1.0], "complaints": []}