{"orientation": [0.021899105980992317, -0.7297226786613464, -0.02513146586716175, 0.6829303503036499], "scale": [1.0, 1.0, 1.0], "complaints": []}