{"orientation": [1.0629587166022247e-07, -8.161004672047056e-08, -1.4338968412630493e-07, 1.0000001192092896], "scale": [1.0, 1.0, 1.0], "complaints": []}