{"orientation": [-5.587935447692871e-09, -0.7071068286895752, -4.284083843231201e-08, 0.7071068286895752], "scale": [1.0, 1.0, 1.0], "complaints": []}