{"orientation": [-5.3551048040390015e-09, -0.44619783759117126, 2.2351741790771484e-08, 0.8949344754219055], "scale": [1.0, 1.0, 1.0], "complaints": []}