{"orientation": [-1.7695128917694092e-08, -0.7071066498756409, 0.0, 0.7071068286895752], "scale": [1.0, 1.0, 1.0], "complaints": []}