{"orientation": [0.00014102458953857422, -0.00036636553704738617, -2.3515895009040833e-07, 0.9999999403953552], "scale": [1.0, 1.0, 1.0], "complaints": []}