{"orientation": [0.0025627166032791138, 0.002434715861454606, -3.960100002586842e-06, 0.9999938011169434], "scale": [1.0, 1.0, 1.0], "complaints": []}