{"orientation": [0.0030129924416542053, 0.0029910816811025143, 3.450550138950348e-07, 0.9999911189079285], "scale": [1.0, 1.0, 1.0], "complaints": []}