{"orientation": [-0.00046176603063941, -0.0009421181166544557, 2.8017277145409025e-05, 0.999999463558197], "scale": [0.620921323059155, 0.620921323059155, 0.620921323059155], "complaints": []}