{"orientation": [-0.0009906142950057983, 0.0018981113098561764, 3.821609425358474e-06, 0.9999978542327881], "scale": [1.0, 1.0, 1.0], "complaints": []}