{"orientation": [2.6516849175095558e-05, -2.584420144557953e-07, 5.6787102948874235e-06, 1.0], "scale": [1.0, 1.0, 1.0], "complaints": []}