{"orientation": [3.679341170936823e-05, 4.470348358154297e-08, -1.441221684217453e-07, 1.0000001192092896], "scale": [1.0, 1.0, 1.0], "complaints": []}