{"orientation": [0.05366363003849983, 0.06787144392728806, -0.017032623291015625, 0.9961041808128357], "scale": [1.0, 1.0, 1.0], "complaints": []}