{"orientation": [1.6007106751203537e-10, -7.566995918750763e-10, -2.980263502649905e-08, 1.0], "scale": [0.4665073802097336, 0.4665073802097336, 0.4665073802097336], "complaints": []}