{"orientation": [-0.021419234573841095, 0.028674567118287086, 0.00018585630459710956, 0.9993593692779541], "scale": [1.0, 1.0, 1.0], "complaints": []}