{"orientation": [0.01623670943081379, 0.036453887820243835, -0.0003994987055193633, 0.9992033839225769], "scale": [1.0, 1.0, 1.0], "complaints": []}