{"orientation": [-0.0026867850683629513, 0.007254316005855799, -2.3778264221618883e-05, 0.9999700784683228], "scale": [4.177248169415656, 4.177248169415656, 4.177248169415656], "complaints": []}