{"orientation": [-0.0017295477446168661, 0.008021426387131214, 1.6605790733592585e-06, 0.9999663233757019], "scale": [4.177248169415656, 4.177248169415656, 4.177248169415656], "complaints": []}