{"orientation": [-0.002376843011006713, 0.008229076862335205, 7.967697456479073e-06, 0.9999634027481079], "scale": [1.0, 1.0, 1.0], "complaints": []}