{"orientation": [0.025158874690532684, 0.02713289111852646, -0.009083478711545467, 0.9992741346359253], "scale": [1.0, 1.0, 1.0], "complaints": []}