{"orientation": [5.2852556109428406e-08, -0.7071068286895752, 2.2351741790771484e-08, 0.7071068286895752], "scale": [1.0, 1.0, 1.0], "complaints": []}