{"orientation": [1.3084267266094685e-05, -1.3222888810560107e-05, 0.7071067690849304, 0.7071069478988647], "scale": [1.0, 1.0, 1.0], "complaints": []}