{"orientation": [0.9983742833137512, -0.04324132949113846, 0.011305172927677631, 0.035372089594602585], "scale": [1.0, 1.0, 1.0], "complaints": []}