{"orientation": [1.2815580703318119e-05, -3.728133742697537e-05, 1.9118015188723803e-06, 1.0000001192092896], "scale": [1.0, 1.0, 1.0], "complaints": []}