{"orientation": [7.505847747779626e-07, 3.2385293025072315e-07, 5.1743910489676637e-08, 1.0], "scale": [1.0, 1.0, 1.0], "complaints": []}