{"orientation": [0.0027491236105561256, 9.456054783640866e-08, 1.0204371392319445e-07, 0.9999963045120239], "scale": [1.0, 1.0, 1.0], "complaints": []}