{"orientation": [2.3896063794381917e-08, -6.430695975723211e-09, 4.2830695434759036e-08, 1.0], "scale": [1.0, 1.0, 1.0], "complaints": []}