{"orientation": [2.0174684323137626e-06, 2.0027871414640686e-06, 3.682562876861084e-08, 1.0], "scale": [1.0, 1.0, 1.0], "complaints": []}