{"orientation": [-7.520429790019989e-06, 0.0001938692294061184, -8.673232514411211e-07, 1.0000001192092896], "scale": [1.0, 1.0, 1.0], "complaints": []}