{"orientation": [-0.0009945593774318695, 0.0013082359218969941, -1.6276967471640091e-06, 0.9999986290931702], "scale": [1.0, 1.0, 1.0], "complaints": []}