{"orientation": [-0.04074111580848694, -0.02647506818175316, -0.0016994619509205222, 0.9988174438476562], "scale": [1.0, 1.0, 1.0], "complaints": []}