{"orientation": [0.0004609257448464632, -0.9988473057746887, 0.04049268737435341, 0.025775479152798653], "scale": [1.0, 1.0, 1.0], "complaints": []}