{"orientation": [-0.007638105191290379, 0.07991896569728851, -0.6915237903594971, 0.7178786396980286], "scale": [1.0, 1.0, 1.0], "complaints": []}