{"orientation": [2.6094545319210738e-05, -0.10404044389724731, 5.7984703744295985e-05, 0.9945731163024902], "scale": [1.0, 1.0, 1.0], "complaints": []}