{"orientation": [-0.0018133597914129496, -0.06604862958192825, 0.0010620622197166085, 0.9978142380714417], "scale": [1.0, 1.0, 1.0], "complaints": []}