{"orientation": [7.71455597714521e-06, -7.95201913206256e-08, -4.8900233196036424e-08, 1.0000001192092896], "scale": [1.0, 1.0, 1.0], "complaints": []}