{"orientation": [-9.351212611363735e-06, -0.0007094796164892614, -2.6723751034296583e-07, 0.9999998807907104], "scale": [1.0, 1.0, 1.0], "complaints": []}