{"orientation": [-7.593558166263392e-06, 0.00098262052051723, -2.7178438699593244e-07, 0.9999996423721313], "scale": [1.0, 1.0, 1.0], "complaints": []}