{"orientation": [1.4328387578643742e-06, -8.737970347283408e-10, 7.309722604986746e-09, 1.0000001192092896], "scale": [1.0, 1.0, 1.0], "complaints": []}