{"orientation": [-0.059932585805654526, -0.07624964416027069, 0.0034014913253486156, 0.9952801465988159], "scale": [1.0, 1.0, 1.0], "complaints": []}