{"orientation": [-1.3049946574028581e-05, -0.07751210033893585, -0.00042726402170956135, 0.9969912767410278], "scale": [1.0, 1.0, 1.0], "complaints": []}