{"orientation": [-2.199317577833426e-06, 7.576545613119379e-08, -2.3897996470623184e-07, 1.0], "scale": [1.0, 1.0, 1.0], "complaints": []}