{"orientation": [-2.3212423627683165e-07, -1.3084307681765495e-07, 1.2874920685135294e-08, 1.0000001192092896], "scale": [1.0, 1.0, 1.0], "complaints": []}