{"orientation": [0.0013607005821540952, -0.7071055173873901, -0.0013635894283652306, 0.7071055173873901], "scale": [1.0, 1.0, 1.0], "complaints": []}