{"orientation": [-0.7085241675376892, 0.0009150861878879368, 0.0009185175294987857, 0.705685555934906], "scale": [1.0, 1.0, 1.0], "complaints": []}