{"orientation": [4.296452971175313e-09, 4.614230419974774e-08, -1.7143975128419697e-09, 1.0000001192092896], "scale": [1.0, 1.0, 1.0], "complaints": []}