{"orientation": [-0.0007394794374704361, -0.003354670014232397, -1.3615688658319414e-05, 0.9999940991401672], "scale": [1.0, 1.0, 1.0], "complaints": []}