{"orientation": [0.003765268251299858, 0.0040275221690535545, 3.674998879432678e-05, 0.999984860420227], "scale": [1.0, 1.0, 1.0], "complaints": []}