{"orientation": [-0.49233829975128174, -0.4864889681339264, 0.5073074102401733, 0.5133916139602661], "scale": [1.0, 1.0, 1.0], "complaints": []}