{"orientation": [-6.793277862016112e-05, -0.7014057040214539, 0.00018966771312989295, 0.7127623558044434], "scale": [1.0, 1.0, 1.0], "complaints": []}