{"orientation": [-0.4779566824436188, -0.4780912697315216, 0.5211158394813538, 0.5209842920303345], "scale": [1.0, 1.0, 1.0], "complaints": []}