{"orientation": [3.7151221476960927e-07, -9.441082511330023e-07, 0.7071070075035095, 0.7071065902709961], "scale": [1.0, 1.0, 1.0], "complaints": []}