{"orientation": [0.4999960660934448, -0.4999953508377075, -0.500005304813385, 0.5000033378601074], "scale": [1.0, 1.0, 1.0], "complaints": []}