{"orientation": [2.9569491744041443e-08, 0.00022112514125183225, -8.020433597266674e-07, 1.0000001192092896], "scale": [1.0, 1.0, 1.0], "complaints": []}