{"orientation": [-0.0004766829952131957, -0.005116692744195461, 2.2022752091288567e-05, 0.9999868869781494], "scale": [1.0, 1.0, 1.0], "complaints": []}