{"orientation": [-0.18195892870426178, -0.4926210045814514, 0.14511512219905853, 0.8385447263717651], "scale": [1.0, 1.0, 1.0], "complaints": []}