{"orientation": [-0.013347694650292397, -0.9066238403320312, 0.42133405804634094, 0.018244219943881035], "scale": [1.0, 1.0, 1.0], "complaints": []}