{"orientation": [-0.00043709660531021655, -0.7119734883308411, 0.0005217784782871604, 0.7022060751914978], "scale": [1.0, 1.0, 1.0], "complaints": []}