{"orientation": [-0.00046166268293745816, -0.0009425331954844296, 4.073620516464871e-07, 0.9999995231628418], "scale": [1.0, 1.0, 1.0], "complaints": []}