{"orientation": [0.00023874652106314898, -0.00013643715647049248, -5.5198993322846945e-06, 1.0000001192092896], "scale": [1.0, 1.0, 1.0], "complaints": []}