{"orientation": [5.8744262787513435e-08, -1.2237392184033524e-06, 2.325499082189708e-08, 1.0000001192092896], "scale": [1.0, 1.0, 1.0], "complaints": []}