{"orientation": [-1.541208621347323e-05, 5.43922942597419e-06, 1.207989726026426e-07, 1.0000001192092896], "scale": [1.0, 1.0, 1.0], "complaints": []}