{"orientation": [-0.49475961923599243, 0.4947800636291504, -0.5051862597465515, 0.5051658153533936], "scale": [1.0, 1.0, 1.0], "complaints": []}