{"orientation": [-0.5000272393226624, 0.5000317096710205, -0.4999698996543884, 0.4999711215496063], "scale": [1.0, 1.0, 1.0], "complaints": []}