{"orientation": [-0.07132072001695633, 0.7632903456687927, -0.043094485998153687, 0.6406592726707458], "scale": [1.1, 1.1, 1.1], "complaints": []}