{"orientation": [-0.8379424810409546, 0.16880226135253906, -0.35606804490089417, 0.3775895833969116], "scale": [1.0, 1.0, 1.0], "complaints": []}