{"orientation": [0.043080806732177734, -0.7518736124038696, -0.049176208674907684, 0.6560578346252441], "scale": [1.0, 1.0, 1.0], "complaints": []}