{"orientation": [2.2737367544323206e-13, -2.0463630789890885e-12, 6.938893903907228e-18, 1.0], "scale": [1.0, 1.0, 1.0], "complaints": []}