{"orientation": [0.03081986866891384, 0.010805465281009674, -0.0004241449641995132, 0.9994664192199707], "scale": [1.0, 1.0, 1.0], "complaints": []}