{"orientation": [-0.1826074719429016, -0.5612919926643372, 0.12850692868232727, 0.7969264984130859], "scale": [1.0, 1.0, 1.0], "complaints": []}