{"orientation": [0.013465666212141514, -0.5203036069869995, 0.006228347308933735, 0.8538526296615601], "scale": [1.0, 1.0, 1.0], "complaints": []}