{"orientation": [-0.8839279413223267, -0.02186347171664238, 0.46664008498191833, 0.020991433411836624], "scale": [1.0, 1.0, 1.0], "complaints": []}