{"orientation": [3.1601302907802165e-08, 1.0000001192092896, -8.478527888655663e-06, -1.6245932783931494e-05], "scale": [1.0, 1.0, 1.0], "complaints": []}