{"orientation": [-1.0580755770206451e-05, -8.641689419164322e-06, -5.405244678513554e-07, 1.0000001192092896], "scale": [1.0, 1.0, 1.0], "complaints": []}