{"orientation": [-2.334357532163267e-06, -0.7071051597595215, 2.115861207130365e-06, 0.7071084976196289], "scale": [1.0, 1.0, 1.0], "complaints": []}