{"orientation": [-7.071291747706709e-07, -0.7071138620376587, -7.118505891412497e-07, 0.7070997953414917], "scale": [1.0, 1.0, 1.0], "complaints": []}