{"orientation": [-0.012207758612930775, 0.7070015668869019, -0.012200316414237022, 0.7070013880729675], "scale": [1.0, 1.0, 1.0], "complaints": []}