{"orientation": [-0.7072254419326782, 0.01032318640500307, -0.7068367004394531, 0.01037666853517294], "scale": [1.0, 1.0, 1.0], "complaints": []}