{"orientation": [-4.4471054394534804e-08, -0.70710688829422, 1.655880197404258e-07, 0.7071067690849304], "scale": [1.0, 1.0, 1.0], "complaints": []}