{"orientation": [-8.552792110094742e-07, -0.7070996761322021, 1.1751324109354755e-06, 0.7071139812469482], "scale": [1.0, 1.0, 1.0], "complaints": []}