{"orientation": [7.902160064077179e-07, -0.7071068286895752, 6.262353622332739e-07, 0.7071068286895752], "scale": [1.0, 1.0, 1.0], "complaints": []}