{"orientation": [-0.49996551871299744, -0.5000346899032593, 0.5000324845314026, 0.49996745586395264], "scale": [1.0, 1.0, 1.0], "complaints": []}