{"orientation": [-0.4879307746887207, -0.4976256191730499, 0.49328964948654175, 0.5205360054969788], "scale": [1.0, 1.0, 1.0], "complaints": []}