{"orientation": [8.002316462807357e-07, -0.7071067690849304, 1.335982233285904e-06, 0.7071068286895752], "scale": [1.0, 1.0, 1.0], "complaints": []}