{"orientation": [-0.7070995569229126, 0.0031955644953995943, 0.7070997357368469, 0.0031956289894878864], "scale": [1.0, 1.0, 1.0], "complaints": []}