{"orientation": [0.1368103176355362, -0.6922393441200256, -0.13670314848423004, 0.6952698826789856], "scale": [1.0, 1.0, 1.0], "complaints": []}