{"orientation": [-1.436155881717749e-14, -0.7071068286895752, -1.4210854715202004e-14, 0.7071068286895752], "scale": [1.0, 1.0, 1.0], "complaints": []}