{"orientation": [-2.3676668264860368e-12, -0.7071068286895752, 2.7284841053187847e-12, 0.7071068286895752], "scale": [1.0, 1.0, 1.0], "complaints": []}