{"orientation": [-1.2141754268668592e-10, 0.7071068286895752, 0.0, 0.7071068286895752], "scale": [1.0, 1.0, 1.0], "complaints": []}