{"orientation": [6.402842700481415e-09, 0.7071067690849304, -7.450580596923828e-08, 0.7071069478988647], "scale": [1.0, 1.0, 1.0], "complaints": []}