{"orientation": [-0.0004863683134317398, 0.0002407897263765335, -0.0031146500259637833, 0.9999950528144836], "scale": [1.0, 1.0, 1.0], "complaints": []}