{"orientation": [-0.00857006199657917, -0.009182548150420189, 0.7070811986923218, 0.7070209383964539], "scale": [1.0, 1.0, 1.0], "complaints": []}