{"orientation": [-0.008570589125156403, -0.009181407280266285, 0.7070233821868896, 0.7070786952972412], "scale": [1.0, 1.0, 1.0], "complaints": []}