{"orientation": [-0.0085707763209939, -0.009182619862258434, 0.7070773839950562, 0.7070247530937195], "scale": [1.0, 1.0, 1.0], "complaints": []}