{"orientation": [-0.008569935336709023, -0.009181301109492779, 0.7070174813270569, 0.7070846557617188], "scale": [1.0, 1.0, 1.0], "complaints": []}