{"orientation": [-0.00857070554047823, -0.009182811714708805, 0.7070791125297546, 0.707023024559021], "scale": [1.0, 1.0, 1.0], "complaints": []}