{"orientation": [-0.008254078216850758, -0.008930073119699955, 0.7070815563201904, 0.7070276141166687], "scale": [1.0, 1.0, 1.0], "complaints": []}