{"orientation": [0.0, 1.1641532182693481e-10, 0.9961947798728943, 0.08715574443340302], "scale": [1.0, 1.0, 1.0], "complaints": []}