{"orientation": [-5.129550117999315e-10, -4.656612873077393e-10, 0.2672383189201355, 0.9636305570602417], "scale": [1.0, 1.0, 1.0], "complaints": []}