{"orientation": [0.70710688829422, 2.561137080192566e-09, -2.1034793462604284e-08, 0.70710688829422], "scale": [1.0, 1.0, 1.0], "complaints": []}