{"orientation": [-0.19936800003051758, -0.979924738407135, 1.1641532182693481e-10, -2.1827872842550278e-11], "scale": [1.0, 1.0, 1.0], "complaints": []}