{"orientation": [0.07341368496417999, -0.07580670714378357, -0.6897827386856079, 0.7162846326828003], "scale": [1.0, 1.0, 1.0], "complaints": []}