{"orientation": [0.20749647915363312, -0.002260790206491947, 0.8478496074676514, 0.48794615268707275], "scale": [1.0, 1.0, 1.0], "complaints": []}