{"orientation": [0.7510688304901123, 0.42956504225730896, 0.2995365262031555, 0.40205392241477966], "scale": [1.0, 1.0, 1.0], "complaints": []}