{"orientation": [-0.5604756474494934, 0.6431586742401123, -0.23145636916160583, 0.46759170293807983], "scale": [1.0, 1.0, 1.0], "complaints": []}