{"orientation": [-0.09305980801582336, -0.47442689538002014, 0.7694085240364075, 0.4174560606479645], "scale": [1.0, 1.0, 1.0], "complaints": []}