{"orientation": [-0.513929009437561, 0.2677604556083679, -0.6767311096191406, 0.4541107416152954], "scale": [1.0, 1.0, 1.0], "complaints": []}