{"orientation": [-0.05131557583808899, 0.5745101571083069, -0.043928928673267365, 0.815705418586731], "scale": [1.0, 1.0, 1.0], "complaints": []}