{"orientation": [0.013435505330562592, 0.028422005474567413, 0.0014377608895301819, 0.9995046854019165], "scale": [1.0, 1.0, 1.0], "complaints": []}