{"orientation": [-0.2043343335390091, 0.049408212304115295, -0.07848874479532242, 0.9744977355003357], "scale": [1.0, 1.0, 1.0], "complaints": []}