{"orientation": [0.16974292695522308, -0.06373697519302368, 0.008920019492506981, 0.9833847284317017], "scale": [1.0, 1.0, 1.0], "complaints": []}