{"orientation": [-0.326768159866333, -0.01697736419737339, 0.33066004514694214, 0.8852109909057617], "scale": [1.0, 1.0, 1.0], "complaints": []}