{"orientation": [-0.7071067094802856, -1.0943040251731873e-08, -4.866160452365875e-08, 0.7071070075035095], "scale": [1.0, 1.0, 1.0], "complaints": []}