{"orientation": [-0.6974676847457886, -0.007114959415048361, -0.0068854703567922115, 0.7165479063987732], "scale": [1.0, 1.0, 1.0], "complaints": []}