{"orientation": [8.582944246882107e-06, 0.7030608057975769, 1.0643270798027515e-06, 0.7111298441886902], "scale": [1.0, 1.0, 1.0], "complaints": []}