{"orientation": [0.13640908896923065, -0.6809319853782654, -0.1370437890291214, 0.7063592076301575], "scale": [1.0, 1.0, 1.0], "complaints": []}