{"orientation": [-0.49849191308021545, -0.5003798007965088, 0.499654620885849, 0.5014691352844238], "scale": [2.1435888100000016, 2.1435888100000016, 2.1435888100000016], "complaints": []}