{"orientation": [0.4999796450138092, -0.5000208020210266, -0.4999982416629791, 0.5000014901161194], "scale": [2.1435888100000016, 2.1435888100000016, 2.1435888100000016], "complaints": []}