{"orientation": [0.7072266936302185, 0.0025984570384025574, 0.007007210981100798, 0.706947386264801], "scale": [1.0, 1.0, 1.0], "complaints": []}