{"orientation": [-0.5619418025016785, 0.43568986654281616, 0.44275492429733276, 0.5462267994880676], "scale": [1.0, 1.0, 1.0], "complaints": []}