{"orientation": [-0.690251350402832, -0.08522602915763855, -0.0792890191078186, 0.7141449451446533], "scale": [1.0, 1.0, 1.0], "complaints": []}