{"orientation": [0.13029761612415314, 0.04354001581668854, -0.05133022367954254, -0.9891877174377441], "scale": [1.3310000000000004, 1.3310000000000004, 1.3310000000000004], "complaints": []}