{"orientation": [0.07125934958457947, 0.6964191198348999, 0.10364949703216553, 0.7065263986587524], "scale": [1.0, 1.0, 1.0], "complaints": []}