{"orientation": [0.0015818447573110461, 0.0038389579858630896, -5.096531822346151e-06, 0.9999914765357971], "scale": [1.0, 1.0, 1.0], "complaints": []}