{"orientation": [0.3000129461288452, -0.6209461688995361, -0.3172405958175659, 0.6509813070297241], "scale": [1.0, 1.0, 1.0], "complaints": []}