{"orientation": [7.348135113716125e-07, -6.376608507707715e-05, 1.3315875548869371e-06, 1.0000001192092896], "scale": [1.0, 1.0, 1.0], "complaints": []}