{"orientation": [-3.423002681302023e-07, -0.7071067690849304, -2.0734566419378098e-07, 0.70710688829422], "scale": [1.0, 1.0, 1.0], "complaints": []}