{"orientation": [-0.0005133159575052559, 0.0005494821816682816, 1.537136995466426e-08, 0.9999997615814209], "scale": [1.2100000000000002, 1.2100000000000002, 1.2100000000000002], "complaints": []}