{"orientation": [2.0707146177301183e-05, 0.0005320493364706635, -3.243982791900635e-05, 0.9999998807907104], "scale": [1.0, 1.0, 1.0], "complaints": []}