{"orientation": [-1.4901161193847656e-08, -9.313225746154785e-09, -0.7431447505950928, 0.6691307425498962], "scale": [1.0, 1.0, 1.0], "complaints": []}