{"orientation": [0.6794496774673462, -6.163748912513256e-05, -0.7337222695350647, -6.660493090748787e-05], "scale": [5.559917313492239, 5.559917313492239, 5.559917313492239], "complaints": []}