{"orientation": [-0.7106962203979492, 0.002339245518669486, 0.7034913301467896, -0.0023402846418321133], "scale": [3.4522712143931042, 3.4522712143931042, 3.4522712143931042], "complaints": []}