{"orientation": [-4.3958425521850586e-07, 1.3150274753570557e-06, 0.19081038236618042, 0.9816269278526306], "scale": [1.0, 1.0, 1.0], "complaints": []}