{"orientation": [1.7360667698085308e-05, 7.3669361881911755e-06, 3.557808668119833e-06, 1.0], "scale": [1.0, 1.0, 1.0], "complaints": []}