{"orientation": [-0.0003648028359748423, -0.00030992814572528005, -7.843914318073075e-07, 0.9999998807907104], "scale": [1.0, 1.0, 1.0], "complaints": []}