{"orientation": [-1.5384164726128802e-05, -0.6358493566513062, -1.8690263459575363e-05, 0.7718132138252258], "scale": [1.0, 1.0, 1.0], "complaints": []}