{"orientation": [0.44642651081085205, 0.0018211891874670982, -0.0014082117704674602, 0.8948173522949219], "scale": [1.0, 1.0, 1.0], "complaints": []}