{"orientation": [0.007311368826776743, 0.0029683965258300304, -1.2739270459860563e-05, 0.999968945980072], "scale": [1.0, 1.0, 1.0], "complaints": []}