{"orientation": [-1.1916927178390324e-07, -3.9511360228061676e-07, 2.6050749511341564e-05, 1.0], "scale": [1.0, 1.0, 1.0], "complaints": []}