{"orientation": [-0.0021053480450063944, -0.008613493293523788, -1.1659605661407113e-05, 0.999960720539093], "scale": [1.0, 1.0, 1.0], "complaints": []}