{"orientation": [-0.004513035994023085, -0.00013383924670051783, -7.63964908401249e-06, 0.999989926815033], "scale": [1.0, 1.0, 1.0], "complaints": []}