{"orientation": [-0.004695652052760124, 0.019050370901823044, 0.0008358947234228253, 0.9998071789741516], "scale": [1.0, 1.0, 1.0], "complaints": []}