{"orientation": [-0.011033864691853523, -0.027918867766857147, 0.7110809087753296, 0.7024692296981812], "scale": [1.0, 1.0, 1.0], "complaints": []}