{"orientation": [0.02234986051917076, -0.0018927317578345537, -0.7064521312713623, 0.7074052691459656], "scale": [1.0, 1.0, 1.0], "complaints": []}