{"orientation": [0.009967961348593235, -0.05014246329665184, 0.0003912441898137331, 0.9986922144889832], "scale": [1.0, 1.0, 1.0], "complaints": []}