{"orientation": [-0.013606538996100426, 0.012073184363543987, -0.7075420618057251, 0.7064371705055237], "scale": [1.0, 1.0, 1.0], "complaints": []}