{"orientation": [0.3826247453689575, 0.006678484845906496, -0.9237391948699951, 0.016123704612255096], "scale": [1.0, 1.0, 1.0], "complaints": []}