{"orientation": [-0.6307328939437866, -0.32057586312294006, 0.6195798516273499, 0.33989417552948], "scale": [1.0, 1.0, 1.0], "complaints": []}