{"orientation": [1.1492011253722012e-05, -1.966052695934195e-05, -1.46653110277839e-06, 1.0000001192092896], "scale": [1.0, 1.0, 1.0], "complaints": []}