{"orientation": [0.007091123145073652, 0.008056292310357094, -0.7070066928863525, 0.7071255445480347], "scale": [1.0, 1.0, 1.0], "complaints": []}