{"orientation": [0.0, 0.0, 0.0, 1.0], "scale": [0.07513148009015778, 0.07513148009015778, 0.07513148009015778], "complaints": []}