{"orientation": [0.008612076751887798, -0.013621266931295395, 0.706914484500885, 0.7071155309677124], "scale": [1.0, 1.0, 1.0], "complaints": []}