{"orientation": [-1.862645149230957e-09, 5.005858838558197e-09, -0.7071068286895752, 0.7071068286895752], "scale": [1.0, 1.0, 1.0], "complaints": []}