{"orientation": [0.3009521961212158, 0.14344818890094757, -0.2819102704524994, 0.8996538519859314], "scale": [1.0, 1.0, 1.0], "complaints": []}