{"orientation": [-0.08132941275835037, -0.06283460557460785, -0.011148843914270401, 0.9946423172950745], "scale": [1.0, 1.0, 1.0], "complaints": []}