{"orientation": [0.7028075456619263, 0.050740309059619904, -0.07217518985271454, 0.7058879137039185], "scale": [1.0, 1.0, 1.0], "complaints": []}