{"orientation": [-0.14336298406124115, -0.0030372932087630033, -0.03447994962334633, 0.9890646934509277], "scale": [1.0, 1.0, 1.0], "complaints": []}