{"orientation": [0.13875719904899597, -0.1112850084900856, -0.35511866211891174, 0.9177433252334595], "scale": [1.0, 1.0, 1.0], "complaints": []}