{"orientation": [0.2650870084762573, 0.2021859586238861, -0.09118173271417618, 0.9383686780929565], "scale": [1.0, 1.0, 1.0], "complaints": []}