{"orientation": [-0.026130151003599167, -0.18673847615718842, -0.7011155486106873, 0.6876649856567383], "scale": [1.0, 1.0, 1.0], "complaints": []}