{"orientation": [0.015570089221000671, 0.18275536596775055, -0.006441873498260975, 0.9830141067504883], "scale": [1.0, 1.0, 1.0], "complaints": []}