{"orientation": [-0.14334501326084137, -0.003897367510944605, -0.0285240039229393, 0.9892541170120239], "scale": [1.0, 1.0, 1.0], "complaints": []}