{"orientation": [-0.0883023738861084, 0.13975340127944946, -0.016316493973135948, 0.9861063957214355], "scale": [1.0, 1.0, 1.0], "complaints": []}