{"orientation": [0.49999988079071045, -0.5000002384185791, -0.5000001192092896, 0.4999998211860657], "scale": [1.0, 1.0, 1.0], "complaints": []}