{"orientation": [-2.4230219423770905e-05, 2.3047075956128538e-05, -0.7071059942245483, 0.7071076035499573], "scale": [1.0, 1.0, 1.0], "complaints": []}