{"orientation": [-0.2552880346775055, 0.6589874625205994, -0.2616797685623169, 0.6573336124420166], "scale": [1.0, 1.0, 1.0], "complaints": []}