{"orientation": [-3.215075776097365e-05, 0.7037950754165649, 3.0643073841929436e-05, 0.7104032635688782], "scale": [1.0, 1.0, 1.0], "complaints": []}