{"orientation": [1.872438588179648e-06, 9.440153917239513e-06, -8.885801321412146e-07, 1.0000001192092896], "scale": [1.0, 1.0, 1.0], "complaints": []}