{"orientation": [2.456654328852892e-07, -1.6007106751203537e-10, -1.1922305702682934e-06, 1.0], "scale": [1.0, 1.0, 1.0], "complaints": []}