{"orientation": [0.5742177367210388, 0.0001394560094922781, 8.246861398220062e-06, 0.8187026977539062], "scale": [1.0, 1.0, 1.0], "complaints": []}