{"orientation": [-7.94136940385215e-06, -1.246196188731119e-05, -1.8802479644364212e-06, 1.0000001192092896], "scale": [1.0, 1.0, 1.0], "complaints": []}