{"orientation": [0.7071068286895752, 8.277129381895065e-08, 4.540197551250458e-08, 0.7071066498756409], "scale": [1.0, 1.0, 1.0], "complaints": []}