{"orientation": [0.7071068286895752, 9.66247171163559e-09, 1.1424344847910106e-07, 0.70710688829422], "scale": [1.0, 1.0, 1.0], "complaints": []}