{"orientation": [-0.03463488444685936, -1.1742948117898777e-05, 0.00032320941681973636, 0.9994001388549805], "scale": [1.0, 1.0, 1.0], "complaints": []}