{"orientation": [-0.1800614446401596, -0.004114536102861166, 0.00331737007945776, 0.9836413264274597], "scale": [1.0, 1.0, 1.0], "complaints": []}