{"orientation": [9.886921361612622e-07, 9.91527599580877e-07, 7.835789261889659e-08, 1.0000001192092896], "scale": [1.0, 1.0, 1.0], "complaints": []}