{"orientation": [-0.999660849571228, -2.8520822525024414e-05, 0.016895322129130363, 0.019822347909212112], "scale": [1.0, 1.0, 1.0], "complaints": []}