{"orientation": [-2.892193151637912e-10, -4.220055416226387e-10, -4.1723257027115324e-07, 0.9999999403953552], "scale": [1.0, 1.0, 1.0], "complaints": []}