{"orientation": [-0.0008923286804929376, 1.122374669648707e-06, 5.255244559521088e-07, 0.9999997615814209], "scale": [1.0, 1.0, 1.0], "complaints": []}