{"orientation": [1.233298098668456e-05, 0.00018415912927594036, -1.2651919405470835e-06, 1.0], "scale": [1.0, 1.0, 1.0], "complaints": []}