{"orientation": [-2.0750128896906972e-05, -6.593254511244595e-06, 4.328774593886919e-06, 1.0], "scale": [1.0, 1.0, 1.0], "complaints": []}