{"orientation": [-3.6701312637887895e-05, 0.00014223255857359618, -1.5383056961582042e-07, 1.0], "scale": [1.0, 1.0, 1.0], "complaints": []}