{"orientation": [-1.9937404431402683e-05, -4.207828169455752e-05, -5.498332029674202e-07, 0.9999999403953552], "scale": [1.0, 1.0, 1.0], "complaints": []}