{"orientation": [0.0505501814186573, 0.11736807972192764, -0.00259265280328691, 0.991797685623169], "scale": [1.0, 1.0, 1.0], "complaints": []}