{"orientation": [1.2263248208910227e-05, 1.2050499208271503e-05, 1.3040662452112883e-06, 1.0000001192092896], "scale": [1.0, 1.0, 1.0], "complaints": []}