{"orientation": [9.859345300355926e-05, 0.00016879454778973013, 2.3607624370924896e-06, 1.0], "scale": [1.0, 1.0, 1.0], "complaints": []}