{"orientation": [-8.748011168790981e-07, -2.0777370082214475e-05, 6.894427428960626e-08, 1.0000001192092896], "scale": [1.0, 1.0, 1.0], "complaints": []}