{"orientation": [0.00011186968185938895, 0.00022769533097743988, -4.2252122511854395e-07, 0.9999999403953552], "scale": [1.0, 1.0, 1.0], "complaints": []}