{"orientation": [0.5492839217185974, -0.5437870025634766, -0.4478358030319214, 0.44947323203086853], "scale": [1.0, 1.0, 1.0], "complaints": []}