{"orientation": [0.004263262264430523, 0.0017992464127019048, 0.9999893307685852, -9.88692045211792e-05], "scale": [1.0, 1.0, 1.0], "complaints": []}