{"orientation": [-1.3969838619232178e-07, 3.0761748348595574e-07, -0.7071064710617065, 0.7071071863174438], "scale": [1.0, 1.0, 1.0], "complaints": []}