{"orientation": [1.2519012670964003e-07, 1.4436591300182045e-07, -1.8080390873365104e-07, 1.000000238418579], "scale": [1.0, 1.0, 1.0], "complaints": []}