{"orientation": [1.106163782793601e-08, 2.8391527848725673e-06, 5.408922754135403e-10, 1.0], "scale": [1.0, 1.0, 1.0], "complaints": []}