{"orientation": [-0.02657295949757099, -0.6979250311851501, 0.031165029853582382, 0.7149989604949951], "scale": [1.0, 1.0, 1.0], "complaints": []}