{"orientation": [-0.6901368498802185, -0.009857408702373505, -0.7235530614852905, -0.009217897430062294], "scale": [1.0, 1.0, 1.0], "complaints": []}