{"orientation": [0.0008199252188205719, -0.28864020109176636, 0.0013495023595169187, 0.9574364423751831], "scale": [1.0, 1.0, 1.0], "complaints": []}