{"orientation": [-1.1641532182693481e-10, -1.4551915228366852e-11, 0.0, 1.0], "scale": [1.0, 1.0, 1.0], "complaints": []}