{"orientation": [9.017769480124116e-05, 8.722055645193905e-05, 0.7071046829223633, 0.7071089148521423], "scale": [1.0, 1.0, 1.0], "complaints": []}