{"orientation": [0.10711633414030075, -0.09798866510391235, 0.7023287415504456, 0.6968923807144165], "scale": [1.0, 1.0, 1.0], "complaints": []}