{"orientation": [-0.09197456389665604, 0.005587362684309483, 0.6871192455291748, 0.7206778526306152], "scale": [2.853116706110003, 2.853116706110003, 2.853116706110003], "complaints": []}