{"orientation": [0.16217075288295746, -0.009942720644176006, -0.7231918573379517, 0.671264111995697], "scale": [1.0, 1.0, 1.0], "complaints": []}