{"orientation": [1.7971615307033062e-08, 9.301584213972092e-08, -3.753788769245148e-05, 1.0000001192092896], "scale": [1.0, 1.0, 1.0], "complaints": []}