{"orientation": [6.292922876127705e-07, 1.404949671268696e-06, -1.7493822213054955e-07, 1.0], "scale": [1.0, 1.0, 1.0], "complaints": []}