{"orientation": [2.167955841514413e-07, 5.066761445959855e-07, -1.7770299121089295e-10, 1.0], "scale": [1.0, 1.0, 1.0], "complaints": []}