{"orientation": [-1.341455941883396e-07, -4.783074913916607e-08, -1.2226310275309515e-07, 1.0], "scale": [1.0, 1.0, 1.0], "complaints": []}