{"orientation": [-6.38990940160511e-08, 1.0732938982016549e-08, 3.882892965489937e-11, 1.0], "scale": [1.0, 1.0, 1.0], "complaints": []}