{"orientation": [-1.0019932972227252e-07, 2.2044007508270624e-08, 1.191513803178168e-07, 1.0], "scale": [1.0, 1.0, 1.0], "complaints": []}