{"orientation": [3.2591408682947076e-08, -1.3880970151092242e-08, -1.0386287385699688e-09, 1.0], "scale": [1.0, 1.0, 1.0], "complaints": []}