{"orientation": [9.394504729698383e-08, -5.92828186540828e-08, 8.41479774749132e-08, 1.0], "scale": [1.0, 1.0, 1.0], "complaints": []}