{"orientation": [5.786660040030256e-11, -1.4551915228366852e-11, -1.5543122344752192e-15, 1.0000001192092896], "scale": [1.2100000000000002, 1.2100000000000002, 1.2100000000000002], "complaints": []}