{"orientation": [0.7118480205535889, 0.10999831557273865, 0.6883609294891357, 0.08562809228897095], "scale": [1.0, 1.0, 1.0], "complaints": []}