{"orientation": [-0.09551895409822464, 0.6870329976081848, -0.09969928860664368, 0.7133877277374268], "scale": [1.0, 1.0, 1.0], "complaints": []}