{"orientation": [-6.548361852765083e-11, 4.3655745685100555e-11, -0.31730470061302185, 0.9483237266540527], "scale": [1.0, 1.0, 1.0], "complaints": []}