{"orientation": [-0.008388485759496689, 0.002405359409749508, 0.9612252116203308, 0.27562689781188965], "scale": [1.0, 1.0, 1.0], "complaints": []}