{"orientation": [-2.207467332482338e-06, -1.7285929061472416e-06, -4.611677923094248e-06, 1.0], "scale": [1.0, 1.0, 1.0], "complaints": []}