{"orientation": [0.0002887172158807516, 0.7193979620933533, -0.0002705961815081537, 0.6945981383323669], "scale": [1.0, 1.0, 1.0], "complaints": []}