{"orientation": [-0.7056755423545837, 0.7060223817825317, 0.04616256803274155, -0.03773045539855957], "scale": [1.0, 1.0, 1.0], "complaints": []}