{"orientation": [-0.054237112402915955, -0.0026866865810006857, 0.9985237121582031, 0.001148406881839037], "scale": [1.0, 1.0, 1.0], "complaints": []}