{"orientation": [-0.10557697713375092, -0.011841440573334694, -0.9943337440490723, -0.0037227128632366657], "scale": [1.0, 1.0, 1.0], "complaints": []}