{"orientation": [-0.004393639042973518, 0.000263768743025139, 0.9999904036521912, -8.968461770564318e-06], "scale": [1.0, 1.0, 1.0], "complaints": []}