{"orientation": [-0.7070931196212769, -1.1235475540161133e-05, -1.1119422197225504e-05, 0.707120418548584], "scale": [1.0, 1.0, 1.0], "complaints": []}