{"orientation": [-0.7088291645050049, -0.227189302444458, -0.22391821444034576, 0.6291319727897644], "scale": [1.0, 1.0, 1.0], "complaints": []}