{"orientation": [-0.44002556800842285, 0.5466214418411255, 0.5290466547012329, 0.4771712124347687], "scale": [1.0, 1.0, 1.0], "complaints": []}