{"orientation": [-2.2351741790771484e-08, 9.313225746154785e-09, -2.0978040993213654e-07, 1.0], "scale": [1.1, 1.1, 1.1], "complaints": []}