{"orientation": [-5.820766091346741e-11, -1.9670096662594005e-09, -0.7071071267127991, 0.7071066498756409], "scale": [1.6105100000000008, 1.6105100000000008, 1.6105100000000008], "complaints": []}