{"orientation": [-6.871670484542847e-05, 2.2727277610101737e-05, -0.7071024775505066, 0.7071111798286438], "scale": [1.0, 1.0, 1.0], "complaints": []}