{"orientation": [1.8580161849968135e-05, 8.639221960038412e-06, 0.7071073651313782, 0.707106351852417], "scale": [1.3310000000000004, 1.3310000000000004, 1.3310000000000004], "complaints": []}