{"orientation": [7.14039197191596e-06, 3.059252048842609e-05, 7.797798389219679e-06, 1.0000001192092896], "scale": [1.0, 1.0, 1.0], "complaints": []}