{"orientation": [0.007659922819584608, -0.008024931885302067, 0.0037012186367064714, 0.9999317526817322], "scale": [1.0, 1.0, 1.0], "complaints": []}