{"orientation": [7.906187966000289e-05, 8.208325743908063e-05, -0.7071070075035095, 0.7071065306663513], "scale": [1.0, 1.0, 1.0], "complaints": []}