{"orientation": [1.878230250440538e-05, 9.519426384940743e-06, 2.0231016151228687e-06, 1.0000001192092896], "scale": [1.0, 1.0, 1.0], "complaints": []}