{"orientation": [0.00025082635693252087, 0.0006314571364782751, -6.226049663382582e-06, 0.9999997615814209], "scale": [1.0, 1.0, 1.0], "complaints": []}