{"orientation": [-2.876901999115944e-05, 2.1989340893924236e-05, -7.760711469018133e-07, 1.0000001192092896], "scale": [1.0, 1.0, 1.0], "complaints": []}