{"orientation": [0.7071077823638916, 8.344650268554688e-07, -8.271090337075293e-07, 0.7071059346199036], "scale": [1.0, 1.0, 1.0], "complaints": []}