{"orientation": [9.685754776000977e-08, -2.528176992200315e-07, -0.7071051597595215, 0.7071084976196289], "scale": [1.0, 1.0, 1.0], "complaints": []}