{"orientation": [3.918539732694626e-06, -3.726710565388203e-05, -4.648463800549507e-06, 0.9999999403953552], "scale": [1.0, 1.0, 1.0], "complaints": []}