{"orientation": [8.324570808326825e-05, 0.00016065652016550303, -7.5805073720403016e-06, 1.0], "scale": [1.0, 1.0, 1.0], "complaints": []}