{"orientation": [2.4063512682914734e-05, 1.3291915820445865e-05, -0.7071060538291931, 0.707107663154602], "scale": [1.0, 1.0, 1.0], "complaints": []}