{"orientation": [2.2737367544323206e-13, 4.547473508864641e-13, -0.0348995067179203, 0.9993909001350403], "scale": [1.0, 1.0, 1.0], "complaints": []}