{"orientation": [9.226801921613514e-06, -2.381759259151295e-06, -5.871399025636492e-06, 1.0000001192092896], "scale": [1.0, 1.0, 1.0], "complaints": []}