{"orientation": [-3.2316893339157104e-07, -3.2456591725349426e-07, 2.8035719878971577e-07, 1.0], "scale": [1.0, 1.0, 1.0], "complaints": []}