{"orientation": [-5.820766091346741e-11, 5.0818016461562365e-11, -0.7071068286895752, 0.7071068286895752], "scale": [1.0, 1.0, 1.0], "complaints": []}