{"orientation": [-1.0124276741407812e-06, -5.781592335551977e-05, 1.7420210497220978e-05, 1.0000001192092896], "scale": [1.0, 1.0, 1.0], "complaints": []}