{"orientation": [-6.05359673500061e-09, -2.264698650833452e-09, -7.216608537419233e-07, 1.000000238418579], "scale": [1.0, 1.0, 1.0], "complaints": []}