{"orientation": [-0.0031666643917560577, 0.0017470940947532654, -0.9999935030937195, -9.047985076904297e-05], "scale": [1.0, 1.0, 1.0], "complaints": []}