{"orientation": [-0.01476865541189909, -0.00247879046946764, 0.0005190095398575068, 0.9998878240585327], "scale": [1.0, 1.0, 1.0], "complaints": []}