{"orientation": [0.03405410423874855, 0.8495436310768127, 0.024833932518959045, 0.5258321166038513], "scale": [1.0, 1.0, 1.0], "complaints": []}