{"orientation": [-0.0032343436032533646, -0.005559307523071766, -1.723144669085741e-05, 0.9999793171882629], "scale": [1.0, 1.0, 1.0], "complaints": []}