{"orientation": [7.4858180596493185e-06, 5.883641279069707e-06, -7.619496500410605e-08, 1.0000001192092896], "scale": [1.0, 1.0, 1.0], "complaints": []}