{"orientation": [-3.3527612686157227e-08, -1.964508555829525e-07, -2.50060111284256e-07, 1.0000001192092896], "scale": [1.0, 1.0, 1.0], "complaints": []}