{"orientation": [4.656612873077393e-10, 8.585629984736443e-10, 0.7880107164382935, 0.6156615018844604], "scale": [1.0, 1.0, 1.0], "complaints": []}