{"orientation": [-9.094947017729282e-12, 2.255546860396862e-10, 5.960447424513404e-08, 0.9999999403953552], "scale": [1.0, 1.0, 1.0], "complaints": []}