{"orientation": [0.0, -6.548361852765083e-11, -2.9802308176840597e-08, 1.000000238418579], "scale": [1.0, 1.0, 1.0], "complaints": []}