{"orientation": [0.0, 0.0, 0.0, 1.0000001192092896], "scale": [1.771561000000001, 1.771561000000001, 1.771561000000001], "complaints": []}