{"orientation": [8.149072527885437e-10, 0.0, 3.637978807091713e-12, 1.0000001192092896], "scale": [1.0, 1.0, 1.0], "complaints": []}