{"orientation": [4.474713932722807e-10, -1.8917489796876907e-10, -1.0430818520035245e-07, 1.0000001192092896], "scale": [1.0, 1.0, 1.0], "complaints": []}