{"orientation": [0.0, -6.400568963726982e-11, 1.1324274851176597e-14, 1.0], "scale": [0.8264462809917354, 0.8264462809917354, 0.8264462809917354], "complaints": []}