{"orientation": [-7.275957614183426e-12, 2.4010660126805305e-10, -1.1368683772161603e-13, 1.0000001192092896], "scale": [1.0, 1.0, 1.0], "complaints": []}