{"orientation": [-2.9103830456733704e-10, -5.820766091346741e-11, 5.960441740171518e-08, 1.0000001192092896], "scale": [1.6105100000000008, 1.6105100000000008, 1.6105100000000008], "complaints": []}