{"orientation": [2.3283064365386963e-10, -2.6921043172478676e-10, -1.7881409064557374e-07, 1.0000001192092896], "scale": [1.0, 1.0, 1.0], "complaints": []}