{"orientation": [-2.6284396881237626e-10, 1.8189894035458565e-12, 3.197442310920451e-14, 1.0000001192092896], "scale": [1.0, 1.0, 1.0], "complaints": []}