{"orientation": [-2.6193447411060333e-10, -5.820766091346741e-11, 3.410605131648481e-13, 1.0000001192092896], "scale": [1.1, 1.1, 1.1], "complaints": []}