{"orientation": [2.0372681319713593e-10, -3.65253072232008e-09, -1.5774048733874224e-12, 1.0], "scale": [1.4641000000000006, 1.4641000000000006, 1.4641000000000006], "complaints": []}