{"orientation": [-1.0477378964424133e-09, -4.547473508864641e-11, 1.9099388737231493e-11, 1.0], "scale": [1.6105100000000008, 1.6105100000000008, 1.6105100000000008], "complaints": []}