{"orientation": [4.5838532969355583e-10, 1.3096723705530167e-10, -9.094947017729282e-13, 1.0], "scale": [1.9487171000000014, 1.9487171000000014, 1.9487171000000014], "complaints": []}