{"orientation": [-1.437729224562645e-08, -1.234002411365509e-08, 2.0862762539763935e-07, 1.0000001192092896], "scale": [1.3310000000000004, 1.3310000000000004, 1.3310000000000004], "complaints": []}