{"orientation": [9.094947017729282e-13, 1.0913936421275139e-11, -3.885780586188048e-16, 1.0000001192092896], "scale": [1.0, 1.0, 1.0], "complaints": []}