{"orientation": [2.9103830456733704e-11, 7.1158865466713905e-09, 1.000444171950221e-11, 1.0000001192092896], "scale": [1.0, 1.0, 1.0], "complaints": []}