{"orientation": [4.547473508864641e-13, 4.547473508864641e-13, -1.4901161193847656e-08, 1.0], "scale": [2.357947691000002, 2.357947691000002, 2.357947691000002], "complaints": []}