{"orientation": [1.353873813059181e-07, -0.7071066498756409, 1.993030309677124e-07, 0.7071070075035095], "scale": [1.0, 1.0, 1.0], "complaints": []}