{"orientation": [-0.5978326201438904, -0.42024511098861694, -0.4053838551044464, 0.5492308139801025], "scale": [1.0, 1.0, 1.0], "complaints": []}