{"orientation": [0.6939157247543335, -0.13455750048160553, 0.13464544713497162, 0.6944393515586853], "scale": [1.0, 1.0, 1.0], "complaints": []}