{"orientation": [0.7029474377632141, 0.7028350830078125, 0.07823999226093292, 0.07593609392642975], "scale": [1.0, 1.0, 1.0], "complaints": []}