{"orientation": [8.743954822421074e-07, -0.05982685461640358, 1.3423850759863853e-05, 0.9982088804244995], "scale": [1.0, 1.0, 1.0], "complaints": []}