{"orientation": [-0.5915461778640747, 0.38740217685699463, -0.591447651386261, 0.3875340521335602], "scale": [1.0, 1.0, 1.0], "complaints": []}