{"orientation": [3.3598553272895515e-08, -6.912159733474255e-11, 6.984919309616089e-10, 1.0000001192092896], "scale": [0.5131581182307067, 0.5131581182307067, 0.5131581182307067], "complaints": []}