{"orientation": [-1.0455623851157725e-06, -4.138822987442836e-06, 1.1388692655600607e-08, 1.0000001192092896], "scale": [1.2100000000000002, 1.2100000000000002, 1.2100000000000002], "complaints": []}