{"orientation": [-0.00045320973731577396, -0.5076632499694824, -0.0007679562550038099, 0.8615552186965942], "scale": [1.0, 1.0, 1.0], "complaints": []}