{"orientation": [8.771251305006444e-05, -0.7706413865089417, 7.253000512719154e-05, 0.637269139289856], "scale": [1.0, 1.0, 1.0], "complaints": []}