{"orientation": [-7.158450898714364e-08, -0.7071068286895752, 7.269409252330661e-08, 0.7071067690849304], "scale": [1.0, 1.0, 1.0], "complaints": []}