{"orientation": [-0.0003560219192877412, -0.5075808763504028, -0.0006031363736838102, 0.861603856086731], "scale": [1.0, 1.0, 1.0], "complaints": []}