{"orientation": [-2.3283064365386963e-10, 7.275957614183426e-12, 0.7071068286895752, 0.7071068286895752], "scale": [1.0, 1.0, 1.0], "complaints": []}