{"orientation": [9.313225746154785e-09, -1.0943040251731873e-08, -0.3826836049556732, 0.9238795638084412], "scale": [1.0, 1.0, 1.0], "complaints": []}