{"orientation": [-0.005595063790678978, -0.6964037418365479, 0.005802076309919357, 0.7176049947738647], "scale": [1.0, 1.0, 1.0], "complaints": []}