{"orientation": [-1.306470949202776e-07, 6.613481673412025e-08, 1.0591174941509962e-06, 1.0], "scale": [1.0, 1.0, 1.0], "complaints": []}