{"orientation": [-0.15109534561634064, -0.2496938705444336, 0.003936599474400282, 0.9564559459686279], "scale": [1.0, 1.0, 1.0], "complaints": []}