{"orientation": [0.00022378636640496552, -0.0003732055483851582, 4.2767777586050215e-07, 0.9999999403953552], "scale": [1.0, 1.0, 1.0], "complaints": []}