{"orientation": [0.0006675255135633051, 0.0007618803065270185, 0.7071065902709961, 0.7071064710617065], "scale": [1.0, 1.0, 1.0], "complaints": []}