{"orientation": [3.547612141119316e-05, -0.23158033192157745, 0.00014815338363405317, 0.9728158712387085], "scale": [1.0, 1.0, 1.0], "complaints": []}