{"orientation": [4.957037162967026e-06, -0.0003663037496153265, -5.466208676807582e-07, 1.0], "scale": [1.0, 1.0, 1.0], "complaints": []}