{"orientation": [1.0, -8.809429346001707e-06, 9.536686320643639e-07, -3.3504576890663884e-09], "scale": [1.0, 1.0, 1.0], "complaints": []}