{"orientation": [-0.05694538354873657, 0.598206639289856, -0.04914817586541176, 0.7978035807609558], "scale": [1.0, 1.0, 1.0], "complaints": []}