{"orientation": [0.13448059558868408, 0.09551374614238739, 0.008447255939245224, 0.9862661957740784], "scale": [2.5937424601000023, 2.5937424601000023, 2.5937424601000023], "complaints": []}