{"orientation": [-3.725290298461914e-08, 3.725290298461914e-09, 1.9073486328125e-06, 1.0000001192092896], "scale": [1.0, 1.0, 1.0], "complaints": []}