{"orientation": [-0.20396582782268524, -0.6769232749938965, 0.2035936862230301, 0.6772904396057129], "scale": [1.0, 1.0, 1.0], "complaints": []}