{"orientation": [1.862645149230957e-08, 1.6472768038511276e-08, 1.0000001192092896, 7.217749953269958e-08], "scale": [1.0, 1.0, 1.0], "complaints": []}