{"orientation": [4.832108970731497e-05, 0.00021322991233319044, -4.536239430308342e-06, 1.0], "scale": [1.0, 1.0, 1.0], "complaints": []}