{"orientation": [-0.00016624294221401215, 2.6325600629206747e-05, 3.016686241608113e-05, 1.0], "scale": [1.0, 1.0, 1.0], "complaints": []}