{"orientation": [0.00034504238283261657, -0.690085232257843, 0.00037399661960080266, 0.7237280011177063], "scale": [1.0, 1.0, 1.0], "complaints": []}