{"orientation": [-0.0017769932746887207, 0.659140944480896, 0.10540203750133514, 0.7445942759513855], "scale": [1.0, 1.0, 1.0], "complaints": []}