{"orientation": [-0.23804312944412231, 0.6950504779815674, -0.34777694940567017, 0.5824874043464661], "scale": [1.0, 1.0, 1.0], "complaints": []}