{"orientation": [-0.6880837678909302, 0.010246293619275093, -0.7253045439720154, 0.01921129785478115], "scale": [1.0, 1.0, 1.0], "complaints": []}