{"orientation": [-1.5125260688364506e-06, 3.1243267585523427e-05, 7.688504410907626e-08, 1.0], "scale": [1.0, 1.0, 1.0], "complaints": []}