{"orientation": [-2.4186010705307126e-06, -1.984565578538877e-08, 1.0, -2.6614247872203123e-07], "scale": [1.0, 1.0, 1.0], "complaints": []}