{"orientation": [-0.00012179592158645391, 5.818605131935328e-05, 0.7071168422698975, 0.7070968151092529], "scale": [1.0, 1.0, 1.0], "complaints": []}