{"orientation": [3.693294559070637e-08, 3.966836814583985e-08, -5.960464477539063e-08, 1.0000001192092896], "scale": [1.0, 1.0, 1.0], "complaints": []}