{"orientation": [-0.7070125937461853, -0.011535611934959888, -0.011480450630187988, 0.707013726234436], "scale": [1.0, 1.0, 1.0], "complaints": []}