{"orientation": [-0.4842209219932556, -0.4812937378883362, 0.517688512802124, 0.5156404376029968], "scale": [1.0, 1.0, 1.0], "complaints": []}