{"orientation": [-0.0003694266197271645, 0.7816702127456665, -0.007667223457247019, 0.6236449480056763], "scale": [1.0, 1.0, 1.0], "complaints": []}