{"orientation": [-1.1219533917028457e-05, 0.0015192548744380474, -1.1493121974126552e-06, 0.9999988675117493], "scale": [1.0, 1.0, 1.0], "complaints": []}