{"orientation": [0.5087540149688721, -0.4910895824432373, -0.5087547302246094, 0.4910898208618164], "scale": [1.4641000000000006, 1.4641000000000006, 1.4641000000000006], "complaints": []}