{"orientation": [-0.4999997317790985, 0.4999999403953552, -0.49999988079071045, 0.5000003576278687], "scale": [1.0, 1.0, 1.0], "complaints": []}