{"orientation": [0.451488196849823, -0.45146846771240234, -0.5442006587982178, 0.5442246198654175], "scale": [1.0, 1.0, 1.0], "complaints": []}