{"orientation": [-0.002081905025988817, -0.6502014398574829, 0.0013777874410152435, 0.7597579956054688], "scale": [1.0, 1.0, 1.0], "complaints": []}