{"orientation": [-0.4999999403953552, 0.4999997317790985, -0.4999999701976776, 0.5000004172325134], "scale": [1.0, 1.0, 1.0], "complaints": []}