{"orientation": [2.3579536900797393e-06, 2.429197138553718e-06, 0.707106351852417, 0.7071073055267334], "scale": [1.0, 1.0, 1.0], "complaints": []}