{"orientation": [0.0014411596348509192, -0.00015891215298324823, 2.2043788703740574e-05, 0.9999989867210388], "scale": [1.0, 1.0, 1.0], "complaints": []}