{"orientation": [0.006760451942682266, 0.01212342083454132, -0.7070572972297668, 0.707020103931427], "scale": [1.0, 1.0, 1.0], "complaints": []}