{"orientation": [-0.010377565398812294, -0.7066990733146667, 0.7073522806167603, 0.011025665327906609], "scale": [1.0, 1.0, 1.0], "complaints": []}