{"orientation": [-0.004608020186424255, -8.843193063512444e-05, -2.9565696877398295e-06, 0.99998939037323], "scale": [1.0, 1.0, 1.0], "complaints": []}