{"orientation": [2.2030435502529144e-05, 0.7069870829582214, 2.2333115339279175e-05, 0.7072265148162842], "scale": [1.0, 1.0, 1.0], "complaints": []}