{"orientation": [-0.7071167230606079, -5.903653800487518e-06, -0.7070968747138977, -6.013084203004837e-06], "scale": [1.0, 1.0, 1.0], "complaints": []}