{"orientation": [0.6766464710235596, 0.17529770731925964, 0.05586167797446251, 0.7129516005516052], "scale": [1.0, 1.0, 1.0], "complaints": []}