{"orientation": [0.6428846120834351, -0.06754615902900696, 0.050463803112506866, 0.7613084316253662], "scale": [1.0, 1.0, 1.0], "complaints": []}