{"orientation": [2.308981493115425e-06, 1.993030309677124e-07, -0.29237204790115356, 0.9563047885894775], "scale": [6.115909044841463, 6.115909044841463, 6.115909044841463], "complaints": []}