{"orientation": [0.4860681891441345, -0.5069339871406555, -0.4930557608604431, 0.5134704113006592], "scale": [1.0, 1.0, 1.0], "complaints": []}