{"orientation": [0.17408405244350433, -0.6836099028587341, -0.174118772149086, 0.6870626211166382], "scale": [1.0, 1.0, 1.0], "complaints": []}