{"orientation": [0.09510187059640884, -0.6970861554145813, -0.09457884728908539, 0.7043305039405823], "scale": [1.0, 1.0, 1.0], "complaints": []}