{"orientation": [0.029497932642698288, -0.10148397833108902, 0.9483548402786255, 0.299088716506958], "scale": [11.91817653772723, 11.91817653772723, 11.91817653772723], "complaints": []}