{"orientation": [3.1723378924652934e-05, 0.7070184946060181, 4.145223647356033e-05, 0.7071951627731323], "scale": [1.0, 1.0, 1.0], "complaints": []}