{"orientation": [1.9709113985300064e-05, -0.707072913646698, -1.9527971744537354e-05, 0.7071407437324524], "scale": [1.0, 1.0, 1.0], "complaints": []}