{"orientation": [-9.294890332967043e-07, -0.003430418437346816, -6.236091394384857e-07, 0.9999942183494568], "scale": [1.7715610000000013, 1.7715610000000013, 1.7715610000000013], "complaints": []}