{"orientation": [-6.814174412284046e-06, -0.0016835194546729326, -1.965518549695844e-06, 0.9999986886978149], "scale": [1.0, 1.0, 1.0], "complaints": []}