{"orientation": [-7.650704247907925e-08, -2.92309607630159e-08, -8.66129994392395e-08, 1.0000001192092896], "scale": [1.0, 1.0, 1.0], "complaints": []}