{"orientation": [-7.091284714988433e-07, 0.0005640332237817347, 3.391965819332654e-08, 0.9999999403953552], "scale": [1.0, 1.0, 1.0], "complaints": []}