{"orientation": [-5.17429043611628e-07, -0.003205738263204694, -2.300358119100565e-06, 0.9999948740005493], "scale": [1.0, 1.0, 1.0], "complaints": []}