{"orientation": [-8.73527028488752e-10, 0.7071068286895752, -3.725290298461914e-09, 0.7071068286895752], "scale": [1.0, 1.0, 1.0], "complaints": []}