{"orientation": [1.6391277313232422e-07, -4.6164495870471e-07, -1.0, -1.1175870895385742e-08], "scale": [1.0, 1.0, 1.0], "complaints": []}