{"orientation": [2.2351741790771484e-08, -9.964423952624202e-09, 0.7071059942245483, 0.7071074843406677], "scale": [2.357947691000002, 2.357947691000002, 2.357947691000002], "complaints": []}