{"orientation": [-1.1175870895385742e-08, 4.889443516731262e-09, -0.7071065902709961, 0.7071070671081543], "scale": [2.357947691000002, 2.357947691000002, 2.357947691000002], "complaints": []}