{"orientation": [-0.4300305247306824, 0.44227659702301025, -0.5540169477462769, 0.5590443015098572], "scale": [1.0, 1.0, 1.0], "complaints": []}