{"orientation": [-1.618172973394394e-08, 3.6670826375484467e-09, 0.7071062326431274, 0.707107424736023], "scale": [2.1435888100000016, 2.1435888100000016, 2.1435888100000016], "complaints": []}