{"orientation": [6.705522537231445e-08, 2.60770320892334e-08, -0.7771462798118591, 0.6293202042579651], "scale": [2.1435888100000016, 2.1435888100000016, 2.1435888100000016], "complaints": []}