{"orientation": [0.07651360332965851, -0.8129771947860718, 0.0005330927670001984, 0.5772464871406555], "scale": [1.0, 1.0, 1.0], "complaints": []}