{"orientation": [-0.7071154117584229, -5.0895847380161285e-05, -4.080682992935181e-05, 0.7070982456207275], "scale": [1.0, 1.0, 1.0], "complaints": []}