{"orientation": [1.0000001192092896, 2.9802322387695312e-08, 0.0002711316919885576, -0.00026795826852321625], "scale": [1.0, 1.0, 1.0], "complaints": []}