{"orientation": [0.7071266174316406, -1.3662036508321762e-05, 1.1664466001093388e-05, 0.7070870399475098], "scale": [1.0, 1.0, 1.0], "complaints": []}