{"orientation": [0.0003186078683938831, 0.011850662529468536, -5.3514959290623665e-06, 0.9999297857284546], "scale": [1.0, 1.0, 1.0], "complaints": []}