{"orientation": [0.062206119298934937, 0.004664719104766846, -0.00034435480483807623, 0.9980525374412537], "scale": [1.0, 1.0, 1.0], "complaints": []}