{"orientation": [0.0014247734798118472, -0.001973523525521159, 2.6761263143271208e-06, 0.9999972581863403], "scale": [1.0, 1.0, 1.0], "complaints": []}