{"orientation": [6.378513717208989e-09, 3.115928848274052e-08, -5.960446003427933e-08, 1.0000001192092896], "scale": [1.0, 1.0, 1.0], "complaints": []}