{"orientation": [-8.731149137020111e-10, 8.591450750827789e-08, -2.973956725327298e-07, 1.0], "scale": [1.0, 1.0, 1.0], "complaints": []}