{"orientation": [-0.0036383920814841986, 0.7108575701713562, -0.0036049201153218746, 0.7033175230026245], "scale": [1.0, 1.0, 1.0], "complaints": []}