{"orientation": [4.301418084651232e-05, 0.00010808557271957397, 3.0516624974552542e-05, 1.0], "scale": [1.0, 1.0, 1.0], "complaints": []}