{"orientation": [-0.011186005547642708, 0.018871048465371132, -0.005301877856254578, 0.9997453689575195], "scale": [1.0, 1.0, 1.0], "complaints": []}