{"orientation": [0.06202332675457001, 0.7210639119148254, -0.034241948276758194, 0.6892369985580444], "scale": [1.0, 1.0, 1.0], "complaints": []}