{"orientation": [-0.5167975425720215, -0.4324652850627899, -0.24475178122520447, 0.6971305012702942], "scale": [1.0, 1.0, 1.0], "complaints": []}