{"orientation": [-0.44133830070495605, -0.17157423496246338, -0.1911756545305252, 0.85978764295578], "scale": [1.0, 1.0, 1.0], "complaints": []}