{"orientation": [0.2588226795196533, -0.8723966479301453, -0.1245042160153389, 0.395516961812973], "scale": [1.0, 1.0, 1.0], "complaints": []}