{"orientation": [-0.12652195990085602, 0.5837542414665222, -0.3119083046913147, 0.7388752102851868], "scale": [1.0, 1.0, 1.0], "complaints": []}