{"orientation": [-0.13339537382125854, -0.1559661477804184, -0.6713826656341553, 0.7121276259422302], "scale": [1.0, 1.0, 1.0], "complaints": []}