{"orientation": [0.0011517490493133664, -0.002230168553069234, 8.962115316535346e-07, 0.9999969601631165], "scale": [1.0, 1.0, 1.0], "complaints": []}