{"orientation": [-1.0732037480920553e-09, -1.0039457265520468e-08, -7.162088877521455e-08, 1.0000001192092896], "scale": [1.0, 1.0, 1.0], "complaints": []}