{"orientation": [-1.2010514183202758e-07, -0.70710688829422, 0.0, 0.7071067690849304], "scale": [1.0, 1.0, 1.0], "complaints": []}