{"orientation": [-7.088681286404608e-08, -0.7071068286895752, -3.14321368932724e-08, 0.7071068286895752], "scale": [1.0, 1.0, 1.0], "complaints": []}