{"orientation": [-0.4999992549419403, -0.5000008344650269, 0.49999913573265076, 0.5000009536743164], "scale": [1.0, 1.0, 1.0], "complaints": []}