{"orientation": [0.0012518062721937895, 0.683905839920044, 0.001087050884962082, 0.7295684218406677], "scale": [1.0, 1.0, 1.0], "complaints": []}