{"orientation": [7.031880522845313e-05, 3.6990721127949655e-05, -2.7364876586943865e-07, 1.0000001192092896], "scale": [1.0, 1.0, 1.0], "complaints": []}