{"orientation": [5.465745971378055e-07, -1.0000001192092896, 3.278383519500494e-05, -3.41394952556584e-05], "scale": [1.0, 1.0, 1.0], "complaints": []}