{"orientation": [-0.9999999403953552, 2.3562461137771606e-07, -0.00015562609769403934, -1.2222444638609886e-06], "scale": [1.0, 1.0, 1.0], "complaints": []}