{"orientation": [0.5000001192092896, 0.4999999403953552, 0.4999999403953552, 0.5000001192092896], "scale": [1.0, 1.0, 1.0], "complaints": []}