{"orientation": [0.00020406022667884827, 0.0004339306615293026, 0.9999998807907104, 6.367266178131104e-05], "scale": [1.0, 1.0, 1.0], "complaints": []}