{"orientation": [-0.11618738621473312, -0.1756005436182022, -0.05495574697852135, 0.9760351181030273], "scale": [1.6105100000000008, 1.6105100000000008, 1.6105100000000008], "complaints": []}