{"orientation": [-0.09990920126438141, 0.1775645613670349, -0.016429342329502106, 0.9788866639137268], "scale": [1.6105100000000008, 1.6105100000000008, 1.6105100000000008], "complaints": []}