{"orientation": [0.009687659330666065, -0.24925582110881805, 9.282724931836128e-05, 0.9683892130851746], "scale": [1.0, 1.0, 1.0], "complaints": []}