{"orientation": [0.011702277697622776, 0.7063525915145874, 0.7077268362045288, -0.007200415711849928], "scale": [1.0, 1.0, 1.0], "complaints": []}