{"orientation": [0.7038211226463318, -0.04115797579288483, 0.04135549068450928, 0.7079771757125854], "scale": [1.0, 1.0, 1.0], "complaints": []}