{"orientation": [0.6983823776245117, -0.006348664406687021, 0.0034732522908598185, 0.7156882882118225], "scale": [1.0, 1.0, 1.0], "complaints": []}