{"orientation": [0.009055881761014462, -0.9523255825042725, -0.022892260923981667, 0.30408886075019836], "scale": [1.0, 1.0, 1.0], "complaints": []}