{"orientation": [-0.0789518803358078, -0.71197509765625, 0.6930358409881592, -0.08099032938480377], "scale": [1.0, 1.0, 1.0], "complaints": []}