{"orientation": [-0.011198809370398521, -0.829923152923584, -0.0027470318600535393, -0.5577588081359863], "scale": [1.0, 1.0, 1.0], "complaints": []}