{"orientation": [-0.6740030646324158, -0.21110427379608154, -0.20956191420555115, 0.6761943101882935], "scale": [1.0, 1.0, 1.0], "complaints": []}