{"orientation": [0.7109477519989014, -0.040883779525756836, 0.04528985917568207, 0.7005930542945862], "scale": [1.0, 1.0, 1.0], "complaints": []}