{"orientation": [-0.01042485423386097, 0.9371524453163147, -0.0015825292794033885, 0.34876111149787903], "scale": [1.0, 1.0, 1.0], "complaints": []}