{"orientation": [0.7117583751678467, -0.041233062744140625, 0.045090824365615845, 0.6997620463371277], "scale": [1.0, 1.0, 1.0], "complaints": []}