{"orientation": [0.7120060920715332, -0.04029183089733124, 0.04482465609908104, 0.6995819807052612], "scale": [1.0, 1.0, 1.0], "complaints": []}