{"orientation": [0.00027125654742121696, 0.002863808535039425, 3.745267167687416e-05, 0.9999958872795105], "scale": [1.0, 1.0, 1.0], "complaints": []}