{"orientation": [-0.01637347973883152, 0.49485278129577637, 0.00155389413703233, 0.8688213229179382], "scale": [1.0, 1.0, 1.0], "complaints": []}