{"orientation": [-0.01908799260854721, 0.9750695824623108, -0.01921994611620903, 0.22023990750312805], "scale": [1.0, 1.0, 1.0], "complaints": []}