{"orientation": [-0.008595583960413933, 0.8648784756660461, -0.00956338457763195, 0.5018168091773987], "scale": [1.0, 1.0, 1.0], "complaints": []}