{"orientation": [0.0026370908599346876, 0.5074321627616882, 0.005092327017337084, 0.8616727590560913], "scale": [1.0, 1.0, 1.0], "complaints": []}