{"orientation": [-6.146728992462158e-08, 5.738124855270144e-07, 1.0000001192092896, -3.498862497508526e-07], "scale": [1.0, 1.0, 1.0], "complaints": []}