{"orientation": [0.4972280263900757, -0.5027554035186768, -0.49723005294799805, 0.5027560591697693], "scale": [1.0, 1.0, 1.0], "complaints": []}