{"orientation": [-6.51925802230835e-08, 4.0760096453595906e-07, 1.0000001192092896, -4.307366907596588e-07], "scale": [1.0, 1.0, 1.0], "complaints": []}