{"orientation": [0.7066035270690918, -0.7074446082115173, 0.011295675300061703, -0.010302008129656315], "scale": [1.0, 1.0, 1.0], "complaints": []}