{"orientation": [-0.0027329903095960617, 0.03476524353027344, 0.9992563724517822, 0.016457129269838333], "scale": [1.0, 1.0, 1.0], "complaints": []}