{"orientation": [-0.5913015604019165, 0.33755216002464294, -0.5940998792648315, 0.42832979559898376], "scale": [1.0, 1.0, 1.0], "complaints": []}