{"orientation": [0.3369978964328766, -0.7856600284576416, -0.17033110558986664, 0.4900592267513275], "scale": [1.3310000000000006, 1.3310000000000006, 1.3310000000000006], "complaints": []}