{"orientation": [0.24514985084533691, 0.3165986239910126, 0.404297798871994, 0.8223201036453247], "scale": [1.0, 1.0, 1.0], "complaints": []}