{"orientation": [-0.5177728533744812, 0.7859346866607666, -0.13621008396148682, 0.3092974126338959], "scale": [1.3310000000000004, 1.3310000000000004, 1.3310000000000004], "complaints": []}