{"orientation": [-0.01661423221230507, 0.7968823313713074, -0.0355135053396225, 0.6028609275817871], "scale": [1.771561000000001, 1.771561000000001, 1.771561000000001], "complaints": []}