{"orientation": [0.14051347970962524, 0.7486733794212341, 0.15618717670440674, 0.6287686228752136], "scale": [1.2100000000000002, 1.2100000000000002, 1.2100000000000002], "complaints": []}