{"orientation": [-0.03700710088014603, -0.7061378359794617, -0.03700706362724304, 0.7061375975608826], "scale": [1.0, 1.0, 1.0], "complaints": []}