{"orientation": [0.4864387512207031, 0.3499552607536316, 0.6175328493118286, 0.5094722509384155], "scale": [2.357947691000002, 2.357947691000002, 2.357947691000002], "complaints": []}