{"orientation": [0.07184283435344696, 0.6913323402404785, 0.108314149081707, 0.7107504606246948], "scale": [1.4641000000000006, 1.4641000000000006, 1.4641000000000006], "complaints": []}