{"orientation": [-0.2059497833251953, -0.7954933643341064, -0.06104452908039093, 0.566611647605896], "scale": [1.2100000000000002, 1.2100000000000002, 1.2100000000000002], "complaints": []}