{"orientation": [-0.019602466374635696, 0.7976350784301758, -0.039682537317276, 0.6015142798423767], "scale": [1.771561000000001, 1.771561000000001, 1.771561000000001], "complaints": []}