{"orientation": [-0.3257436454296112, 0.6552008390426636, -0.5108587145805359, -0.45124998688697815], "scale": [1.6105100000000008, 1.6105100000000008, 1.6105100000000008], "complaints": []}