{"orientation": [-0.0030209505930542946, -2.9647409860444895e-07, -0.9999954700469971, -6.379221758834319e-06], "scale": [1.0, 1.0, 1.0], "complaints": []}