{"orientation": [-0.003020733594894409, -4.5061599962537e-07, -0.9999954700469971, -6.5148647081514355e-06], "scale": [1.0, 1.0, 1.0], "complaints": []}