{"orientation": [-0.003020970616489649, -5.252561550150858e-07, -0.9999954700469971, 8.387946763832588e-06], "scale": [1.0, 1.0, 1.0], "complaints": []}