{"orientation": [-0.003020958276465535, -1.006546654025442e-06, -0.9999954700469971, 8.275969776150305e-06], "scale": [1.0, 1.0, 1.0], "complaints": []}