{"orientation": [0.0030208148527890444, 5.885107157155289e-07, 0.9999954700469971, 6.360899533319753e-06], "scale": [1.0, 1.0, 1.0], "complaints": []}