{"orientation": [-0.003020741743966937, -5.034097512179869e-07, -0.9999954700469971, -6.306792784016579e-06], "scale": [1.0, 1.0, 1.0], "complaints": []}