{"orientation": [-0.003020814387127757, -5.192421781430312e-07, -0.9999954700469971, -6.163336820463883e-06], "scale": [1.0, 1.0, 1.0], "complaints": []}