{"orientation": [2.5032471651087462e-09, -5.786474162050581e-07, -1.7933525775504222e-09, 1.0], "scale": [1.0, 1.0, 1.0], "complaints": []}