{"orientation": [1.0707293540690443e-07, -5.02932323342975e-07, -9.577857396081413e-10, 1.0], "scale": [1.0, 1.0, 1.0], "complaints": []}