{"orientation": [-0.0030209310352802277, -5.559594455917249e-07, -0.9999954700469971, -6.178230250952765e-06], "scale": [1.0, 1.0, 1.0], "complaints": []}