{"orientation": [9.671229150853833e-08, -4.4608111693378305e-07, -4.559960942174257e-08, 1.0], "scale": [1.0, 1.0, 1.0], "complaints": []}