{"orientation": [-0.003020748496055603, -5.240679001872195e-07, -0.9999954700469971, -6.391519491444342e-06], "scale": [1.0, 1.0, 1.0], "complaints": []}