{"orientation": [-9.063164441158733e-09, -4.11565963531757e-07, 7.71652892694874e-08, 1.0], "scale": [1.0, 1.0, 1.0], "complaints": []}