{"orientation": [1.2873508126176603e-07, -7.489765607715526e-07, -7.698552906276745e-08, 1.0], "scale": [1.0, 1.0, 1.0], "complaints": []}