{"orientation": [2.0979965142942092e-07, -9.411893984179187e-07, -1.3411096233539865e-07, 1.0], "scale": [1.0, 1.0, 1.0], "complaints": []}