{"orientation": [-0.0030209841206669807, -5.486008376465179e-07, -0.9999954700469971, -6.180495347507531e-06], "scale": [1.0, 1.0, 1.0], "complaints": []}