{"orientation": [-3.725290298461914e-09, -8.195638656616211e-08, 0.7071152925491333, 0.7070984244346619], "scale": [1.0, 1.0, 1.0], "complaints": []}