{"orientation": [-4.190951585769653e-09, -8.800998330116272e-08, 0.7071072459220886, 0.7071064710617065], "scale": [1.0, 1.0, 1.0], "complaints": []}