{"orientation": [1.1641532182693481e-10, -2.9103830456733704e-11, 2.2737367544323206e-13, 1.0000001192092896], "scale": [1.0, 1.0, 1.0], "complaints": []}