{"orientation": [-0.03592516481876373, -0.1653904914855957, 0.003936618100851774, 0.9855658411979675], "scale": [1.0, 1.0, 1.0], "complaints": []}