{"orientation": [0.9999929666519165, 0.0037837252020835876, 1.3197814041632228e-07, 7.431663107126951e-08], "scale": [1.0, 1.0, 1.0], "complaints": []}