{"orientation": [-0.04729485511779785, 0.000760162714868784, -6.782652053516358e-05, 0.9988806247711182], "scale": [1.0, 1.0, 1.0], "complaints": []}