{"orientation": [0.029689200222492218, 0.0540805347263813, 0.7066690325737, 0.7048496007919312], "scale": [1.0, 1.0, 1.0], "complaints": []}