{"orientation": [-1.5881378203630447e-06, -1.2977980077266693e-06, -0.7071067690849304, 0.7071068286895752], "scale": [1.0, 1.0, 1.0], "complaints": []}