{"orientation": [-0.0005169062642380595, 0.290139377117157, -0.00016033904103096575, 0.9569844007492065], "scale": [1.0, 1.0, 1.0], "complaints": []}