{"orientation": [0.5000054836273193, 0.4999946653842926, 0.49999451637268066, 0.500005304813385], "scale": [1.0, 1.0, 1.0], "complaints": []}