{"orientation": [-2.9802322387695312e-08, -3.725290298461914e-08, 0.7071068286895752, 0.70710688829422], "scale": [1.0, 1.0, 1.0], "complaints": []}