{"orientation": [-2.456212678225711e-05, 0.734764039516449, 2.2503416403196752e-05, 0.6783230304718018], "scale": [1.0, 1.0, 1.0], "complaints": []}