{"orientation": [-0.311482310295105, -0.6512221097946167, 0.2598073184490204, 0.6413960456848145], "scale": [1.0, 1.0, 1.0], "complaints": []}