{"orientation": [-0.0458308607339859, -0.7121281027793884, -0.028174901381134987, 0.6999852657318115], "scale": [1.0, 1.0, 1.0], "complaints": []}