{"orientation": [-0.003660217858850956, 0.7071382999420166, -0.707012414932251, 0.00869075022637844], "scale": [1.0, 1.0, 1.0], "complaints": []}