{"orientation": [0.026610808447003365, -0.7167708277702332, -0.022423285990953445, 0.6964401006698608], "scale": [1.0, 1.0, 1.0], "complaints": []}