{"orientation": [0.05636352300643921, 0.6981649994850159, 0.053513672202825546, 0.7117058038711548], "scale": [1.0, 1.0, 1.0], "complaints": []}