{"orientation": [3.959885930271412e-07, 3.702624269408261e-07, -2.5202769649013135e-08, 1.0], "scale": [1.0, 1.0, 1.0], "complaints": []}