{"orientation": [2.6082154363393784e-05, 4.985928535461426e-05, -5.264664650894701e-07, 1.000000238418579], "scale": [1.0, 1.0, 1.0], "complaints": []}