{"orientation": [0.006687140557914972, -0.022101111710071564, -0.3791278600692749, 0.9250562787055969], "scale": [1.0, 1.0, 1.0], "complaints": []}