{"orientation": [-2.421438694000244e-07, 5.995389074087143e-08, -1.1072552297264338e-07, 1.0000001192092896], "scale": [1.0, 1.0, 1.0], "complaints": []}