{"orientation": [-2.27498821914196e-05, 6.072153337299824e-05, -5.450274329632521e-07, 1.0000001192092896], "scale": [1.0, 1.0, 1.0], "complaints": []}