{"orientation": [3.0501396395266056e-05, -0.017450852319598198, 0.0018159558530896902, 0.9998460412025452], "scale": [1.0, 1.0, 1.0], "complaints": []}