{"orientation": [0.00011824600369436666, -0.0006053443648852408, -6.968912202864885e-08, 0.9999998807907104], "scale": [1.0, 1.0, 1.0], "complaints": []}