{"orientation": [-3.0881346901878715e-06, 6.915652193129063e-06, 2.0019069779664278e-07, 1.0000001192092896], "scale": [1.0, 1.0, 1.0], "complaints": []}