{"orientation": [-0.0001462642103433609, -0.0006628939299844205, 0.7071061730384827, 0.7071071267127991], "scale": [1.0, 1.0, 1.0], "complaints": []}