{"orientation": [3.587435912777437e-07, -0.7071073055267334, 3.4752883948385715e-07, 0.707106351852417], "scale": [1.0, 1.0, 1.0], "complaints": []}