{"orientation": [-0.4296411871910095, -0.42929548025131226, 0.5615188479423523, 0.5619701743125916], "scale": [1.0, 1.0, 1.0], "complaints": []}