{"orientation": [-0.500000536441803, -0.5000001192092896, 0.4999999403953552, 0.4999995529651642], "scale": [1.0, 1.0, 1.0], "complaints": []}