{"orientation": [2.627920730446931e-05, -0.70710688829422, -2.606216185085941e-05, 0.7071068286895752], "scale": [1.0, 1.0, 1.0], "complaints": []}