{"orientation": [-7.5258731158101e-06, -0.7071553468704224, 7.941853255033493e-06, 0.7070583701133728], "scale": [1.0, 1.0, 1.0], "complaints": []}