{"orientation": [-0.006832848768681288, -0.7295964360237122, 0.00857288297265768, 0.6837902665138245], "scale": [1.0, 1.0, 1.0], "complaints": []}