{"orientation": [-0.4299556016921997, -0.4324731230735779, 0.5620368719100952, 0.5587664842605591], "scale": [1.0, 1.0, 1.0], "complaints": []}