{"orientation": [2.3880011212895624e-07, -0.7071069478988647, 2.1350570023059845e-07, 0.7071067094802856], "scale": [1.0, 1.0, 1.0], "complaints": []}