{"orientation": [0.024968579411506653, -0.011310669593513012, -9.001814760267735e-06, 0.9996242523193359], "scale": [1.0, 1.0, 1.0], "complaints": []}