{"orientation": [2.3171305656433105e-05, 5.204783519729972e-06, 2.2855965653434396e-07, 1.0], "scale": [1.0, 1.0, 1.0], "complaints": []}