{"orientation": [-0.0017616599798202515, 0.016934113577008247, -0.9998547434806824, -0.0009197592735290527], "scale": [1.0, 1.0, 1.0], "complaints": []}