{"orientation": [-0.1356707364320755, -0.0723879486322403, -0.9880989193916321, 0.003764360211789608], "scale": [1.0, 1.0, 1.0], "complaints": []}