{"orientation": [-0.0012849089689552784, -0.001988328294828534, 7.3645205702632666e-06, 0.9999972581863403], "scale": [1.0, 1.0, 1.0], "complaints": []}