{"orientation": [2.2992026060819626e-09, -1.7462298274040222e-09, -0.258819043636322, 0.965925931930542], "scale": [1.0, 1.0, 1.0], "complaints": []}