{"orientation": [0.7020030617713928, -0.10139001160860062, -0.1110488772392273, 0.6961178779602051], "scale": [1.0, 1.0, 1.0], "complaints": []}