{"orientation": [-0.010497210547327995, 0.04136374220252037, -0.0006026038900017738, 0.9990888237953186], "scale": [1.0, 1.0, 1.0], "complaints": []}