{"orientation": [0.031627118587493896, -0.03456835821270943, 0.006657790392637253, 0.9988796710968018], "scale": [1.0, 1.0, 1.0], "complaints": []}