{"orientation": [-0.05660593509674072, -0.04616297781467438, -0.002294633537530899, 0.9973262548446655], "scale": [1.0, 1.0, 1.0], "complaints": []}