{"orientation": [-0.041154906153678894, -0.00855398178100586, -0.005616893991827965, 0.9991003274917603], "scale": [1.0, 1.0, 1.0], "complaints": []}