{"orientation": [-0.019463345408439636, 0.034055788069963455, 0.0013908450491726398, 0.9992294311523438], "scale": [1.0, 1.0, 1.0], "complaints": []}