{"orientation": [0.005098051391541958, 0.05648662522435188, -0.0005518496036529541, 0.998390257358551], "scale": [1.0, 1.0, 1.0], "complaints": []}