{"orientation": [0.016270220279693604, 0.012861956842243671, -0.0001896721078082919, 0.9997848868370056], "scale": [1.0, 1.0, 1.0], "complaints": []}