{"orientation": [-0.05122853443026543, 0.030418477952480316, 0.01242134440690279, 0.9981464147567749], "scale": [1.0, 1.0, 1.0], "complaints": []}