{"orientation": [-0.06971661746501923, -0.0523204505443573, -0.006437161937355995, 0.9961731433868408], "scale": [1.0, 1.0, 1.0], "complaints": []}