{"orientation": [0.07200229167938232, 0.2318129986524582, 0.004960834980010986, 0.9700793027877808], "scale": [1.0, 1.0, 1.0], "complaints": []}