{"orientation": [-0.6984467506408691, 0.11040568351745605, -0.10988889634609222, 0.6985035538673401], "scale": [1.0, 1.0, 1.0], "complaints": []}