{"orientation": [-0.7070921063423157, -3.0007213354110718e-06, -3.0919909477233887e-06, 0.7071215510368347], "scale": [1.0, 1.0, 1.0], "complaints": []}