{"orientation": [0.7073928117752075, 0.0024656758178025484, -0.0004169857129454613, 0.7068163156509399], "scale": [1.0, 1.0, 1.0], "complaints": []}