{"orientation": [0.7061918377876282, -0.02684638276696205, 0.02788025513291359, 0.706961989402771], "scale": [1.0, 1.0, 1.0], "complaints": []}