{"orientation": [-1.6270680589514086e-06, 8.778355464755805e-08, 2.9475870633177692e-08, 1.0], "scale": [1.0, 1.0, 1.0], "complaints": []}