{"orientation": [0.46419957280158997, 0.3140920400619507, 0.4647340476512909, 0.6854831576347351], "scale": [1.0, 1.0, 1.0], "complaints": []}