{"orientation": [-1.4362740330398083e-08, 1.4520628610625863e-07, 4.880232040704868e-07, 1.0000001192092896], "scale": [1.0, 1.0, 1.0], "complaints": []}