{"orientation": [2.2737367544323206e-13, 1.9895196601282805e-13, -0.5807029604911804, 0.814115583896637], "scale": [1.0, 1.0, 1.0], "complaints": []}