{"orientation": [0.0, -5.966782623545441e-11, -0.38268348574638367, 0.9238796234130859], "scale": [1.0, 1.0, 1.0], "complaints": []}