{"orientation": [0.0, 1.7826096154749393e-10, 0.7071069478988647, 0.7071067690849304], "scale": [1.2100000000000002, 1.2100000000000002, 1.2100000000000002], "complaints": []}