{"orientation": [0.0, 8.149072527885437e-10, -1.0000001192092896, -4.656612873077393e-10], "scale": [1.0, 1.0, 1.0], "complaints": []}