{"orientation": [0.7652801871299744, 0.20838764309883118, -0.5160828232765198, 0.3233872950077057], "scale": [1.0, 1.0, 1.0], "complaints": []}