{"orientation": [7.311929948627949e-06, -0.019164886325597763, -5.102454451844096e-06, 0.9998164772987366], "scale": [1.0, 1.0, 1.0], "complaints": []}