{"orientation": [-5.891931209589529e-08, -1.3073090485704597e-05, 1.141944068194789e-07, 1.0], "scale": [1.0, 1.0, 1.0], "complaints": []}