{"orientation": [-7.604072607136914e-07, -0.7071068286895752, -7.548369467258453e-07, 0.7071067690849304], "scale": [1.0, 1.0, 1.0], "complaints": []}