{"orientation": [3.541994374245405e-06, 0.7071041464805603, 1.6987323760986328e-06, 0.7071095108985901], "scale": [1.0, 1.0, 1.0], "complaints": []}