{"orientation": [0.04551350325345993, 0.6712954044342041, 0.029872775077819824, 0.7391878366470337], "scale": [1.0, 1.0, 1.0], "complaints": []}