{"orientation": [-0.004827350378036499, 0.0021234925370663404, -4.839977191295475e-05, 0.9999861121177673], "scale": [1.0, 1.0, 1.0], "complaints": []}