{"orientation": [3.576860763132572e-07, -1.3250450138002634e-05, -8.009792509255931e-07, 1.000000238418579], "scale": [1.0, 1.0, 1.0], "complaints": []}