{"orientation": [0.00023129733745008707, -0.00015886477194726467, 3.440072759985924e-08, 1.0000001192092896], "scale": [1.0, 1.0, 1.0], "complaints": []}