{"orientation": [-2.7418602257966995e-05, -0.0017430635634809732, -3.076524444622919e-05, 0.9999985098838806], "scale": [1.0, 1.0, 1.0], "complaints": []}