{"orientation": [2.148008206859231e-07, -5.704350769519806e-09, 0.00012069950753357261, 1.0000001192092896], "scale": [1.0, 1.0, 1.0], "complaints": []}