{"orientation": [0.00016308529302477837, -3.245309926569462e-05, -4.4288490244071e-06, 1.0], "scale": [1.0, 1.0, 1.0], "complaints": []}