{"orientation": [5.531142232939601e-05, 0.00024017917166929692, -2.040513209067285e-06, 1.0000001192092896], "scale": [1.0, 1.0, 1.0], "complaints": []}