{"orientation": [-8.644163608551025e-05, -0.00013916008174419403, 3.780296538025141e-07, 1.0], "scale": [1.0, 1.0, 1.0], "complaints": []}