{"orientation": [-6.2572908063884825e-06, -9.826209861785173e-05, 2.0542647689580917e-06, 1.0], "scale": [1.0, 1.0, 1.0], "complaints": []}