{"orientation": [0.0007917170878499746, -0.0005942284478805959, 1.6445563232991844e-05, 0.9999995231628418], "scale": [1.0, 1.0, 1.0], "complaints": []}