{"orientation": [-0.0023942897096276283, 0.0009118681773543358, -0.0007851463742554188, 0.9999964237213135], "scale": [1.0, 1.0, 1.0], "complaints": []}