{"orientation": [2.5089302653213963e-05, -1.266178151126951e-05, 0.00014177875709719956, 1.0], "scale": [1.0, 1.0, 1.0], "complaints": []}