{"orientation": [-1.1408701539039612e-08, 1.988228177651763e-07, 3.643217496573925e-07, 1.0], "scale": [1.0, 1.0, 1.0], "complaints": []}