{"orientation": [-0.0001790394017007202, 0.005874635186046362, -2.862652763724327e-07, 0.9999827742576599], "scale": [1.0, 1.0, 1.0], "complaints": []}