{"orientation": [0.0006530031096190214, -0.0002713552676141262, -8.728662214707583e-05, 0.9999998807907104], "scale": [1.0, 1.0, 1.0], "complaints": []}