{"orientation": [1.8016540707321838e-05, 1.2216816685395315e-05, -5.610740572592476e-06, 1.0000001192092896], "scale": [1.0, 1.0, 1.0], "complaints": []}