{"orientation": [-3.526511136442423e-07, -3.958120942115784e-09, -1.9372773749637417e-06, 1.0000001192092896], "scale": [1.0, 1.0, 1.0], "complaints": []}