{"orientation": [-2.437952207401395e-05, 1.796521246433258e-06, 0.00010102141095558181, 1.0000001192092896], "scale": [1.0, 1.0, 1.0], "complaints": []}