{"orientation": [3.4438446164131165e-05, 0.0005598750431090593, -1.5229798009386286e-05, 0.9999999403953552], "scale": [1.0, 1.0, 1.0], "complaints": []}