{"orientation": [9.896582923829556e-06, -5.538575351238251e-06, 1.2130534742027521e-05, 1.0], "scale": [1.0, 1.0, 1.0], "complaints": []}