{"orientation": [-0.0007755608530715108, 2.569984644651413e-06, 5.665615390171297e-06, 0.9999997019767761], "scale": [1.0, 1.0, 1.0], "complaints": []}