{"orientation": [-2.749962732195854e-06, 6.752088665962219e-08, 1.0328221833333373e-07, 0.9999999403953552], "scale": [1.0, 1.0, 1.0], "complaints": []}