{"orientation": [-6.758701056241989e-05, -0.00021415948867797852, 0.0006173476576805115, 0.9999998807907104], "scale": [1.0, 1.0, 1.0], "complaints": []}