{"orientation": [-2.4237000616267323e-05, 4.48711944045499e-05, -3.641975490609184e-05, 1.0000001192092896], "scale": [1.0, 1.0, 1.0], "complaints": []}