{"orientation": [2.5523477233946323e-05, -5.742869689129293e-06, 1.5920368241495453e-06, 1.0000001192092896], "scale": [1.0, 1.0, 1.0], "complaints": []}