{"orientation": [0.00011145578173454851, 1.630112819839269e-05, -4.612252268998418e-07, 1.0], "scale": [1.0, 1.0, 1.0], "complaints": []}