{"orientation": [-0.01204583328217268, -0.015238120220601559, 0.00013893524010200053, 0.9998113512992859], "scale": [1.0, 1.0, 1.0], "complaints": []}