{"orientation": [-3.3349511795677245e-05, 4.9945552746066824e-05, 5.6758785831334535e-06, 1.0000001192092896], "scale": [1.0, 1.0, 1.0], "complaints": []}