{"orientation": [3.484426997601986e-05, 1.5978235751390457e-05, 7.917333277873695e-08, 1.0], "scale": [1.0, 1.0, 1.0], "complaints": []}