{"orientation": [6.773598215659149e-08, 2.2931760668143397e-07, 6.65967149870994e-07, 1.0000001192092896], "scale": [1.0, 1.0, 1.0], "complaints": []}