{"orientation": [-2.7147616492584348e-06, -8.753035217523575e-06, 1.8861874195863493e-06, 1.0000001192092896], "scale": [1.0, 1.0, 1.0], "complaints": []}