{"orientation": [-0.0072824107483029366, 0.008742103353142738, 0.0005846025887876749, 0.9999352097511292], "scale": [1.0, 1.0, 1.0], "complaints": []}