{"orientation": [-0.000206689364858903, 3.85826569981873e-06, -1.0371497864980483e-06, 1.0000001192092896], "scale": [1.0, 1.0, 1.0], "complaints": []}