{"orientation": [3.077089786529541e-06, 6.310082972049713e-05, 6.73346221446991e-06, 1.0000001192092896], "scale": [1.0, 1.0, 1.0], "complaints": []}