{"orientation": [3.982639100286178e-06, 4.980293510925549e-07, 0.707108736038208, 0.7071049213409424], "scale": [1.0, 1.0, 1.0], "complaints": []}