{"orientation": [-8.733569423213794e-13, -1.3783696406477475e-12, 0.7071068286895752, 0.7071068286895752], "scale": [1.0, 1.0, 1.0], "complaints": []}