{"orientation": [0.0040304516442120075, -4.9788568503572606e-06, 2.5989669666159898e-05, 0.9999919533729553], "scale": [1.0, 1.0, 1.0], "complaints": []}