{"orientation": [6.938353180885315e-07, 2.570147898950381e-07, -7.124435796868056e-08, 1.0], "scale": [1.0, 1.0, 1.0], "complaints": []}