{"orientation": [0.0002719291369430721, 0.011831417679786682, -6.4177438616752625e-06, 0.9999300837516785], "scale": [1.0, 1.0, 1.0], "complaints": []}