{"orientation": [-0.6912440061569214, 0.2888534665107727, -0.09038585424423218, 0.6561828255653381], "scale": [1.0, 1.0, 1.0], "complaints": []}