{"orientation": [-1.5366822481155396e-08, 4.7497451305389404e-08, 0.7071070075035095, 0.7071067094802856], "scale": [1.0, 1.0, 1.0], "complaints": []}