{"orientation": [-2.9169314075261354e-08, 6.32135197520256e-08, 0.7071069478988647, 0.7071067690849304], "scale": [1.0, 1.0, 1.0], "complaints": []}