{"orientation": [-9.313225746154785e-10, -2.3283064365386963e-08, 0.70710688829422, 0.70710688829422], "scale": [1.0, 1.0, 1.0], "complaints": []}