{"orientation": [-8.381903171539307e-09, -3.259629011154175e-09, 0.7071070671081543, 0.7071067094802856], "scale": [1.0, 1.0, 1.0], "complaints": []}