{"orientation": [-5.4016709327697754e-08, 4.656612873077393e-10, 0.7071067094802856, 0.7071070075035095], "scale": [1.0, 1.0, 1.0], "complaints": []}