{"orientation": [-3.9814040064811707e-08, 3.2014213502407074e-08, 0.70710688829422, 0.7071067690849304], "scale": [1.0, 1.0, 1.0], "complaints": []}