{"orientation": [4.377216100692749e-08, -3.259629011154175e-09, 0.70710688829422, 0.70710688829422], "scale": [1.0, 1.0, 1.0], "complaints": []}