{"orientation": [3.096647560596466e-08, 3.4458935260772705e-08, 0.7071067690849304, 0.70710688829422], "scale": [1.0, 1.0, 1.0], "complaints": []}