{"orientation": [-2.0256265997886658e-08, 4.981848178431392e-08, 0.7071067094802856, 0.70710688829422], "scale": [1.0, 1.0, 1.0], "complaints": []}