{"orientation": [3.6670826375484467e-08, 6.83940015733242e-08, 0.7071068286895752, 0.7071068286895752], "scale": [1.0, 1.0, 1.0], "complaints": []}