{"orientation": [-1.6996636986732483e-08, 6.693881005048752e-09, 0.7071069478988647, 0.7071067690849304], "scale": [1.0, 1.0, 1.0], "complaints": []}