{"orientation": [1.0288786143064499e-06, 1.269484346266836e-05, 0.08715584874153137, 0.9961948394775391], "scale": [1.0, 1.0, 1.0], "complaints": []}