{"orientation": [-5.587935447692871e-09, -4.819594323635101e-08, 0.7071069478988647, 0.7071067690849304], "scale": [1.0, 1.0, 1.0], "complaints": []}