{"orientation": [1.5832483768463135e-08, 1.1175870895385742e-08, 0.7071067094802856, 0.70710688829422], "scale": [1.0, 1.0, 1.0], "complaints": []}