{"orientation": [6.947084330022335e-08, 4.8603396862745285e-09, 0.7071068286895752, 0.70710688829422], "scale": [1.0, 1.0, 1.0], "complaints": []}