{"orientation": [6.6356733441352844e-09, -1.5133991837501526e-09, 0.7071068286895752, 0.7071068286895752], "scale": [1.0, 1.0, 1.0], "complaints": []}