{"orientation": [1.1175870895385742e-08, 1.6298145055770874e-08, 0.7071070075035095, 0.7071067094802856], "scale": [1.0, 1.0, 1.0], "complaints": []}