{"orientation": [5.384208634495735e-08, 2.6542693376541138e-08, 0.7071068286895752, 0.7071068286895752], "scale": [1.0, 1.0, 1.0], "complaints": []}