{"orientation": [-3.934837877750397e-08, -4.1851308196783066e-08, 0.7071067690849304, 0.7071068286895752], "scale": [1.0, 1.0, 1.0], "complaints": []}