{"orientation": [-2.5727786123752594e-08, 2.9453076422214508e-08, 0.7071069478988647, 0.7071067690849304], "scale": [1.0, 1.0, 1.0], "complaints": []}