{"orientation": [-3.771856427192688e-08, 1.1408701539039612e-08, 0.7071069478988647, 0.7071067094802856], "scale": [1.0, 1.0, 1.0], "complaints": []}