{"orientation": [2.1886080503463745e-08, -1.9528670236468315e-08, 0.7071070075035095, 0.7071066498756409], "scale": [1.0, 1.0, 1.0], "complaints": []}