{"orientation": [4.336470738053322e-08, -3.162858774885535e-08, 0.7071067690849304, 0.7071070075035095], "scale": [1.0, 1.0, 1.0], "complaints": []}