{"orientation": [-2.3283064365386963e-10, -2.2992026060819626e-09, -0.034899499267339706, 0.9993909597396851], "scale": [1.0, 1.0, 1.0], "complaints": []}