{"orientation": [3.259629011154175e-09, 4.124012775719166e-08, 0.70710688829422, 0.7071067094802856], "scale": [1.0, 1.0, 1.0], "complaints": []}