{"orientation": [1.4724719221703708e-09, -1.600938048795797e-07, -1.1064112186431885e-06, 1.000000238418579], "scale": [1.0, 1.0, 1.0], "complaints": []}