{"orientation": [2.3411853078414424e-07, -0.01072954386472702, 5.997528660373064e-07, 0.9999424815177917], "scale": [1.0, 1.0, 1.0], "complaints": []}