{"orientation": [0.6761072874069214, 0.00599064864218235, 0.7367376685142517, 0.007793460041284561], "scale": [1.0, 1.0, 1.0], "complaints": []}