{"orientation": [-0.010432909242808819, -0.011594206094741821, -7.572726462967694e-05, 0.999878466129303], "scale": [1.0, 1.0, 1.0], "complaints": []}