{"orientation": [-0.018658805638551712, 0.6886647343635559, -0.00558354752138257, 0.724818229675293], "scale": [2.853116706110003, 2.853116706110003, 2.853116706110003], "complaints": []}