{"orientation": [-0.09327886998653412, 0.7060934901237488, -0.09091231226921082, 0.6960359811782837], "scale": [1.0, 1.0, 1.0], "complaints": []}