{"orientation": [-0.6960320472717285, -0.0002610050141811371, -0.7180106043815613, -0.0002047368325293064], "scale": [1.0, 1.0, 1.0], "complaints": []}