{"orientation": [-0.17819437384605408, 0.34471237659454346, -0.6170007586479187, 0.6846387982368469], "scale": [1.0, 1.0, 1.0], "complaints": []}