{"orientation": [-0.000654660165309906, -0.348271906375885, 0.7312301397323608, 0.5865225791931152], "scale": [1.0, 1.0, 1.0], "complaints": []}