{"orientation": [0.3113945722579956, 0.29328757524490356, -0.7489641904830933, 0.5060321688652039], "scale": [1.4641000000000006, 1.4641000000000006, 1.4641000000000006], "complaints": []}