{"orientation": [0.21990245580673218, -0.04729684442281723, -0.6490781903266907, 0.7267074584960938], "scale": [1.0, 1.0, 1.0], "complaints": []}