{"orientation": [-0.034365326166152954, -0.06844256073236465, 0.05007996782660484, 0.9958047270774841], "scale": [1.1, 1.1, 1.1], "complaints": []}