{"orientation": [0.34621095657348633, -0.5140887498855591, 0.25740280747413635, 0.741346538066864], "scale": [1.0, 1.0, 1.0], "complaints": []}