{"orientation": [0.050298061221838, -0.4422439932823181, -0.010246224701404572, 0.8954246640205383], "scale": [1.0, 1.0, 1.0], "complaints": []}