{"orientation": [0.5323953032493591, -0.7785930633544922, -0.3297453224658966, 0.040202099829912186], "scale": [1.0, 1.0, 1.0], "complaints": []}