{"orientation": [0.08429776132106781, -0.15229731798171997, 0.049847885966300964, 0.9834706783294678], "scale": [1.0, 1.0, 1.0], "complaints": []}