{"orientation": [0.13801239430904388, -0.6252032518386841, -0.7395601868629456, -0.20766371488571167], "scale": [1.0, 1.0, 1.0], "complaints": []}