{"orientation": [0.1540554314851761, -0.28841087222099304, 0.12709209322929382, 0.9364474415779114], "scale": [1.0, 1.0, 1.0], "complaints": []}