{"orientation": [-0.1418178230524063, 0.6188192963600159, 0.7411142587661743, 0.21840400993824005], "scale": [1.0, 1.0, 1.0], "complaints": []}