{"orientation": [-0.11830659210681915, 0.6874961853027344, 0.7016443014144897, 0.1450798213481903], "scale": [1.0, 1.0, 1.0], "complaints": []}