{"orientation": [-0.17484164237976074, 0.6322932243347168, 0.12715375423431396, -0.743954062461853], "scale": [1.0, 1.0, 1.0], "complaints": []}