{"orientation": [-0.027387402951717377, 0.9845716953277588, 0.1728159785270691, 0.0018057748675346375], "scale": [1.0, 1.0, 1.0], "complaints": []}