{"orientation": [0.10796087980270386, -0.2742169499397278, 0.04982643947005272, 0.9542887210845947], "scale": [1.0, 1.0, 1.0], "complaints": []}