{"orientation": [0.03808209300041199, -0.9395174980163574, -0.3053414225578308, -0.15041059255599976], "scale": [1.0, 1.0, 1.0], "complaints": []}