{"orientation": [0.09625410288572311, -0.5113615393638611, 0.01802840083837509, 0.853767991065979], "scale": [1.0, 1.0, 1.0], "complaints": []}