{"orientation": [0.0801747664809227, -0.46049854159355164, 0.03487648069858551, 0.8833441138267517], "scale": [1.0, 1.0, 1.0], "complaints": []}