{"orientation": [-0.012026870623230934, -0.5554291009902954, -0.013284824788570404, 0.8313709497451782], "scale": [1.0, 1.0, 1.0], "complaints": []}