{"orientation": [-0.07443495094776154, -0.4233151972293854, 0.4266769289970398, 0.795745313167572], "scale": [1.0, 1.0, 1.0], "complaints": []}