{"orientation": [-0.006589749827980995, -0.5756359100341797, -0.008405297994613647, 0.8176364898681641], "scale": [1.0, 1.0, 1.0], "complaints": []}