{"orientation": [0.023660585284233093, -0.716472327709198, -0.03356117755174637, 0.6964060068130493], "scale": [1.0, 1.0, 1.0], "complaints": []}