{"orientation": [-4.882240745018862e-08, -3.0011514695615915e-07, 1.0, -2.1397227101260796e-08], "scale": [1.0, 1.0, 1.0], "complaints": []}