{"orientation": [1.4016529803484445e-07, 1.619111955619701e-08, 1.0, -4.386818019952443e-09], "scale": [1.0, 1.0, 1.0], "complaints": []}