{"orientation": [-9.759969543665648e-08, 1.5201942460407736e-07, 0.998629629611969, 0.05233597755432129], "scale": [1.0, 1.0, 1.0], "complaints": []}