{"orientation": [3.4542608773335814e-08, -6.235859473235905e-08, 5.960399676041561e-07, 1.0], "scale": [1.0, 1.0, 1.0], "complaints": []}