{"orientation": [-0.00732235424220562, 0.033934999257326126, 3.8384550862247124e-05, 0.9993972778320312], "scale": [1.0, 1.0, 1.0], "complaints": []}