{"orientation": [-2.3593922378495336e-05, 6.41261794953607e-05, 2.057733468063816e-07, 1.0], "scale": [1.0, 1.0, 1.0], "complaints": []}