{"orientation": [-5.4704141803085804e-05, 7.424759678542614e-05, 2.250957891192229e-07, 1.0000001192092896], "scale": [1.0, 1.0, 1.0], "complaints": []}