{"orientation": [4.936009645462036e-08, 5.844049155712128e-08, 5.4016709327697754e-08, 1.0000001192092896], "scale": [1.0, 1.0, 1.0], "complaints": []}