{"orientation": [4.2912550270557404e-05, 4.9213122110813856e-05, -0.7071067094802856, 0.70710688829422], "scale": [1.0, 1.0, 1.0], "complaints": []}