{"orientation": [4.147215804550797e-06, 0.7216838002204895, -4.1676685214042664e-08, 0.6922229528427124], "scale": [1.0, 1.0, 1.0], "complaints": []}