{"orientation": [-3.8109013985376805e-05, 0.9999355673789978, 2.1762680262327194e-06, 0.01135854609310627], "scale": [1.6105100000000008, 1.6105100000000008, 1.6105100000000008], "complaints": []}