{"orientation": [-9.256370503862854e-06, 0.0015998927410691977, -4.104927938897163e-06, 0.9999988079071045], "scale": [1.0, 1.0, 1.0], "complaints": []}