{"orientation": [0.0001713357341941446, 0.0017102063866332173, 1.1414588243496837e-06, 0.9999986886978149], "scale": [1.0, 1.0, 1.0], "complaints": []}