{"orientation": [1.209271172086801e-08, 7.460292295036197e-08, -8.058002265443065e-08, 1.0], "scale": [1.0, 1.0, 1.0], "complaints": []}