{"orientation": [9.014034003484994e-05, -0.7071021795272827, 8.858693763613701e-05, 0.7071114778518677], "scale": [1.0, 1.0, 1.0], "complaints": []}