{"orientation": [0.0002945781161542982, 0.6823480725288391, -0.00031567178666591644, 0.731027364730835], "scale": [1.0, 1.0, 1.0], "complaints": []}