{"orientation": [1.1350493878126144e-07, -0.7071067690849304, 1.0065559763461351e-07, 0.7071068286895752], "scale": [1.0, 1.0, 1.0], "complaints": []}