{"orientation": [3.392544385860674e-05, 3.35703807650134e-05, -3.725290298461914e-08, 1.0000001192092896], "scale": [1.0, 1.0, 1.0], "complaints": []}