{"orientation": [4.217988802679429e-08, 5.886528953169545e-08, 5.587935447692871e-08, 1.0], "scale": [1.0, 1.0, 1.0], "complaints": []}