{"orientation": [5.7198718650397495e-08, 4.3910372227173866e-08, -9.519666832602525e-09, 1.0], "scale": [1.0, 1.0, 1.0], "complaints": []}