{"orientation": [-0.0034843329340219498, -0.014601556584239006, 0.0029223125893622637, 0.9998831748962402], "scale": [1.0, 1.0, 1.0], "complaints": []}