{"orientation": [-0.008082910440862179, -0.004873333033174276, 0.022219691425561905, 0.9997086524963379], "scale": [1.0, 1.0, 1.0], "complaints": []}