{"orientation": [-0.004535580053925514, -0.0072419005446136, 0.001718671526759863, 0.9999621510505676], "scale": [1.0, 1.0, 1.0], "complaints": []}