{"orientation": [-0.14369559288024902, 0.7273057699203491, -0.20385923981666565, 0.6393898129463196], "scale": [1.0, 1.0, 1.0], "complaints": []}