{"orientation": [-0.7485008239746094, 0.022470790892839432, -0.6623073220252991, 0.024303767830133438], "scale": [1.0, 1.0, 1.0], "complaints": []}