{"orientation": [-8.553615771234035e-08, -1.8677610569284298e-08, -6.49069988867268e-07, 1.0000001192092896], "scale": [1.0, 1.0, 1.0], "complaints": []}