{"orientation": [-0.050407931208610535, -0.027244944125413895, -0.008788326755166054, 0.9983183741569519], "scale": [1.0, 1.0, 1.0], "complaints": []}