{"orientation": [-0.03372476249933243, 0.7062591910362244, -0.030944328755140305, 0.7064723372459412], "scale": [1.0, 1.0, 1.0], "complaints": []}