{"orientation": [1.7857423699751962e-06, 0.7086411118507385, 3.401757567189634e-06, 0.7055692076683044], "scale": [1.0, 1.0, 1.0], "complaints": []}