{"orientation": [-0.6934506893157959, -0.00919534731656313, -0.7203478813171387, -0.011861719191074371], "scale": [1.0, 1.0, 1.0], "complaints": []}