{"orientation": [0.004565136972814798, 0.689444363117218, 0.10215309262275696, 0.7170845866203308], "scale": [1.0, 1.0, 1.0], "complaints": []}