{"orientation": [-0.03137263283133507, -0.7002255916595459, 0.02867448702454567, 0.7126554250717163], "scale": [1.0, 1.0, 1.0], "complaints": []}