{"orientation": [0.12482325732707977, 0.06134314462542534, 0.0005117630353197455, 0.99028080701828], "scale": [1.9487171000000014, 1.9487171000000014, 1.9487171000000014], "complaints": []}