{"orientation": [0.01679229363799095, 0.24954022467136383, -0.019421853125095367, 0.9680240750312805], "scale": [1.9487171000000014, 1.9487171000000014, 1.9487171000000014], "complaints": []}