{"orientation": [0.3156150281429291, 0.17224261164665222, -0.06639045476913452, 0.9307589530944824], "scale": [4.594972986357222, 4.594972986357222, 4.594972986357222], "complaints": []}