{"orientation": [0.2216813564300537, 0.20451976358890533, 0.08690881729125977, 0.9494609832763672], "scale": [2.357947691000002, 2.357947691000002, 2.357947691000002], "complaints": []}