{"orientation": [0.0627763420343399, 0.1313386857509613, -0.021964795887470245, 0.9891040921211243], "scale": [2.357947691000002, 2.357947691000002, 2.357947691000002], "complaints": []}