{"orientation": [8.082861313596368e-05, -2.2299587726593018e-05, 4.701405487139709e-08, 1.0], "scale": [1.0, 1.0, 1.0], "complaints": []}