{"orientation": [3.554104841896333e-05, -3.085516800638288e-05, 2.994493115693331e-07, 1.0000001192092896], "scale": [1.0, 1.0, 1.0], "complaints": []}