{"orientation": [-0.031261663883924484, -0.04948573186993599, -0.28138479590415955, 0.9578083157539368], "scale": [1.0, 1.0, 1.0], "complaints": []}