{"orientation": [-0.0020864245016127825, -0.7055234909057617, 0.0021231374703347683, 0.7086804509162903], "scale": [1.0, 1.0, 1.0], "complaints": []}