{"orientation": [6.437767297029495e-08, -0.7147721648216248, 6.332993507385254e-08, 0.6993575096130371], "scale": [1.0, 1.0, 1.0], "complaints": []}