{"orientation": [-0.002283538691699505, -0.7055149674415588, 0.0022819889709353447, 0.7086879014968872], "scale": [1.0, 1.0, 1.0], "complaints": []}