{"orientation": [0.40809667110443115, -0.4080808758735657, -0.5774502754211426, 0.5774758458137512], "scale": [1.0, 1.0, 1.0], "complaints": []}