{"orientation": [0.4081023037433624, -0.4080755114555359, -0.5774441957473755, 0.5774819850921631], "scale": [1.0, 1.0, 1.0], "complaints": []}