{"orientation": [2.5400076992809772e-06, -0.724334180355072, 3.201887011528015e-06, 0.6894493103027344], "scale": [1.0, 1.0, 1.0], "complaints": []}