{"orientation": [-9.134746505878866e-07, -0.7147722840309143, 2.187676727771759e-06, 0.6993575096130371], "scale": [1.0, 1.0, 1.0], "complaints": []}