{"orientation": [0.40808916091918945, -0.40808814764022827, -0.5774616599082947, 0.5774646401405334], "scale": [1.0, 1.0, 1.0], "complaints": []}