{"orientation": [0.03304922208189964, 0.0265544094145298, -9.652729204390198e-05, 0.999100923538208], "scale": [1.0, 1.0, 1.0], "complaints": []}