{"orientation": [4.107923086849041e-05, 4.1176197555614635e-05, 4.634057404473424e-07, 1.0], "scale": [1.0, 1.0, 1.0], "complaints": []}