{"orientation": [0.025516342371702194, 0.026060622185468674, 0.7066162824630737, 0.7066563367843628], "scale": [0.9090909090909091, 0.9090909090909091, 0.9090909090909091], "complaints": []}