{"orientation": [-0.0966036394238472, -0.09659610688686371, 0.7004530429840088, 0.7005017399787903], "scale": [0.9090909090909091, 0.9090909090909091, 0.9090909090909091], "complaints": []}