{"orientation": [-0.006381172686815262, -0.006200017407536507, 0.6946309208869934, 0.7193112969398499], "scale": [1.0, 1.0, 1.0], "complaints": []}