{"orientation": [-1.5762634575366974e-07, 1.500447979196906e-07, -2.1606683731079102e-07, 0.9999999403953552], "scale": [1.0, 1.0, 1.0], "complaints": []}