{"orientation": [0.0020336678717285395, -0.0017150272615253925, -0.004113280680030584, 0.9999880790710449], "scale": [1.0, 1.0, 1.0], "complaints": []}