{"orientation": [0.5000000596046448, -0.5, 0.4999999701976776, 0.5000000596046448], "scale": [1.0, 1.0, 1.0], "complaints": []}