{"orientation": [-0.70710688829422, 3.816094249486923e-07, 0.7071067690849304, -3.0122464522719383e-07], "scale": [1.0, 1.0, 1.0], "complaints": []}