{"orientation": [4.7667672333773226e-06, 0.6757383346557617, -0.7371417284011841, -4.924928362015635e-06], "scale": [1.0, 1.0, 1.0], "complaints": []}