{"orientation": [-0.4236101508140564, 0.4237767457962036, -0.5662237405776978, 0.5660022497177124], "scale": [1.0, 1.0, 1.0], "complaints": []}