{"orientation": [-0.031105436384677887, -0.7063841223716736, 0.031249746680259705, 0.7064542174339294], "scale": [1.0, 1.0, 1.0], "complaints": []}