{"orientation": [0.707062304019928, -0.0005371699808165431, -0.7071508765220642, 0.0005379584617912769], "scale": [1.0, 1.0, 1.0], "complaints": []}