{"orientation": [-0.0005136524559929967, -0.7067971229553223, 0.0005136039690114558, 0.7074159979820251], "scale": [1.0, 1.0, 1.0], "complaints": []}