{"orientation": [-0.6457318067550659, -2.2363889002008364e-05, 2.82136879832251e-05, 0.7635642886161804], "scale": [1.0, 1.0, 1.0], "complaints": []}