{"orientation": [-0.031017659232020378, -0.7012205719947815, 0.03089803084731102, 0.7115989327430725], "scale": [1.0, 1.0, 1.0], "complaints": []}