{"orientation": [0.5006871223449707, -0.49974626302719116, 0.49931231141090393, 0.5002532601356506], "scale": [1.0, 1.0, 1.0], "complaints": []}