{"orientation": [0.7067952156066895, -0.001240220619365573, -0.7074161767959595, 0.0012390323681756854], "scale": [1.0, 1.0, 1.0], "complaints": []}