{"orientation": [1.1584715764456632e-07, -0.7071068286895752, 4.4999137571721803e-07, 0.7071068286895752], "scale": [1.0, 1.0, 1.0], "complaints": []}