{"orientation": [-0.6328088045120239, -5.991783496028802e-07, 6.137287869023567e-07, 0.7743082642555237], "scale": [1.0, 1.0, 1.0], "complaints": []}