{"orientation": [0.022137004882097244, -0.7322273254394531, 0.027172310277819633, 0.6801579594612122], "scale": [1.0, 1.0, 1.0], "complaints": []}