{"orientation": [-0.030292127281427383, -0.7064516544342041, 0.03223542124032974, 0.7063777446746826], "scale": [1.0, 1.0, 1.0], "complaints": []}