{"orientation": [-0.6532439589500427, -5.003316982765682e-05, 5.825065454700962e-05, 0.757147490978241], "scale": [1.0, 1.0, 1.0], "complaints": []}