{"orientation": [-0.6446003913879395, 3.069355898333015e-07, -1.1114748303953093e-06, 0.7645198106765747], "scale": [1.0, 1.0, 1.0], "complaints": []}