{"orientation": [-0.0006557710003107786, -0.7071067094802856, 0.0006560157053172588, 0.7071064710617065], "scale": [1.0, 1.0, 1.0], "complaints": []}