{"orientation": [-4.153546797169838e-06, -0.7071071863174438, -3.9013625610095914e-06, 0.7071064710617065], "scale": [1.0, 1.0, 1.0], "complaints": []}