{"orientation": [7.85140130687978e-08, -0.7071068286895752, -3.362467850820394e-07, 0.7071068286895752], "scale": [1.0, 1.0, 1.0], "complaints": []}