{"orientation": [-1.1620231532560865e-07, -0.7071067094802856, 6.28642737865448e-08, 0.7071069478988647], "scale": [1.0, 1.0, 1.0], "complaints": []}