{"orientation": [1.8477559251550701e-06, -0.7071070075035095, 2.1101650418131612e-06, 0.7071066498756409], "scale": [1.0, 1.0, 1.0], "complaints": []}