{"orientation": [-0.6755902767181396, -1.8323809854337014e-05, 2.0340921764727682e-05, 0.7372773289680481], "scale": [1.0, 1.0, 1.0], "complaints": []}