{"orientation": [-1.352381815422632e-07, -0.7071068286895752, -4.512883222673736e-08, 0.7071068286895752], "scale": [1.0, 1.0, 1.0], "complaints": []}