{"orientation": [-0.6335446238517761, -6.028349616826745e-06, 7.767172974126879e-06, 0.7737061977386475], "scale": [1.0, 1.0, 1.0], "complaints": []}