{"orientation": [-0.5636995434761047, -0.000498673936817795, 0.0007310220971703529, 0.825979471206665], "scale": [1.0, 1.0, 1.0], "complaints": []}