{"orientation": [0.27059611678123474, -0.6532823443412781, 0.27059638500213623, 0.6532822251319885], "scale": [1.0, 1.0, 1.0], "complaints": []}