{"orientation": [0.0006650417344644666, -0.7074190378189087, -0.0006650611176155508, 0.7067939043045044], "scale": [1.0, 1.0, 1.0], "complaints": []}