{"orientation": [-0.03792164847254753, -0.7368468642234802, 0.025608476251363754, 0.6745095252990723], "scale": [1.0, 1.0, 1.0], "complaints": []}