{"orientation": [-0.5991930365562439, 0.00010245544399367645, -0.000136402843054384, 0.8006047010421753], "scale": [1.0, 1.0, 1.0], "complaints": []}