{"orientation": [-3.452552732596814e-08, -0.7071068286895752, -1.3778789309526474e-07, 0.7071068286895752], "scale": [1.0, 1.0, 1.0], "complaints": []}