{"orientation": [-0.00040343645378015935, -0.7071069478988647, 0.0004052197327837348, 0.7071065306663513], "scale": [1.0, 1.0, 1.0], "complaints": []}