{"orientation": [-4.419063373006793e-07, -0.7071067094802856, -3.762352207559161e-08, 0.7071069478988647], "scale": [1.0, 1.0, 1.0], "complaints": []}