{"orientation": [8.012192438400234e-07, -0.6950867176055908, -7.785120033076964e-07, 0.7189260125160217], "scale": [1.0, 1.0, 1.0], "complaints": []}