{"orientation": [-0.01637510396540165, 0.11542152613401413, -0.011303931474685669, 0.9931173920631409], "scale": [1.0, 1.0, 1.0], "complaints": []}