{"orientation": [-0.026568017899990082, 0.00156955246347934, 0.00046459375880658627, 0.9996457099914551], "scale": [1.0, 1.0, 1.0], "complaints": []}