{"orientation": [-0.0013124988181516528, 0.7096909284591675, -0.0012772431364282966, 0.7045108079910278], "scale": [1.0, 1.0, 1.0], "complaints": []}