{"orientation": [0.41507795453071594, 0.5667968392372131, 0.36010438203811646, 0.6138214468955994], "scale": [1.0, 1.0, 1.0], "complaints": []}