{"orientation": [-0.00012852635700255632, -0.00017579286941327155, 0.7071070075035095, 0.7071065902709961], "scale": [1.0, 1.0, 1.0], "complaints": []}