{"orientation": [-4.6193599700927734e-07, -2.7281294023850933e-07, 1.0000001192092896, 2.7474015951156616e-08], "scale": [1.0, 1.0, 1.0], "complaints": []}