{"orientation": [0.00017047813162207603, -0.0037348081823438406, 0.9999929666519165, -0.0003817775286734104], "scale": [1.0, 1.0, 1.0], "complaints": []}