{"orientation": [0.0013663370627909899, -0.01293077040463686, -0.999915599822998, 7.442431524395943e-07], "scale": [1.0, 1.0, 1.0], "complaints": []}