{"orientation": [-0.009149120189249516, 0.011836734600365162, 0.7770927548408508, 0.6292083859443665], "scale": [1.0, 1.0, 1.0], "complaints": []}