{"orientation": [0.0005496705416589975, -0.0007816448342055082, 0.7106784582138062, 0.7035165429115295], "scale": [1.0, 1.0, 1.0], "complaints": []}