{"orientation": [5.611218512058258e-08, 4.20550350099802e-08, 0.7071076035499573, 0.7071061730384827], "scale": [1.0, 1.0, 1.0], "complaints": []}