{"orientation": [-0.007770719472318888, 0.0006650221184827387, 0.7232030630111694, 0.6905915141105652], "scale": [1.0, 1.0, 1.0], "complaints": []}