{"orientation": [-1.6298145055770874e-09, 6.491609383374453e-08, 0.7071066498756409, 0.7071070075035095], "scale": [1.0, 1.0, 1.0], "complaints": []}