{"orientation": [0.02593819797039032, -0.011625013314187527, 0.8176521062850952, 0.5750105977058411], "scale": [1.0, 1.0, 1.0], "complaints": []}