{"orientation": [-0.0036130447406321764, 0.00031361106084659696, 0.7211335897445679, 0.6927866339683533], "scale": [1.0, 1.0, 1.0], "complaints": []}