{"orientation": [-2.5203917175531387e-08, -6.379559636116028e-08, 0.7071072459220886, 0.707106351852417], "scale": [1.0, 1.0, 1.0], "complaints": []}