{"orientation": [1.8797450707097596e-08, -1.969234943999254e-07, 4.599516614689492e-06, 1.0], "scale": [1.0, 1.0, 1.0], "complaints": []}