{"orientation": [0.012819034047424793, -0.0062948851846158504, -5.881546894670464e-05, 0.9998980760574341], "scale": [1.0, 1.0, 1.0], "complaints": []}