{"orientation": [0.0003184736706316471, 0.01185164786875248, -7.227063179016113e-07, 0.9999297857284546], "scale": [1.0, 1.0, 1.0], "complaints": []}