{"orientation": [-2.6151537895202637e-06, 2.8011854737997055e-06, 5.168782081454992e-06, 1.0], "scale": [1.0, 1.0, 1.0], "complaints": []}