{"orientation": [-0.0018863475415855646, 0.0070436932146549225, 5.791731382487342e-06, 0.9999735355377197], "scale": [1.4641000000000006, 1.4641000000000006, 1.4641000000000006], "complaints": []}