{"orientation": [0.0018904474563896656, -0.007039648946374655, -2.202876203227788e-06, 0.9999734163284302], "scale": [1.0, 1.0, 1.0], "complaints": []}