{"orientation": [3.1254116038326174e-05, 3.2396046663052402e-06, -1.1997553883702494e-07, 1.0], "scale": [1.0, 1.0, 1.0], "complaints": []}