{"orientation": [0.06176048889756203, 0.0020767187234014273, 6.93367182975635e-05, 0.9980887770652771], "scale": [1.0, 1.0, 1.0], "complaints": []}