{"orientation": [0.0002744494704529643, 0.011817056685686111, -2.0884908735752106e-07, 0.999930202960968], "scale": [1.0, 1.0, 1.0], "complaints": []}