{"orientation": [6.828033747297013e-06, 6.776091140636709e-06, 2.627082949402393e-06, 1.0], "scale": [1.0, 1.0, 1.0], "complaints": []}