{"orientation": [3.307397855678573e-05, -1.7599124475964345e-05, -7.643551214187028e-08, 1.0], "scale": [1.0, 1.0, 1.0], "complaints": []}