{"orientation": [1.6791338453003846e-07, 1.6139868108666633e-08, 2.410402544228418e-07, 1.0], "scale": [1.0, 1.0, 1.0], "complaints": []}