{"orientation": [-0.014780472032725811, 0.0030372824985533953, 0.18376263976097107, 0.9828549027442932], "scale": [1.0, 1.0, 1.0], "complaints": []}