{"orientation": [-1.6530975699424744e-08, -1.862645149230957e-09, 0.2756373882293701, 0.9612618088722229], "scale": [1.0, 1.0, 1.0], "complaints": []}