{"orientation": [0.006344950757920742, -0.7070783376693726, -0.006359655410051346, 0.707078218460083], "scale": [1.0, 1.0, 1.0], "complaints": []}