{"orientation": [-0.0009247527341358364, -0.7071062922477722, 0.0009257294004783034, 0.7071061134338379], "scale": [1.0, 1.0, 1.0], "complaints": []}