{"orientation": [-0.13437384366989136, 0.6688634157180786, -0.11799676716327667, 0.7215554118156433], "scale": [1.0, 1.0, 1.0], "complaints": []}