{"orientation": [0.6697446703910828, 0.4007492661476135, 0.5283195376396179, 0.33424633741378784], "scale": [1.0, 1.0, 1.0], "complaints": []}