{"orientation": [-1.4819670468568802e-07, 4.011646888102405e-05, 2.3845677787903696e-07, 1.0000001192092896], "scale": [1.0, 1.0, 1.0], "complaints": []}