{"orientation": [-0.0008104456355795264, -1.7815094906836748e-05, -4.303490277379751e-05, 0.9999997615814209], "scale": [1.0, 1.0, 1.0], "complaints": []}