{"orientation": [0.4992649555206299, 0.5003218054771423, 0.5000627636909485, 0.5003498792648315], "scale": [1.0, 1.0, 1.0], "complaints": []}