{"orientation": [7.703190021857154e-06, 7.625440957781393e-06, -9.87228190751921e-07, 1.0], "scale": [1.0, 1.0, 1.0], "complaints": []}