{"orientation": [1.1570433500196486e-08, 1.0, -2.9285743607943004e-08, -4.038393399241613e-06], "scale": [1.0, 1.0, 1.0], "complaints": []}