{"orientation": [4.48170673905679e-08, 7.25766682307949e-08, 2.0024209845814767e-08, 1.0], "scale": [1.0, 1.0, 1.0], "complaints": []}