{"orientation": [-1.3594098291491719e-08, 2.8690565159195103e-06, -2.288449874043863e-09, 1.0], "scale": [1.0, 1.0, 1.0], "complaints": []}