{"orientation": [0.07326575368642807, 0.039109259843826294, 0.0033521251752972603, 0.9965397119522095], "scale": [1.0, 1.0, 1.0], "complaints": []}