{"orientation": [0.0003277993528172374, -0.042957570403814316, 9.798805695027113e-05, 0.9990768432617188], "scale": [1.0, 1.0, 1.0], "complaints": []}