{"orientation": [2.1886080503463745e-07, 1.7974525690078735e-07, 0.5877863168716431, 0.8090162873268127], "scale": [1.0, 1.0, 1.0], "complaints": []}