{"orientation": [0.00012920561130158603, -0.004444452002644539, -0.0001860440243035555, 0.9999901056289673], "scale": [1.0, 1.0, 1.0], "complaints": []}