{"orientation": [3.0850060284137726e-09, 4.373214324004948e-08, 9.038310963660479e-06, 1.0000001192092896], "scale": [1.0, 1.0, 1.0], "complaints": []}