{"orientation": [2.112938091158867e-08, -1.9972503650933504e-08, -5.864712875336409e-07, 0.9999999403953552], "scale": [1.0, 1.0, 1.0], "complaints": []}