{"orientation": [1.862645149230957e-09, -1.7288925846514758e-10, -0.70710688829422, 0.7071067094802856], "scale": [1.0, 1.0, 1.0], "complaints": []}