{"orientation": [-3.6209821701049805e-06, 1.168833114206791e-05, -7.048947736620903e-08, 1.0], "scale": [1.0, 1.0, 1.0], "complaints": []}