{"orientation": [-0.0005906008300371468, 0.003384603653103113, 0.0013402254553511739, 0.9999933838844299], "scale": [1.0, 1.0, 1.0], "complaints": []}