{"orientation": [-0.4956749677658081, 0.499035507440567, 0.5055453777313232, 0.49969378113746643], "scale": [1.0, 1.0, 1.0], "complaints": []}