{"orientation": [-0.001883406424894929, 0.703763484954834, -0.0034771934151649475, 0.7104234099388123], "scale": [1.0, 1.0, 1.0], "complaints": []}