{"orientation": [-6.813993813636898e-12, -0.7071067690849304, -7.275957614183426e-12, 0.7071069478988647], "scale": [1.0, 1.0, 1.0], "complaints": []}