{"orientation": [1.8451828509569168e-08, 1.3969838619232178e-09, 9.094947017729282e-12, 1.0], "scale": [1.0, 1.0, 1.0], "complaints": []}