{"orientation": [-4.379763751671817e-08, -0.0046870470978319645, 1.7337748658974306e-06, 0.9999891519546509], "scale": [1.0, 1.0, 1.0], "complaints": []}