{"orientation": [2.3501979740103707e-07, -0.005795365199446678, 1.7881604435388e-05, 0.9999831914901733], "scale": [1.0, 1.0, 1.0], "complaints": []}