{"orientation": [0.014335221610963345, 0.6727991104125977, -0.030735012143850327, 0.7390474677085876], "scale": [1.0, 1.0, 1.0], "complaints": []}