{"orientation": [-0.03610854968428612, -0.7061843276023865, 0.0852816104888916, 0.7019452452659607], "scale": [1.0, 1.0, 1.0], "complaints": []}