{"orientation": [-5.820766091346741e-11, 7.2177499532699585e-09, 4.656612873077393e-10, 1.0000001192092896], "scale": [1.0, 1.0, 1.0], "complaints": []}