{"orientation": [-0.0042425161227583885, 0.0019431590335443616, -8.356000762432814e-06, 0.9999892115592957], "scale": [1.0, 1.0, 1.0], "complaints": []}