{"orientation": [1.626653829589486e-05, 2.173392567783594e-05, 1.771841198205948e-07, 1.0000001192092896], "scale": [1.0, 1.0, 1.0], "complaints": []}