{"orientation": [-0.009048514999449253, -0.6686272621154785, 0.008158041164278984, 0.7434980869293213], "scale": [1.0, 1.0, 1.0], "complaints": []}