{"orientation": [-0.00048445543507114053, 0.0004908634582534432, -1.7250043811145588e-06, 0.9999998211860657], "scale": [1.0, 1.0, 1.0], "complaints": []}