{"orientation": [0.00021182745695114136, -0.0005712751299142838, 0.0030654349830001593, 0.9999951124191284], "scale": [1.0, 1.0, 1.0], "complaints": []}