{"orientation": [-2.77725157502573e-05, -1.2873057130491361e-05, -8.124681016852264e-08, 1.0000001192092896], "scale": [1.0, 1.0, 1.0], "complaints": []}