{"orientation": [7.559497316833586e-05, 9.589376713847741e-05, -4.08982941735303e-06, 1.0000001192092896], "scale": [1.0, 1.0, 1.0], "complaints": []}