{"orientation": [0.00015569433162454516, -0.00020481758110690862, -3.004276913998183e-05, 1.0], "scale": [1.0, 1.0, 1.0], "complaints": []}