{"orientation": [3.241469676140696e-05, 1.3242897693999112e-06, 7.556586183454783e-07, 1.0000001192092896], "scale": [1.0, 1.0, 1.0], "complaints": []}