{"orientation": [-2.9476359486579895e-07, 1.6996636986732483e-08, -2.2258609533309937e-07, 1.0000001192092896], "scale": [1.0, 1.0, 1.0], "complaints": []}