{"orientation": [-2.348044654354453e-05, -5.54107828065753e-07, -2.4765031412243843e-06, 1.0], "scale": [1.0, 1.0, 1.0], "complaints": []}