{"orientation": [5.724281072616577e-05, 3.6324840039014816e-05, 0.0002972171059809625, 0.9999999403953552], "scale": [1.3310000000000004, 1.3310000000000004, 1.3310000000000004], "complaints": []}