{"orientation": [0.38153690099716187, -0.08512885868549347, 0.1933908611536026, 0.8998792767524719], "scale": [1.0, 1.0, 1.0], "complaints": []}