{"orientation": [-0.029673218727111816, 0.572055459022522, -0.05583471432328224, 0.8177743554115295], "scale": [1.610510000000001, 1.610510000000001, 1.610510000000001], "complaints": []}