{"orientation": [-0.0027811317704617977, 0.6452562808990479, -0.0006884606555104256, 0.7639609575271606], "scale": [1.0, 1.0, 1.0], "complaints": []}