{"orientation": [-0.08533091843128204, 0.6357010006904602, -0.12581680715084076, 0.7568175792694092], "scale": [1.0, 1.0, 1.0], "complaints": []}