{"orientation": [0.7071069478988647, -2.8991751605644822e-05, -2.9144197469577193e-05, 0.7071065902709961], "scale": [1.0, 1.0, 1.0], "complaints": []}