{"orientation": [-0.7071070075035095, 1.276843249797821e-06, -1.2398231774568558e-06, 0.7071066498756409], "scale": [1.0, 1.0, 1.0], "complaints": []}