{"orientation": [0.0, 9.313225746154785e-10, 4.039611667394638e-07, 1.0000001192092896], "scale": [1.0, 1.0, 1.0], "complaints": []}