{"orientation": [-3.527671651681885e-05, 0.00054059864487499, 8.786453520315263e-08, 0.9999999403953552], "scale": [1.0, 1.0, 1.0], "complaints": []}