{"orientation": [4.33537206845358e-05, -0.0008515985100530088, -3.431806590015185e-07, 0.9999997019767761], "scale": [1.0, 1.0, 1.0], "complaints": []}