{"orientation": [0.002800540067255497, -0.0004843199858441949, -2.940403646789491e-06, 0.9999960660934448], "scale": [1.0, 1.0, 1.0], "complaints": []}