{"orientation": [3.990267032349948e-07, -0.70710688829422, 2.9319198802113533e-07, 0.7071067690849304], "scale": [1.0, 1.0, 1.0], "complaints": []}