{"orientation": [0.49561792612075806, -0.5043445229530334, 0.495617538690567, 0.5043440461158752], "scale": [1.0, 1.0, 1.0], "complaints": []}