{"orientation": [-3.5891389416065067e-07, -0.7071067690849304, -3.7439167499542236e-07, 0.7071067690849304], "scale": [1.0, 1.0, 1.0], "complaints": []}