{"orientation": [0.09336543828248978, -0.7327878475189209, -0.0940915048122406, 0.6674216389656067], "scale": [1.0, 1.0, 1.0], "complaints": []}