{"orientation": [0.05534045770764351, -0.7692574262619019, -0.04963022470474243, 0.6346002221107483], "scale": [1.0, 1.0, 1.0], "complaints": []}