{"orientation": [-1.0128132998943329e-07, -6.876325642224401e-08, 0.7071067690849304, 0.7071068286895752], "scale": [1.0, 1.0, 1.0], "complaints": []}