{"orientation": [-1.461012288928032e-08, 3.769901013583876e-08, 0.707106351852417, 0.7071073651313782], "scale": [1.4641000000000008, 1.4641000000000008, 1.4641000000000008], "complaints": []}