{"orientation": [-0.70710688829422, -0.70710688829422, 1.862645149230957e-09, 2.0954757928848267e-09], "scale": [1.0, 1.0, 1.0], "complaints": []}