{"orientation": [1.210719347000122e-08, 2.7939677238464355e-09, 0.7071067094802856, 0.7071070075035095], "scale": [1.0, 1.0, 1.0], "complaints": []}