{"orientation": [1.2398231774568558e-08, -1.6851117834448814e-08, 0.7071071863174438, 0.7071064114570618], "scale": [1.3310000000000004, 1.3310000000000004, 1.3310000000000004], "complaints": []}