{"orientation": [2.3264874471351504e-09, -1.775333657860756e-09, 0.7071067690849304, 0.7071069478988647], "scale": [1.0, 1.0, 1.0], "complaints": []}