{"orientation": [1.7462298274040222e-10, 1.6298145055770874e-09, 0.7071062922477722, 0.7071073055267334], "scale": [2.853116706110003, 2.853116706110003, 2.853116706110003], "complaints": []}