{"orientation": [4.496541805565357e-09, -4.1763996705412865e-09, 0.7071069478988647, 0.7071067690849304], "scale": [1.0, 1.0, 1.0], "complaints": []}