{"orientation": [1.0, 0.0, 4.17244905293046e-09, 9.094947017729282e-13], "scale": [1.0, 1.0, 1.0], "complaints": []}