{"orientation": [1.30385160446167e-08, -1.5832483768463135e-08, 0.7071068286895752, 0.70710688829422], "scale": [2.1435888100000016, 2.1435888100000016, 2.1435888100000016], "complaints": []}