{"orientation": [0.0, 3.4779077395796776e-09, -0.3826834559440613, 0.9238795638084412], "scale": [1.0, 1.0, 1.0], "complaints": []}