{"orientation": [2.786691766232252e-08, 6.749178282916546e-08, 0.7071064710617065, 0.7071071267127991], "scale": [1.2100000000000002, 1.2100000000000002, 1.2100000000000002], "complaints": []}