{"orientation": [-0.17387755215168, 0.6475239396095276, -0.1921384483575821, 0.7166325449943542], "scale": [1.0, 1.0, 1.0], "complaints": []}