{"orientation": [0.11251366138458252, -0.028343580663204193, -0.6946476101875305, 0.7099310159683228], "scale": [1.0, 1.0, 1.0], "complaints": []}