{"orientation": [0.10014189779758453, 0.6651723980903625, 0.09385141730308533, 0.733968198299408], "scale": [1.0, 1.0, 1.0], "complaints": []}