{"orientation": [1.3969838619232178e-09, -1.5861587598919868e-09, 0.70710688829422, 0.7071067094802856], "scale": [1.0, 1.0, 1.0], "complaints": []}