{"orientation": [0.0, -4.0745362639427185e-10, -0.7071067690849304, 0.7071067690849304], "scale": [1.0, 1.0, 1.0], "complaints": []}