{"orientation": [-7.450580596923828e-09, 6.05359673500061e-09, 0.70710688829422, 0.7071068286895752], "scale": [1.0, 1.0, 1.0], "complaints": []}