{"orientation": [7.450580596923828e-09, -9.313225746154785e-10, 0.7071067690849304, 0.7071068286895752], "scale": [1.0, 1.0, 1.0], "complaints": []}