{"orientation": [-5.618203431367874e-07, -0.7071069478988647, 4.172325134277344e-07, 0.7071067690849304], "scale": [1.0, 1.0, 1.0], "complaints": []}