{"orientation": [9.51928086578846e-05, 0.00011074717622250319, 3.763766017073067e-06, 1.0], "scale": [1.0, 1.0, 1.0], "complaints": []}