{"orientation": [8.731149137020111e-11, -1.7462298274040222e-10, 0.7071068286895752, 0.7071068286895752], "scale": [1.0, 1.0, 1.0], "complaints": []}