{"orientation": [0.9814929366111755, 0.015948981046676636, 0.11339784413576126, -0.1534871757030487], "scale": [1.0, 1.0, 1.0], "complaints": []}