{"orientation": [-0.00020302299526520073, -0.7071083784103394, 0.00016447732923552394, 0.707105278968811], "scale": [1.0, 1.0, 1.0], "complaints": []}