{"orientation": [0.18051904439926147, 0.6838995218276978, 0.1802496612071991, 0.6835236549377441], "scale": [1.0, 1.0, 1.0], "complaints": []}