{"orientation": [-0.01149454340338707, -0.7008212804794312, 0.009866397827863693, 0.7131760716438293], "scale": [1.0, 1.0, 1.0], "complaints": []}