{"orientation": [-0.724195122718811, -0.06314609944820404, -0.052876804023981094, 0.6846591234207153], "scale": [1.0, 1.0, 1.0], "complaints": []}