{"orientation": [-0.16653765738010406, -0.6966546773910522, 0.27302685379981995, 0.6421790719032288], "scale": [1.0, 1.0, 1.0], "complaints": []}