{"orientation": [-0.0026161475107073784, -0.6966830492019653, 0.0013602104736492038, 0.7173731923103333], "scale": [1.0, 1.0, 1.0], "complaints": []}