{"orientation": [0.165945366024971, -0.6858572363853455, -0.16555249691009521, 0.6889516711235046], "scale": [1.0, 1.0, 1.0], "complaints": []}