{"orientation": [-0.1665310263633728, -0.6966503858566284, 0.2729814350605011, 0.6422048211097717], "scale": [1.0, 1.0, 1.0], "complaints": []}