{"orientation": [-0.8811232447624207, -0.24454209208488464, -0.26776444911956787, 0.3035180866718292], "scale": [1.0, 1.0, 1.0], "complaints": []}