{"orientation": [7.275957614183426e-12, 2.9103830456733704e-11, -5.684341886080802e-14, 0.9999999403953552], "scale": [1.0, 1.0, 1.0], "complaints": []}