{"orientation": [1.3907436368754134e-05, -0.004847967531532049, 9.94177185020817e-07, 0.999988317489624], "scale": [1.0, 1.0, 1.0], "complaints": []}