{"orientation": [-0.02129264734685421, 0.00025329229538328946, -8.154520764946938e-05, 0.9997732639312744], "scale": [1.0, 1.0, 1.0], "complaints": []}