{"orientation": [0.06521312892436981, -0.009388943202793598, 0.0036895812954753637, 0.9978203773498535], "scale": [1.0, 1.0, 1.0], "complaints": []}