{"orientation": [-0.031253982335329056, -1.065116794052301e-05, -2.1139017917448655e-05, 0.9995115995407104], "scale": [1.0, 1.0, 1.0], "complaints": []}