{"orientation": [0.00043702058610506356, 0.003424691269174218, -3.993593963969033e-06, 0.999994158744812], "scale": [1.0, 1.0, 1.0], "complaints": []}