{"orientation": [5.513926680578152e-06, 1.5568055289350013e-07, 1.7419512943206428e-08, 1.0], "scale": [1.0, 1.0, 1.0], "complaints": []}