{"orientation": [1.124917071138043e-05, 1.708477697093258e-07, -1.5328790681223836e-08, 1.0], "scale": [1.0, 1.0, 1.0], "complaints": []}