{"orientation": [5.358835551305674e-06, -1.4272817372429358e-09, 4.8753470593965176e-08, 1.0], "scale": [1.0, 1.0, 1.0], "complaints": []}