{"orientation": [1.1127175639558118e-05, -9.539033385408402e-08, 1.333218477839182e-07, 1.0], "scale": [1.0, 1.0, 1.0], "complaints": []}