{"orientation": [0.008766686543822289, 6.27653207629919e-07, 7.586828724015504e-05, 0.9999616742134094], "scale": [1.0, 1.0, 1.0], "complaints": []}