{"orientation": [-8.955271914601326e-05, 5.273614078760147e-08, -1.8163700588047504e-07, 1.0], "scale": [1.0, 1.0, 1.0], "complaints": []}