{"orientation": [1.1247690963500645e-05, 1.914770564326318e-07, -1.5240175343933515e-08, 1.0], "scale": [1.0, 1.0, 1.0], "complaints": []}