{"orientation": [0.02062755636870861, 0.001566125894896686, -0.0003891421074513346, 0.9997860789299011], "scale": [1.0, 1.0, 1.0], "complaints": []}