{"orientation": [-0.024223335087299347, 2.937472800113028e-06, -0.00011895981151610613, 0.9997065663337708], "scale": [1.0, 1.0, 1.0], "complaints": []}