{"orientation": [1.1282305422355421e-05, 1.5467077219000203e-07, 4.076738591152207e-08, 1.0], "scale": [1.0, 1.0, 1.0], "complaints": []}