{"orientation": [8.246890502050519e-05, -4.51029507075873e-08, 4.7744052267262305e-08, 1.0], "scale": [1.0, 1.0, 1.0], "complaints": []}