{"orientation": [-3.9744190871715546e-06, 0.038468293845653534, 0.0004791379324160516, 0.9992597699165344], "scale": [1.0, 1.0, 1.0], "complaints": []}