{"orientation": [-7.689077108352649e-08, -1.449481601412117e-07, 2.682209014892578e-07, 1.0], "scale": [1.0, 1.0, 1.0], "complaints": []}