{"orientation": [1.1709999636622115e-10, -1.4573750539703667e-10, -2.9659472655652053e-09, 1.0], "scale": [1.0, 1.0, 1.0], "complaints": []}