{"orientation": [4.180577661827556e-08, -3.767510747820779e-10, 2.980241120553728e-08, 1.0], "scale": [1.0, 1.0, 1.0], "complaints": []}