{"orientation": [1.6022612214783294e-07, 1.4287564908954664e-07, 8.940696716308594e-08, 1.0], "scale": [1.0, 1.0, 1.0], "complaints": []}