{"orientation": [-1.250460068824566e-09, 7.258962853029516e-08, 1.805903482310356e-10, 1.0], "scale": [1.0, 1.0, 1.0], "complaints": []}