{"orientation": [-9.516405719001142e-11, 3.046515217874912e-08, 3.586922758813671e-09, 1.0], "scale": [1.0, 1.0, 1.0], "complaints": []}