{"orientation": [-0.002557271160185337, 0.0009413358638994396, 2.226718834208441e-06, 0.9999963045120239], "scale": [1.0, 1.0, 1.0], "complaints": []}