{"orientation": [2.1703526442706789e-07, -0.70710289478302, -1.8626519704412203e-07, 0.7071107625961304], "scale": [1.0, 1.0, 1.0], "complaints": []}