{"orientation": [0.24517542123794556, -0.7788882851600647, 0.115381620824337, 0.5656052827835083], "scale": [1.0, 1.0, 1.0], "complaints": []}