{"orientation": [-2.622537522256607e-06, 9.753763379194424e-07, -6.749471026523679e-07, 1.0], "scale": [1.0, 1.0, 1.0], "complaints": []}