{"orientation": [3.4837557905120775e-06, 2.1429454136523418e-05, 7.336462886087247e-07, 1.0], "scale": [1.0, 1.0, 1.0], "complaints": []}