{"orientation": [-2.720424163271673e-06, 1.409898504789453e-05, -0.70710688829422, 0.7071066498756409], "scale": [1.0, 1.0, 1.0], "complaints": []}