{"orientation": [-4.412689236232836e-08, 3.707563323018803e-08, -0.7071067094802856, 0.7071069478988647], "scale": [1.0, 1.0, 1.0], "complaints": []}