{"orientation": [-0.10251426696777344, -0.7082782983779907, 0.1000293642282486, 0.6912503838539124], "scale": [1.0, 1.0, 1.0], "complaints": []}