{"orientation": [-0.18014788627624512, -0.6917746067047119, 0.033662647008895874, 0.6984708905220032], "scale": [1.0, 1.0, 1.0], "complaints": []}