{"orientation": [0.7210755348205566, -0.04948738217353821, 0.04008093476295471, 0.6899237632751465], "scale": [1.0, 1.0, 1.0], "complaints": []}