{"orientation": [-0.007705939467996359, 0.0015112695982679725, 2.66125425696373e-07, 0.9999692440032959], "scale": [1.0, 1.0, 1.0], "complaints": []}