{"orientation": [-2.3292377591133118e-06, -0.0003392340149730444, 1.5257828636094928e-06, 1.0000001192092896], "scale": [1.0, 1.0, 1.0], "complaints": []}