{"orientation": [5.0268372433492914e-05, -5.189170769881457e-05, -1.535967584231912e-07, 1.0000001192092896], "scale": [1.0, 1.0, 1.0], "complaints": []}