{"orientation": [-0.00024379004025831819, -0.00047693296801298857, -6.28406269242987e-08, 1.0], "scale": [1.0, 1.0, 1.0], "complaints": []}