{"orientation": [-0.00016240181867033243, -0.00027177378069609404, 6.900736480019987e-07, 0.9999999403953552], "scale": [1.0, 1.0, 1.0], "complaints": []}