{"orientation": [-0.00024041310825850815, 2.64975824393332e-07, 2.0231409507687204e-06, 1.0000001192092896], "scale": [1.0, 1.0, 1.0], "complaints": []}