{"orientation": [-5.609763320535421e-09, -6.548361852765083e-11, -2.750311978161335e-09, 1.000000238418579], "scale": [1.0, 1.0, 1.0], "complaints": []}