{"orientation": [7.450580596923828e-09, -1.3642420526593924e-11, 5.4569682106375694e-11, 1.0000001192092896], "scale": [1.2100000000000006, 1.2100000000000006, 1.2100000000000006], "complaints": []}