{"orientation": [0.0, -1.6962076188065112e-10, -0.70710688829422, 0.7071068286895752], "scale": [1.0, 1.0, 1.0], "complaints": []}