{"orientation": [7.739290595054626e-06, -4.5673223212361336e-06, -1.0000001192092896, -1.4692544937133789e-05], "scale": [1.0, 1.0, 1.0], "complaints": []}