{"orientation": [-0.00011035799980163574, -0.000725259305909276, 0.7071065306663513, 0.7071067690849304], "scale": [1.0, 1.0, 1.0], "complaints": []}