{"orientation": [0.05435868725180626, 0.7088794112205505, 0.054980941116809845, 0.7010793685913086], "scale": [1.0, 1.0, 1.0], "complaints": []}