{"orientation": [-0.17421838641166687, 0.6998977065086365, -0.18077655136585236, 0.6686636805534363], "scale": [1.0, 1.0, 1.0], "complaints": []}