{"orientation": [0.471506267786026, 0.5149523615837097, 0.43536242842674255, 0.5683004856109619], "scale": [1.0, 1.0, 1.0], "complaints": []}