{"orientation": [0.4690413475036621, 0.5168757438659668, 0.43301668763160706, 0.5703827142715454], "scale": [1.0, 1.0, 1.0], "complaints": []}