{"orientation": [-0.024616120383143425, 0.7045824527740479, -0.024768661707639694, 0.7087623476982117], "scale": [1.0, 1.0, 1.0], "complaints": []}