{"orientation": [-0.000408870168030262, -0.7662740349769592, -0.0002773085725493729, 0.6425136923789978], "scale": [1.0, 1.0, 1.0], "complaints": []}