{"orientation": [0.48016002774238586, 0.50840824842453, 0.4430215060710907, 0.5609807968139648], "scale": [1.0, 1.0, 1.0], "complaints": []}