{"orientation": [0.0006129206740297377, 0.0006153670838102698, -0.707105815410614, 0.7071073055267334], "scale": [1.0, 1.0, 1.0], "complaints": []}