{"orientation": [2.468004822731018e-08, 0.7071067690849304, 2.6193447411060333e-08, 0.70710688829422], "scale": [1.0, 1.0, 1.0], "complaints": []}