{"orientation": [0.47141820192337036, 0.5150200128555298, 0.4352458715438843, 0.5684017539024353], "scale": [1.0, 1.0, 1.0], "complaints": []}