{"orientation": [0.1971442699432373, 0.7248088717460632, 0.05179405212402344, 0.6581062078475952], "scale": [1.0, 1.0, 1.0], "complaints": []}