{"orientation": [7.450580596923828e-09, -6.496634341601748e-09, 0.7071068286895752, 0.7071068286895752], "scale": [1.0, 1.0, 1.0], "complaints": []}