{"orientation": [-0.15363755822181702, 0.7047671675682068, -0.1595403254032135, 0.6739776134490967], "scale": [1.0, 1.0, 1.0], "complaints": []}