{"orientation": [0.2985253632068634, 0.06026456132531166, -0.7056501507759094, 0.6397724151611328], "scale": [1.0, 1.0, 1.0], "complaints": []}