{"orientation": [0.4712912440299988, 0.5151190161705017, 0.4351370930671692, 0.5685006380081177], "scale": [1.0, 1.0, 1.0], "complaints": []}