{"orientation": [-0.002369136782363057, 0.7049045562744141, -0.027034588158130646, 0.708782970905304], "scale": [1.0, 1.0, 1.0], "complaints": []}