{"orientation": [0.29616931080818176, 0.05437609925866127, -0.7369299530982971, 0.6051952838897705], "scale": [1.0, 1.0, 1.0], "complaints": []}