{"orientation": [0.47151443362236023, 0.514943540096283, 0.43531835079193115, 0.5683355331420898], "scale": [1.0, 1.0, 1.0], "complaints": []}