{"orientation": [-0.12079619616270065, 0.7123972773551941, -0.12597092986106873, 0.6797277331352234], "scale": [1.0, 1.0, 1.0], "complaints": []}