{"orientation": [0.4715474843978882, 0.5149214267730713, 0.4353647232055664, 0.5682926774024963], "scale": [1.0, 1.0, 1.0], "complaints": []}