{"orientation": [-0.1071564108133316, -0.270774781703949, -0.6657281517982483, 0.6870259642601013], "scale": [1.0, 1.0, 1.0], "complaints": []}