{"orientation": [0.47141608595848083, 0.515023946762085, 0.4352513253688812, 0.5683956742286682], "scale": [1.0, 1.0, 1.0], "complaints": []}