{"orientation": [-0.6216832399368286, -0.718703031539917, -0.08034838736057281, 0.3008655607700348], "scale": [1.0, 1.0, 1.0], "complaints": []}