{"orientation": [0.47152960300445557, 0.5149374008178711, 0.4353756904602051, 0.5682847499847412], "scale": [1.0, 1.0, 1.0], "complaints": []}