{"orientation": [-0.13510508835315704, 0.7082785367965698, -0.14032146334648132, 0.6785265207290649], "scale": [1.0, 1.0, 1.0], "complaints": []}