{"orientation": [0.4715893268585205, 0.514887273311615, 0.4353490173816681, 0.5683009624481201], "scale": [1.0, 1.0, 1.0], "complaints": []}