{"orientation": [-1.2258533388376236e-07, 8.320785127580166e-08, 0.8703557848930359, 0.492423415184021], "scale": [1.0, 1.0, 1.0], "complaints": []}