{"orientation": [0.2690725028514862, 0.037314027547836304, -0.7326452136039734, 0.6240504384040833], "scale": [1.0, 1.0, 1.0], "complaints": []}