{"orientation": [-0.04481096565723419, 0.6774389147758484, -0.041680507361888885, 0.7330288887023926], "scale": [1.0, 1.0, 1.0], "complaints": []}