{"orientation": [-0.07092104852199554, -0.31967639923095703, -0.6518487930297852, 0.6840105056762695], "scale": [1.0, 1.0, 1.0], "complaints": []}