{"orientation": [-0.044658444821834564, 0.6774394512176514, -0.041550129652023315, 0.7330451607704163], "scale": [1.0, 1.0, 1.0], "complaints": []}