{"orientation": [0.4714765250682831, 0.5149818062782288, 0.43533119559288025, 0.568322479724884], "scale": [1.0, 1.0, 1.0], "complaints": []}