{"orientation": [-0.16624219715595245, 0.7018624544143677, -0.17252400517463684, 0.6708115935325623], "scale": [1.0, 1.0, 1.0], "complaints": []}