{"orientation": [-0.052526962012052536, 0.6986026167869568, -0.003215748816728592, 0.7135719656944275], "scale": [1.0, 1.0, 1.0], "complaints": []}