{"orientation": [-0.0451987124979496, 0.7194790244102478, -0.04694844409823418, 0.6914499998092651], "scale": [1.0, 1.0, 1.0], "complaints": []}