{"orientation": [-0.153461754322052, 0.7047984600067139, -0.1592915803194046, 0.6740435361862183], "scale": [1.0, 1.0, 1.0], "complaints": []}