{"orientation": [0.471792995929718, 0.514728307723999, 0.4355364739894867, 0.568132221698761], "scale": [1.0, 1.0, 1.0], "complaints": []}