{"orientation": [-0.06350801885128021, -0.26785796880722046, -0.588467538356781, 0.7602136731147766], "scale": [1.0, 1.0, 1.0], "complaints": []}