{"orientation": [-0.000616584497038275, 0.0006141064804978669, 0.7071070671081543, 0.7071060538291931], "scale": [1.0, 1.0, 1.0], "complaints": []}