{"orientation": [-0.0686248391866684, -0.2715826630592346, -0.5867162346839905, 0.7598012089729309], "scale": [1.0, 1.0, 1.0], "complaints": []}