{"orientation": [0.0006424651946872473, 0.7203049063682556, 0.0006627333350479603, 0.6936571002006531], "scale": [1.0, 1.0, 1.0], "complaints": []}