{"orientation": [0.30795910954475403, 0.035288240760564804, -0.7075451016426086, 0.6350558996200562], "scale": [1.0, 1.0, 1.0], "complaints": []}