{"orientation": [-0.0008881276589818299, 0.7070334553718567, -0.0008877314394339919, 0.707179069519043], "scale": [1.0, 1.0, 1.0], "complaints": []}