{"orientation": [0.4716677963733673, 0.5148303508758545, 0.4355153739452362, 0.5681600570678711], "scale": [1.0, 1.0, 1.0], "complaints": []}