{"orientation": [-0.13491187989711761, 0.7083173990249634, -0.1401597559452057, 0.6785576939582825], "scale": [1.0, 1.0, 1.0], "complaints": []}