{"orientation": [-0.13485197722911835, 0.7083298563957214, -0.1400122195482254, 0.6785871386528015], "scale": [1.0, 1.0, 1.0], "complaints": []}