{"orientation": [0.4714493453502655, 0.5149983167648315, 0.43524566292762756, 0.5683956742286682], "scale": [1.0, 1.0, 1.0], "complaints": []}