{"orientation": [0.3283854126930237, 0.07480938732624054, -0.6669501662254333, 0.6646384596824646], "scale": [1.0, 1.0, 1.0], "complaints": []}