{"orientation": [0.4713478982448578, 0.5150773525238037, 0.4352211654186249, 0.5684268474578857], "scale": [1.0, 1.0, 1.0], "complaints": []}