{"orientation": [0.47155454754829407, 0.5149204730987549, 0.43538597226142883, 0.5682713985443115], "scale": [1.0, 1.0, 1.0], "complaints": []}