{"orientation": [-0.4073857367038727, -0.5559771656990051, -0.3421662747859955, 0.6386303901672363], "scale": [1.0, 1.0, 1.0], "complaints": []}