{"orientation": [-0.045390643179416656, 0.6773993968963623, -0.04110304266214371, 0.7330624461174011], "scale": [1.0, 1.0, 1.0], "complaints": []}