{"orientation": [-0.0006176966126076877, 0.0006152533460408449, 0.7071070671081543, 0.7071060538291931], "scale": [1.0, 1.0, 1.0], "complaints": []}