{"orientation": [0.4714479446411133, 0.5149952173233032, 0.43529534339904785, 0.5683614611625671], "scale": [1.0, 1.0, 1.0], "complaints": []}