{"orientation": [0.47166094183921814, 0.5148348808288574, 0.43544965982437134, 0.5682118535041809], "scale": [1.0, 1.0, 1.0], "complaints": []}