{"orientation": [0.4715968668460846, 0.514886200428009, 0.43542003631591797, 0.5682411193847656], "scale": [1.0, 1.0, 1.0], "complaints": []}