{"orientation": [-0.0010052621364593506, -0.001007091486826539, 0.7071584463119507, 0.7070537209510803], "scale": [1.0, 1.0, 1.0], "complaints": []}