{"orientation": [-0.03251752257347107, -0.3057384490966797, -0.6132038235664368, 0.727631688117981], "scale": [1.0, 1.0, 1.0], "complaints": []}