{"orientation": [0.4715104103088379, 0.5149471163749695, 0.4352991282939911, 0.5683504343032837], "scale": [1.0, 1.0, 1.0], "complaints": []}