{"orientation": [-0.07105499505996704, -0.2947865128517151, -0.6655959486961365, 0.6819342970848083], "scale": [1.0, 1.0, 1.0], "complaints": []}