{"orientation": [0.31495925784111023, 0.026142068207263947, -0.7718334794044495, 0.5517159700393677], "scale": [1.0, 1.0, 1.0], "complaints": []}