{"orientation": [-0.010820984840393066, -0.3009244501590729, -0.5768739581108093, 0.7593050003051758], "scale": [1.0, 1.0, 1.0], "complaints": []}