{"orientation": [-0.04480302333831787, 0.6774352788925171, -0.04169095307588577, 0.7330322265625], "scale": [1.0, 1.0, 1.0], "complaints": []}