{"orientation": [0.4714323878288269, 0.5150108933448792, 0.43522000312805176, 0.5684177875518799], "scale": [1.0, 1.0, 1.0], "complaints": []}