{"orientation": [-7.450580596923828e-08, -2.655269781826064e-09, 0.7071067690849304, 0.7071067690849304], "scale": [1.0, 1.0, 1.0], "complaints": []}