{"orientation": [0.4715251326560974, 0.5149434804916382, 0.4353746771812439, 0.5682835578918457], "scale": [1.0, 1.0, 1.0], "complaints": []}