{"orientation": [0.4712069630622864, 0.5151869058609009, 0.43505358695983887, 0.5685727000236511], "scale": [1.0, 1.0, 1.0], "complaints": []}