{"orientation": [-0.0006171651184558868, 0.0006147101521492004, 0.7071062326431274, 0.7071068286895752], "scale": [1.0, 1.0, 1.0], "complaints": []}