{"orientation": [-3.1127710826694965e-06, -1.4458418263529893e-05, 0.70710688829422, 0.7071067690849304], "scale": [1.0, 1.0, 1.0], "complaints": []}