{"orientation": [0.011649719439446926, -0.7161396741867065, 0.0012774141505360603, 0.6978586912155151], "scale": [1.0, 1.0, 1.0], "complaints": []}