{"orientation": [0.011895093135535717, -0.7103025317192078, 0.00052629504352808, 0.703795850276947], "scale": [1.0, 1.0, 1.0], "complaints": []}