{"orientation": [0.006170598790049553, -0.7070797681808472, 0.006170585751533508, 0.7070800065994263], "scale": [1.0, 1.0, 1.0], "complaints": []}