{"orientation": [0.5584799647331238, -0.07847326248884201, 0.8256518840789795, -0.015527262352406979], "scale": [1.0, 1.0, 1.0], "complaints": []}