{"orientation": [0.007563810795545578, 0.003606380894780159, 0.706889808177948, 0.7072742581367493], "scale": [1.0, 1.0, 1.0], "complaints": []}