{"orientation": [-0.5101118683815002, 0.3925321102142334, -0.6386105418205261, -0.42175939679145813], "scale": [1.0, 1.0, 1.0], "complaints": []}