{"orientation": [-0.5000035166740417, 0.4999956488609314, 0.4999958276748657, 0.5000052452087402], "scale": [1.0, 1.0, 1.0], "complaints": []}