{"orientation": [-0.00046234065666794777, -0.0009400990675203502, 1.4747954537597252e-06, 0.9999996423721313], "scale": [1.0, 1.0, 1.0], "complaints": []}