{"orientation": [-0.707676887512207, 0.031821247190237045, 0.028888005763292313, 0.7052279114723206], "scale": [1.0, 1.0, 1.0], "complaints": []}