{"orientation": [-0.7164720892906189, 0.003175199031829834, -0.6948303580284119, -0.06219714507460594], "scale": [1.0, 1.0, 1.0], "complaints": []}