{"orientation": [-0.031317323446273804, 0.6978095173835754, -0.02986990287899971, 0.7149748802185059], "scale": [1.0, 1.0, 1.0], "complaints": []}