{"orientation": [-0.0035462554078549147, 0.009257429279386997, -0.0012922222958877683, 0.9999500513076782], "scale": [1.0, 1.0, 1.0], "complaints": []}