{"orientation": [-6.630589410860921e-09, 6.257807161347273e-09, 1.3947969002003902e-08, 1.0], "scale": [1.0, 1.0, 1.0], "complaints": []}