{"orientation": [-2.7098168153827373e-09, -9.76864988899706e-09, 2.0864671768094922e-08, 1.0], "scale": [1.0, 1.0, 1.0], "complaints": []}