{"orientation": [-2.1943664663126583e-09, 3.558761818567291e-08, -4.0448707494533664e-08, 1.0], "scale": [1.0, 1.0, 1.0], "complaints": []}