{"orientation": [-2.7839186511613434e-09, 6.037179201001663e-09, -6.084135151240844e-08, 1.0], "scale": [1.0, 1.0, 1.0], "complaints": []}