{"orientation": [-2.718608227425534e-09, 7.189415640596053e-08, 5.899346433579922e-08, 1.0], "scale": [1.0, 1.0, 1.0], "complaints": []}