{"orientation": [-1.9189128064311944e-09, 4.133154973828823e-08, 4.6249123641928236e-08, 1.0], "scale": [1.0, 1.0, 1.0], "complaints": []}