{"orientation": [-0.0021373925264924765, -0.0023443736135959625, 0.7071028351783752, 0.7071037888526917], "scale": [1.0, 1.0, 1.0], "complaints": []}