{"orientation": [1.3969838619232178e-09, -1.4551915228366852e-10, -0.7071068286895752, 0.7071068286895752], "scale": [1.0, 1.0, 1.0], "complaints": []}