{"orientation": [-4.656612873077393e-10, 3.3251126296818256e-09, 0.7071068286895752, 0.70710688829422], "scale": [1.0, 1.0, 1.0], "complaints": []}