{"orientation": [-3.183231456205249e-12, 6.679101716144942e-13, 0.7071067690849304, 0.7071069478988647], "scale": [1.0, 1.0, 1.0], "complaints": []}