{"orientation": [1.3642420526593924e-12, -1.9939605522267811e-13, 0.7071068286895752, 0.7071068286895752], "scale": [1.0, 1.0, 1.0], "complaints": []}