{"orientation": [1.210719347000122e-08, 5.893525667488575e-09, 0.7071068286895752, 0.7071068286895752], "scale": [1.0, 1.0, 1.0], "complaints": []}