{"orientation": [4.656612873077393e-10, -1.7271304386667907e-09, 0.7071068286895752, 0.7071068286895752], "scale": [1.0, 1.0, 1.0], "complaints": []}