{"orientation": [2.2351741790771484e-08, -0.7071068286895752, 0.7071068286895752, -2.2351741790771484e-08], "scale": [1.0, 1.0, 1.0], "complaints": []}