{"orientation": [0.0, 0.0, 0.7071067690849304, 0.7071068286895752], "scale": [1.0, 1.0, 1.0], "complaints": []}