{"orientation": [8.458300726488233e-11, 5.684341886080801e-13, 0.7071068286895752, 0.7071068286895752], "scale": [1.0, 1.0, 1.0], "complaints": []}