{"orientation": [0.0, 0.0, -0.7071068286895752, 0.70710688829422], "scale": [1.0, 1.0, 1.0], "complaints": []}