{"orientation": [-0.4999999701976776, -0.5000001788139343, 0.49999988079071045, 0.5], "scale": [1.0, 1.0, 1.0], "complaints": []}