{"orientation": [0.0, 0.0, 0.7071068286895752, 0.7071069478988647], "scale": [1.0, 1.0, 1.0], "complaints": []}