{"orientation": [-0.4999999701976776, -0.5000001192092896, 0.5000001192092896, 0.4999999701976776], "scale": [1.0, 1.0, 1.0], "complaints": []}