{"orientation": [0.0, 6.948539521545172e-10, 0.70710688829422, 0.7071067094802856], "scale": [1.0, 1.0, 1.0], "complaints": []}