{"orientation": [0.002812412101775408, 0.02618499845266342, 3.0064938982832246e-07, 0.9996532201766968], "scale": [1.0, 1.0, 1.0], "complaints": []}