{"orientation": [0.0, 0.0, 0.0, 1.0], "scale": [1.610510000000001, 1.610510000000001, 1.610510000000001], "complaints": []}