{"orientation": [-1.1133480256830808e-05, 1.0, -0.00021896185353398323, 4.447012906894088e-05], "scale": [1.0, 1.0, 1.0], "complaints": []}