{"orientation": [-0.00011678040027618408, -7.674237713217735e-05, 8.560309652239084e-07, 1.0000001192092896], "scale": [1.0, 1.0, 1.0], "complaints": []}