{"orientation": [0.037946779280900955, 0.008190024644136429, 0.0012017847038805485, 0.9992455244064331], "scale": [1.0, 1.0, 1.0], "complaints": []}