{"orientation": [-0.0005081100389361382, 0.6531063914299011, 0.0005892172339372337, 0.7572657465934753], "scale": [1.0, 1.0, 1.0], "complaints": []}