{"orientation": [0.0150840412825346, 0.15282456576824188, -0.005953575950115919, 0.9881202578544617], "scale": [1.0, 1.0, 1.0], "complaints": []}