{"orientation": [-0.07717631012201309, -0.017303934320807457, 0.6982513070106506, 0.7114700078964233], "scale": [1.0, 1.0, 1.0], "complaints": []}