{"orientation": [-0.0775681734085083, -0.017569025978446007, 0.6982124447822571, 0.7114589810371399], "scale": [1.0, 1.0, 1.0], "complaints": []}