{"orientation": [-0.0031470744870603085, 0.005887010600417852, -6.553828279720619e-05, 0.9999778270721436], "scale": [1.0, 1.0, 1.0], "complaints": []}