{"orientation": [0.023687588050961494, -0.16548658907413483, -0.20443476736545563, 0.9644997715950012], "scale": [1.0, 1.0, 1.0], "complaints": []}