{"orientation": [0.016553636640310287, -0.19050408899784088, 0.35129663348197937, 0.9165287017822266], "scale": [1.0, 1.0, 1.0], "complaints": []}