{"orientation": [-0.14452840387821198, 0.3257734775543213, -0.9334048628807068, 0.04169832915067673], "scale": [1.0, 1.0, 1.0], "complaints": []}