{"orientation": [1.3382945326156914e-05, 0.00013505535025615245, 4.04194679504144e-07, 1.0], "scale": [1.0, 1.0, 1.0], "complaints": []}