{"orientation": [-1.055421307682991e-06, -0.0005728398100472987, -8.498888928443193e-05, 1.0], "scale": [1.0, 1.0, 1.0], "complaints": []}