{"orientation": [0.0071326144970953465, 0.0003338176175020635, -9.602168574929237e-06, 0.9999746680259705], "scale": [1.0, 1.0, 1.0], "complaints": []}