{"orientation": [0.5688568949699402, 0.09610158205032349, -0.08064067363739014, 0.8128122687339783], "scale": [1.0, 1.0, 1.0], "complaints": []}