{"orientation": [-0.025750573724508286, -8.760765194892883e-05, 0.025680139660835266, 0.9993385672569275], "scale": [1.0, 1.0, 1.0], "complaints": []}