{"orientation": [-0.00011297440505586565, -4.98252957186196e-05, 1.727021299302578e-07, 1.0000001192092896], "scale": [1.0, 1.0, 1.0], "complaints": []}