{"orientation": [3.245191848577633e-08, 3.2162805752022905e-08, 8.716269483954875e-09, 1.0], "scale": [1.0, 1.0, 1.0], "complaints": []}