{"orientation": [-8.188135325326584e-08, -6.730451787007041e-07, -3.334858789116879e-08, 1.0], "scale": [1.0, 1.0, 1.0], "complaints": []}