{"orientation": [5.049086038155792e-09, 8.728908151844905e-10, -5.730570862283457e-08, 1.0], "scale": [1.0, 1.0, 1.0], "complaints": []}