{"orientation": [1.351024625506625e-08, 2.591665122508857e-07, 4.0148022684149964e-09, 1.0], "scale": [1.0, 1.0, 1.0], "complaints": []}