{"orientation": [-7.193314104370074e-07, 6.334899893545298e-08, -6.5262412363154e-07, 1.0000001192092896], "scale": [1.0, 1.0, 1.0], "complaints": []}