{"orientation": [-1.7833547971690678e-09, -4.573627165882499e-08, 3.042978846679034e-08, 1.0], "scale": [1.0, 1.0, 1.0], "complaints": []}