{"orientation": [-3.4211915078685706e-08, -1.1252037523945546e-08, 1.8239525445551408e-08, 1.0], "scale": [1.0, 1.0, 1.0], "complaints": []}