{"orientation": [1.6689575943473756e-08, -1.3868466908206756e-07, 1.331766839030024e-07, 1.0000001192092896], "scale": [1.0, 1.0, 1.0], "complaints": []}