{"orientation": [-0.7071064114570618, -1.2179953046143055e-06, -1.1730087408068357e-06, 0.7071071267127991], "scale": [1.0, 1.0, 1.0], "complaints": []}