{"orientation": [0.07712505012750626, -0.07868728786706924, -0.23502957820892334, 0.9657232761383057], "scale": [1.0, 1.0, 1.0], "complaints": []}