{"orientation": [0.0744590237736702, 0.05027562752366066, -0.40228331089019775, 0.9110962748527527], "scale": [1.0, 1.0, 1.0], "complaints": []}