{"orientation": [-0.00010456936433911324, -0.00018896471010521054, -8.158468745023129e-07, 1.0], "scale": [1.0, 1.0, 1.0], "complaints": []}