{"orientation": [1.1641532182693481e-10, -3.637978807091713e-12, 0.0, 1.0], "scale": [1.0, 1.0, 1.0], "complaints": []}