{"orientation": [-1.4901161193847656e-08, 1.862645149230957e-09, -0.9961947798728943, 0.08715575188398361], "scale": [1.0, 1.0, 1.0], "complaints": []}