{"orientation": [0.0, -1.3969838619232178e-09, 0.9993908405303955, 0.03489949554204941], "scale": [1.0, 1.0, 1.0], "complaints": []}