{"orientation": [2.9802322387695312e-08, 5.587935447692871e-09, -0.9848078489303589, 0.1736481934785843], "scale": [1.0, 1.0, 1.0], "complaints": []}