{"orientation": [-5.093170329928398e-11, -1.1368683772161603e-10, 0.15643449127674103, 0.9876885414123535], "scale": [1.0, 1.0, 1.0], "complaints": []}