{"orientation": [0.0, 2.3283064365386963e-10, -0.56640625, 0.8241262435913086], "scale": [1.0, 1.0, 1.0], "complaints": []}