{"orientation": [-0.08845093846321106, -0.02464350499212742, 0.7082399725914001, 0.699975311756134], "scale": [1.0, 1.0, 1.0], "complaints": []}