{"orientation": [7.08982624928467e-05, -0.00021091921371407807, 2.6093033511642716e-07, 1.0], "scale": [1.4641000000000008, 1.4641000000000008, 1.4641000000000008], "complaints": []}