{"orientation": [-0.005458593834191561, 0.003167440416291356, 0.0017914343625307083, 0.9999786019325256], "scale": [1.1, 1.1, 1.1], "complaints": []}