{"orientation": [-6.984919309616089e-10, -5.820766091346741e-10, 0.7071068286895752, 0.7071068286895752], "scale": [1.0, 1.0, 1.0], "complaints": []}