{"orientation": [4.621688276529312e-08, 1.714215613901615e-08, -1.0540970833972096e-06, 1.0000001192092896], "scale": [1.0, 1.0, 1.0], "complaints": []}