{"orientation": [-0.7016112208366394, 0.012125715613365173, -0.0023484842386096716, 0.7124528884887695], "scale": [1.0, 1.0, 1.0], "complaints": []}