{"orientation": [0.7028092741966248, -0.016757873818278313, 0.012532047927379608, 0.7110705375671387], "scale": [1.0, 1.0, 1.0], "complaints": []}