{"orientation": [-0.507506787776947, -0.47232216596603394, 0.5257936120033264, 0.4928385317325592], "scale": [1.0, 1.0, 1.0], "complaints": []}