{"orientation": [9.313225746154785e-10, 2.217348082922399e-09, 0.7071067690849304, 0.70710688829422], "scale": [1.0, 1.0, 1.0], "complaints": []}