{"orientation": [-0.00045614491682499647, -0.0009439168497920036, 8.990928108687513e-07, 0.999999463558197], "scale": [1.0, 1.0, 1.0], "complaints": []}