{"orientation": [-0.0054606664925813675, -0.03857338801026344, 0.00014495186042040586, 0.9992409944534302], "scale": [1.0, 1.0, 1.0], "complaints": []}