{"orientation": [-0.0212684515863657, -0.036925505846738815, 0.0019788378849625587, 0.9990897178649902], "scale": [1.0, 1.0, 1.0], "complaints": []}