{"orientation": [0.00013306131586432457, 0.00040169100975617766, -1.909211277961731e-07, 1.0], "scale": [1.0, 1.0, 1.0], "complaints": []}