{"orientation": [-0.6179524064064026, 0.029452085494995117, 0.026112984865903854, 0.7852296233177185], "scale": [1.0, 1.0, 1.0], "complaints": []}