{"orientation": [-0.001637977547943592, -0.0007198108360171318, -0.3820086419582367, 0.9241572022438049], "scale": [1.0, 1.0, 1.0], "complaints": []}