{"orientation": [2.562999725341797e-06, 4.370231181383133e-07, -0.7071373462677002, 0.7070764303207397], "scale": [1.0, 1.0, 1.0], "complaints": []}