{"orientation": [9.313225746154785e-09, -1.979060471057892e-08, -0.7070717215538025, 0.7071419358253479], "scale": [1.0, 1.0, 1.0], "complaints": []}