{"orientation": [9.840447455644608e-05, -0.0005501483101397753, -0.9999998211860657, 1.30385160446167e-06], "scale": [1.0, 1.0, 1.0], "complaints": []}