{"orientation": [-1.9717495888471603e-05, -9.666197001934052e-06, -0.3826879560947418, 0.9238777160644531], "scale": [1.0, 1.0, 1.0], "complaints": []}