{"orientation": [5.739927291870117e-05, 1.4050398021936417e-05, 0.7071095108985901, 0.7071042060852051], "scale": [1.0, 1.0, 1.0], "complaints": []}