{"orientation": [7.450580596923828e-09, 2.3283064365386963e-08, 0.9914449453353882, 0.13052618503570557], "scale": [1.0, 1.0, 1.0], "complaints": []}