{"orientation": [-1.4901161193847656e-08, 4.351022653281689e-08, -0.7071069478988647, 0.7071067690849304], "scale": [1.0, 1.0, 1.0], "complaints": []}