{"orientation": [0.0, -1.4588295016437769e-09, 1.0000001192092896, 0.0], "scale": [1.0, 1.0, 1.0], "complaints": []}