{"orientation": [-1.1175870895385742e-08, 1.0506482794880867e-08, -0.70710688829422, 0.70710688829422], "scale": [1.0, 1.0, 1.0], "complaints": []}