{"orientation": [0.0, -9.313225746154785e-10, -0.8090171217918396, 0.5877853035926819], "scale": [1.0, 1.0, 1.0], "complaints": []}