{"orientation": [0.05091336742043495, -0.0009683670359663665, 0.001116594416089356, 0.9987019896507263], "scale": [1.0, 1.0, 1.0], "complaints": []}