{"orientation": [-0.07365298271179199, -0.0009895863477140665, 0.005118681117892265, 0.9972703456878662], "scale": [1.0, 1.0, 1.0], "complaints": []}