{"orientation": [-0.0013123604003340006, -0.0013003440108150244, 0.707194983959198, 0.7070164084434509], "scale": [1.0, 1.0, 1.0], "complaints": []}