{"orientation": [0.055538542568683624, 0.05636398866772652, 0.7103999853134155, 0.6993358135223389], "scale": [1.0, 1.0, 1.0], "complaints": []}