{"orientation": [0.13030603528022766, -0.165767639875412, 0.10670400410890579, 0.9716768264770508], "scale": [1.0, 1.0, 1.0], "complaints": []}