{"orientation": [0.6516346335411072, 0.25881725549697876, 0.6964192986488342, 0.15292584896087646], "scale": [1.0, 1.0, 1.0], "complaints": []}