{"orientation": [0.0004610067990142852, -0.0002296206948813051, 1.0314664905308746e-05, 0.9999998807907104], "scale": [1.0, 1.0, 1.0], "complaints": []}