{"orientation": [0.004036854021251202, 0.0015076487325131893, 0.5150290131568909, 0.8571619987487793], "scale": [1.0, 1.0, 1.0], "complaints": []}