{"orientation": [0.0015516274143010378, 0.009868765249848366, 2.0705934730358422e-05, 0.9999501705169678], "scale": [1.0, 1.0, 1.0], "complaints": []}