{"orientation": [0.4068810045719147, 0.027149202302098274, 0.006982769817113876, 0.9130510091781616], "scale": [1.0, 1.0, 1.0], "complaints": []}