{"orientation": [0.7396687865257263, -0.0072158752009272575, 0.0006377742975018919, 0.6729322671890259], "scale": [1.0, 1.0, 1.0], "complaints": []}