{"orientation": [-2.684537321329117e-07, -1.7102138372138143e-07, 0.7070760726928711, 0.7071376442909241], "scale": [1.0, 1.0, 1.0], "complaints": []}