{"orientation": [0.0006528749945573509, 0.0013677052920684218, 0.000664068735204637, 0.9999987483024597], "scale": [1.0, 1.0, 1.0], "complaints": []}