{"orientation": [-0.043026797473430634, -0.12653113901615143, 0.008684728294610977, 0.9909911155700684], "scale": [1.0, 1.0, 1.0], "complaints": []}