{"orientation": [-4.7497451305389404e-08, -0.70710688829422, 1.3387762010097504e-09, 0.70710688829422], "scale": [1.0, 1.0, 1.0], "complaints": []}