{"orientation": [1.1533848010003567e-07, -0.7071069478988647, 1.496955519542098e-07, 0.70710688829422], "scale": [1.0, 1.0, 1.0], "complaints": []}