{"orientation": [3.7580321077257395e-08, -0.7071067690849304, -2.419255906715989e-08, 0.7071069478988647], "scale": [1.0, 1.0, 1.0], "complaints": []}