{"orientation": [1.2028067430946976e-08, -2.866181603167206e-08, -5.22093159815995e-08, 1.0], "scale": [1.0, 1.0, 1.0], "complaints": []}