{"orientation": [2.054939977824688e-05, -0.0024491017684340477, -8.118979167193174e-06, 0.9999970197677612], "scale": [1.0, 1.0, 1.0], "complaints": []}