{"orientation": [-0.00019757405971176922, 0.0016349777579307556, 0.0044821519404649734, 0.9999887943267822], "scale": [1.0, 1.0, 1.0], "complaints": []}