{"orientation": [1.6377642168663442e-05, -0.0003976002335548401, -3.1496863812208176e-05, 0.9999999403953552], "scale": [1.0, 1.0, 1.0], "complaints": []}