{"orientation": [0.5328599214553833, -0.4647711515426636, 0.4618215262889862, 0.5355081558227539], "scale": [1.0, 1.0, 1.0], "complaints": []}