{"orientation": [-0.11591541767120361, 0.06842377781867981, 0.7032946944236755, 0.6980389952659607], "scale": [1.0, 1.0, 1.0], "complaints": []}