{"orientation": [1.1719021131284535e-07, 1.0000001192092896, 2.551823854446411e-07, 3.899913281202316e-09], "scale": [1.0, 1.0, 1.0], "complaints": []}