{"orientation": [0.00013171491445973516, -6.859234417788684e-05, 0.0002469549945089966, 1.0], "scale": [1.0, 1.0, 1.0], "complaints": []}