{"orientation": [-1.3398963574218214e-06, 5.2147574024274945e-05, -3.3483895094832405e-05, 1.0], "scale": [1.0, 1.0, 1.0], "complaints": []}