{"orientation": [0.0020858393982052803, 0.00012420146958902478, -0.0012823635479435325, 0.9999971389770508], "scale": [1.0, 1.0, 1.0], "complaints": []}