{"orientation": [0.5703648328781128, 0.6212698817253113, 0.3626117706298828, 0.39651045203208923], "scale": [1.0, 1.0, 1.0], "complaints": []}