{"orientation": [-0.0023628268390893936, -0.7296927571296692, 0.0003095027059316635, 0.6837710738182068], "scale": [3.797498335832415, 3.797498335832415, 3.797498335832415], "complaints": []}