{"orientation": [-0.011117503978312016, -0.001022537937387824, -0.0018334928900003433, 0.9999359846115112], "scale": [1.0, 1.0, 1.0], "complaints": []}