{"orientation": [0.9326201677322388, -0.0022183433175086975, -0.022640366107225418, 0.36014190316200256], "scale": [1.0, 1.0, 1.0], "complaints": []}