{"orientation": [0.7321352362632751, 0.01217497605830431, -0.009080231189727783, 0.6809899806976318], "scale": [1.0, 1.0, 1.0], "complaints": []}