{"orientation": [-5.127776603330858e-07, 2.3560349404760927e-07, 9.276263881474733e-07, 1.0000001192092896], "scale": [1.0, 1.0, 1.0], "complaints": []}