{"orientation": [2.4973589461296797e-05, 0.0007602102705277503, 2.0658711946452968e-05, 0.9999997615814209], "scale": [1.0, 1.0, 1.0], "complaints": []}