{"orientation": [-0.00010527541599003598, 7.210084004327655e-05, -9.016366675496101e-08, 1.0], "scale": [1.0, 1.0, 1.0], "complaints": []}