{"orientation": [-0.00029542669653892517, -0.0007425951771438122, 0.7071048021316528, 0.7071083188056946], "scale": [1.0, 1.0, 1.0], "complaints": []}