{"orientation": [3.614695742726326e-08, 9.016366675496101e-08, 3.259629011154175e-07, 1.0000001192092896], "scale": [1.0, 1.0, 1.0], "complaints": []}