{"orientation": [-4.074916049034982e-08, 4.456418878362456e-08, 2.462208925635423e-08, 1.0], "scale": [1.0, 1.0, 1.0], "complaints": []}