{"orientation": [0.00013433769345283508, -0.0009686221019364893, -0.7071059942245483, 0.7071070671081543], "scale": [1.0, 1.0, 1.0], "complaints": []}