{"orientation": [2.1083906176500022e-08, 3.3201104088220745e-08, 2.6467205316293985e-08, 1.0], "scale": [1.0, 1.0, 1.0], "complaints": []}