{"orientation": [-0.007646692916750908, -0.013975696638226509, 0.7074446678161621, 0.7065893411636353], "scale": [1.0, 1.0, 1.0], "complaints": []}