{"orientation": [3.008062776643783e-08, 1.1579686542972922e-08, 1.0801568350871094e-07, 1.0], "scale": [1.0, 1.0, 1.0], "complaints": []}