{"orientation": [0.3531295657157898, -0.16192343831062317, 0.5002006888389587, 0.7738732099533081], "scale": [1.0, 1.0, 1.0], "complaints": []}