{"orientation": [-3.5306584322825074e-08, -5.080073606222868e-08, 7.388298399746418e-07, 1.0], "scale": [1.0, 1.0, 1.0], "complaints": []}