{"orientation": [0.0, -1.339742539130384e-09, 1.0000001192092896, -1.4551915228366852e-11], "scale": [1.0, 1.0, 1.0], "complaints": []}