{"orientation": [0.02266141027212143, 0.03741712123155594, -0.0024145273491740227, 0.9990400671958923], "scale": [1.0, 1.0, 1.0], "complaints": []}