{"orientation": [-7.596390787512064e-06, 0.000488403660710901, 6.266433047130704e-06, 0.9999998807907104], "scale": [1.0, 1.0, 1.0], "complaints": []}