{"orientation": [-3.902241587638855e-07, -1.0000001192092896, -1.4901161193847656e-08, -6.775371730327606e-08], "scale": [1.0, 1.0, 1.0], "complaints": []}