{"orientation": [5.73137185710948e-06, 0.0022650370374321938, -0.0001949200959643349, 0.9999973773956299], "scale": [1.0, 1.0, 1.0], "complaints": []}