{"orientation": [-0.00018938588618766516, -4.7949072268238524e-08, -2.307527324774128e-07, 1.0000001192092896], "scale": [1.0, 1.0, 1.0], "complaints": []}