{"orientation": [1.0, -9.359791874885559e-08, -2.4854671210050583e-08, -1.485504981246777e-07], "scale": [1.0, 1.0, 1.0], "complaints": []}