{"orientation": [-0.00010757367999758571, 1.882639935502084e-06, 1.7917843706527492e-06, 1.0], "scale": [1.0, 1.0, 1.0], "complaints": []}