{"orientation": [-2.1080758472180605e-08, 1.5799923147596928e-08, 2.3341303290180804e-07, 1.0], "scale": [1.0, 1.0, 1.0], "complaints": []}