{"orientation": [-0.49953803420066833, 0.5002344250679016, -0.499765008687973, 0.5004620552062988], "scale": [1.0, 1.0, 1.0], "complaints": []}