{"orientation": [-5.238689482212067e-10, -8.731149137020111e-11, -1.4897523215040565e-08, 1.000000238418579], "scale": [1.0, 1.0, 1.0], "complaints": []}