{"orientation": [0.7070923447608948, -9.410083293914795e-06, 1.1211610399186611e-05, 0.7071213126182556], "scale": [1.0, 1.0, 1.0], "complaints": []}