{"orientation": [0.7071069478988647, 7.096678018569946e-07, 7.037888281047344e-07, 0.7071066498756409], "scale": [1.0, 1.0, 1.0], "complaints": []}