{"orientation": [0.7071070075035095, 3.648828715085983e-05, 3.6181474570184946e-05, 0.7071065902709961], "scale": [1.0, 1.0, 1.0], "complaints": []}