{"orientation": [0.5247246623039246, 0.5238481163978577, 0.4739353656768799, 0.475008100271225], "scale": [1.0, 1.0, 1.0], "complaints": []}