{"orientation": [-0.0002958805998787284, -0.005073030479252338, -4.537332642939873e-05, 0.9999871253967285], "scale": [1.0, 1.0, 1.0], "complaints": []}