{"orientation": [-0.0004727445775642991, -0.0005539850681088865, 2.2572521629626863e-08, 0.9999998211860657], "scale": [1.0, 1.0, 1.0], "complaints": []}