{"orientation": [0.02029886469244957, 0.7267264127731323, 0.02561304159462452, 0.6861492395401001], "scale": [1.0, 1.0, 1.0], "complaints": []}