{"orientation": [-0.033097248524427414, -0.16947725415229797, 0.015444986522197723, 0.9848572015762329], "scale": [1.0, 1.0, 1.0], "complaints": []}