{"orientation": [1.4724209904670715e-06, 2.3702159523963928e-07, 0.8616307973861694, 0.507535457611084], "scale": [1.0, 1.0, 1.0], "complaints": []}