{"orientation": [-0.05875017121434212, -0.6977794766426086, 0.06036721169948578, 0.7113425731658936], "scale": [1.0, 1.0, 1.0], "complaints": []}