{"orientation": [-2.410728484392166e-06, 2.1926825866103172e-06, -1.5779369277879596e-07, 1.000000238418579], "scale": [1.3310000000000004, 1.3310000000000004, 1.3310000000000004], "complaints": []}