{"orientation": [-0.03176114708185196, 0.026803895831108093, 0.9068006873130798, 0.41950637102127075], "scale": [1.2100000000000002, 1.2100000000000002, 1.2100000000000002], "complaints": []}