{"orientation": [0.002985258586704731, -0.0022029040846973658, -0.38270828127861023, 0.9238618016242981], "scale": [1.0, 1.0, 1.0], "complaints": []}