{"orientation": [0.6756597757339478, -0.0757855549454689, 0.08445589989423752, 0.728428065776825], "scale": [1.0, 1.0, 1.0], "complaints": []}