{"orientation": [0.7122023701667786, 0.015049456618726254, -0.02015850506722927, 0.7015235424041748], "scale": [1.0, 1.0, 1.0], "complaints": []}