{"orientation": [-0.00043271249160170555, -0.0002641372848302126, -0.7071200013160706, 0.7070935368537903], "scale": [1.0, 1.0, 1.0], "complaints": []}