{"orientation": [0.06300428509712219, 0.11728858947753906, -0.050905585289001465, 0.9897891879081726], "scale": [1.0, 1.0, 1.0], "complaints": []}