{"orientation": [0.036741968244314194, -0.06857503950595856, -0.04029504582285881, 0.9961545467376709], "scale": [1.0, 1.0, 1.0], "complaints": []}