{"orientation": [0.9976984262466431, 0.05304189398884773, -0.013221942819654942, 0.04012194648385048], "scale": [1.0, 1.0, 1.0], "complaints": []}