{"orientation": [-0.9884915947914124, -0.09199269860982895, -0.03736497461795807, 0.11413026601076126], "scale": [0.6830134553650706, 0.6830134553650706, 0.6830134553650706], "complaints": []}