{"orientation": [-1.5830828488105908e-05, 0.001089764293283224, 0.9998471140861511, 0.017452172935009003], "scale": [1.3310000000000004, 1.3310000000000004, 1.3310000000000004], "complaints": []}