{"orientation": [8.35187966004014e-05, 0.00013476048479788005, -0.9993903040885925, 0.03491413593292236], "scale": [1.0, 1.0, 1.0], "complaints": []}