{"orientation": [-0.12924005091190338, 0.006042503286153078, 0.03600333631038666, 0.9909411072731018], "scale": [1.0, 1.0, 1.0], "complaints": []}