{"orientation": [-0.0523468442261219, -0.9986289143562317, -0.00038172962376847863, -0.0003768456226680428], "scale": [1.0, 1.0, 1.0], "complaints": []}