{"orientation": [-0.12868720293045044, -0.00031061057234182954, 9.916124326991849e-06, 0.9916852116584778], "scale": [1.0, 1.0, 1.0], "complaints": []}