{"orientation": [-0.04213132709264755, 0.03666849806904793, 0.0715487152338028, 0.9958721399307251], "scale": [0.6830134553650706, 0.6830134553650706, 0.6830134553650706], "complaints": []}