{"orientation": [0.053023722022771835, 0.9899888038635254, 0.1307951658964157, -0.0018090694211423397], "scale": [1.0, 1.0, 1.0], "complaints": []}