{"orientation": [-0.07207658141851425, -0.9916284084320068, 0.10604505240917206, -0.015247480943799019], "scale": [1.0, 1.0, 1.0], "complaints": []}