{"orientation": [-0.040249574929475784, -0.08393388986587524, 0.9955251812934875, -0.01626952923834324], "scale": [0.8264462809917354, 0.8264462809917354, 0.8264462809917354], "complaints": []}