{"orientation": [0.060447998344898224, 0.9879485964775085, 0.12682725489139557, -0.0649513527750969], "scale": [1.0, 1.0, 1.0], "complaints": []}