{"orientation": [-0.09314943104982376, -0.041646912693977356, -0.9927231669425964, 0.06394968926906586], "scale": [1.0, 1.0, 1.0], "complaints": []}