{"orientation": [0.05335387960076332, 0.9901607632637024, 0.1292956918478012, -0.004209315869957209], "scale": [1.0, 1.0, 1.0], "complaints": []}