{"orientation": [0.0871555358171463, 0.9961947202682495, -2.668279648787575e-06, -2.7675039746100083e-05], "scale": [0.8264462809917354, 0.8264462809917354, 0.8264462809917354], "complaints": []}