{"orientation": [0.0015341497492045164, 0.004306691233068705, -0.9993806481361389, 0.03489358723163605], "scale": [0.8264462809917354, 0.8264462809917354, 0.8264462809917354], "complaints": []}