{"orientation": [7.044871352945847e-10, 3.110008606199699e-08, -1.1734599780766075e-07, 1.0000001192092896], "scale": [1.0, 1.0, 1.0], "complaints": []}