{"orientation": [0.003314547473564744, -0.04210662469267845, -0.9991077184677124, -0.00013771187514066696], "scale": [1.3310000000000004, 1.3310000000000004, 1.3310000000000004], "complaints": []}