{"orientation": [-0.007532475050538778, -0.0052273692563176155, -0.9998067021369934, 0.01739751733839512], "scale": [0.8264462809917354, 0.8264462809917354, 0.8264462809917354], "complaints": []}