{"orientation": [0.033953290432691574, -0.027362624183297157, -0.03395328298211098, 0.9984716773033142], "scale": [1.0, 1.0, 1.0], "complaints": []}