{"orientation": [-0.03335680812597275, 0.02441859431564808, 0.9991447925567627, 0.0009345749276690185], "scale": [0.7513148009015779, 0.7513148009015779, 0.7513148009015779], "complaints": []}