{"orientation": [0.06201911345124245, -0.04463595524430275, -0.9970729947090149, -0.002640203572809696], "scale": [1.0, 1.0, 1.0], "complaints": []}