{"orientation": [-0.0012228410923853517, -6.041866072337143e-05, -0.9999993443489075, 1.7017591744661331e-06], "scale": [1.0, 1.0, 1.0], "complaints": []}