{"orientation": [-2.1588363097180263e-08, -2.3904362933535594e-09, 0.06975650042295456, 0.9975641369819641], "scale": [0.8264462809917354, 0.8264462809917354, 0.8264462809917354], "complaints": []}