{"orientation": [0.03602125123143196, 0.9980494976043701, 0.044386204332113266, -0.02509245276451111], "scale": [1.6105100000000008, 1.6105100000000008, 1.6105100000000008], "complaints": []}