{"orientation": [-1.0110707989952061e-05, 0.9915959239006042, 0.12937448918819427, 7.306593761313707e-05], "scale": [1.4641000000000006, 1.4641000000000006, 1.4641000000000006], "complaints": []}