{"orientation": [-0.12915240228176117, 0.006257410626858473, 0.03603460639715195, 0.9909501671791077], "scale": [1.0, 1.0, 1.0], "complaints": []}