{"orientation": [-8.135624511851347e-07, -7.651293998378605e-08, -0.017452219501137733, 0.9998477101325989], "scale": [1.0, 1.0, 1.0], "complaints": []}