{"orientation": [0.036065474152565, 0.9909396767616272, 0.12921272218227386, -0.006483730860054493], "scale": [1.0, 1.0, 1.0], "complaints": []}