{"orientation": [-8.711306520581275e-08, 2.00016643248091e-08, 0.7071066498756409, 0.7071070075035095], "scale": [1.0, 1.0, 1.0], "complaints": []}