{"orientation": [-8.484079216941609e-08, 3.127397718571956e-08, -0.9993909001350403, 0.0348995178937912], "scale": [1.1, 1.1, 1.1], "complaints": []}