{"orientation": [-9.57811607804615e-11, 0.0, 0.0348995067179203, 0.9993908405303955], "scale": [1.0, 1.0, 1.0], "complaints": []}