{"orientation": [0.03600222244858742, 0.9907713532447815, 0.1305347979068756, -0.006080404855310917], "scale": [0.9090909090909091, 0.9090909090909091, 0.9090909090909091], "complaints": []}