{"orientation": [-0.034887537360191345, -0.9990484118461609, -0.0009135629516094923, 0.02616100199520588], "scale": [1.0, 1.0, 1.0], "complaints": []}