{"orientation": [0.027284473180770874, 0.9983338713645935, 0.044274087995290756, -0.025001639500260353], "scale": [1.6105100000000008, 1.6105100000000008, 1.6105100000000008], "complaints": []}