{"orientation": [0.034887541085481644, -0.026161005720496178, -0.9990484714508057, -0.0009135633008554578], "scale": [0.6830134553650705, 0.6830134553650705, 0.6830134553650705], "complaints": []}