{"orientation": [-2.0569030311889946e-05, 1.06149454950355e-05, -0.03490295261144638, 0.9993906617164612], "scale": [0.8264462809917354, 0.8264462809917354, 0.8264462809917354], "complaints": []}