{"orientation": [-0.03337905928492546, 0.02424110844731331, 0.9991483688354492, 0.0009452831582166255], "scale": [0.6830134553650705, 0.6830134553650705, 0.6830134553650705], "complaints": []}