{"orientation": [1.7053025658242404e-13, -1.2505552149377763e-12, 0.9993909001350403, 0.03489946946501732], "scale": [1.4641000000000006, 1.4641000000000006, 1.4641000000000006], "complaints": []}