{"orientation": [-0.03337990492582321, 0.024241477251052856, 0.9991483688354492, 0.0009409560589119792], "scale": [0.6830134553650705, 0.6830134553650705, 0.6830134553650705], "complaints": []}