{"orientation": [0.05233598127961159, 0.998629629611969, 0.0, 1.0186340659856796e-10], "scale": [0.8264462809917354, 0.8264462809917354, 0.8264462809917354], "complaints": []}