{"orientation": [8.620587976793104e-08, -9.94695525946554e-08, -4.051248936320917e-08, 1.0], "scale": [0.9090909090909091, 0.9090909090909091, 0.9090909090909091], "complaints": []}