{"orientation": [0.04433177411556244, 0.04281071573495865, -0.019321564584970474, 0.9979121685028076], "scale": [0.6830134553650705, 0.6830134553650705, 0.6830134553650705], "complaints": []}