{"orientation": [-0.13074365258216858, 0.004091485403478146, 0.035737957805395126, 0.9907634258270264], "scale": [1.0, 1.0, 1.0], "complaints": []}