{"orientation": [-2.8421709430404007e-13, 7.105427357601002e-15, -0.9986295700073242, 0.0523359552025795], "scale": [1.0, 1.0, 1.0], "complaints": []}