{"orientation": [-0.12909241020679474, 0.006212878040969372, 0.03603338822722435, 0.9909582138061523], "scale": [0.8264462809917354, 0.8264462809917354, 0.8264462809917354], "complaints": []}