{"orientation": [-5.361478542909026e-06, 0.0010206904262304306, 0.9998471736907959, 0.01745247095823288], "scale": [1.771561000000001, 1.771561000000001, 1.771561000000001], "complaints": []}