{"orientation": [-0.04818908870220184, 0.9939018487930298, -0.06421839445829391, -0.07558353990316391], "scale": [0.9090909090909091, 0.9090909090909091, 0.9090909090909091], "complaints": []}