{"orientation": [-0.03155706077814102, 0.9932906031608582, -0.06233040615916252, -0.09215772897005081], "scale": [1.0, 1.0, 1.0], "complaints": []}