{"orientation": [-0.0029268162325024605, 0.16523969173431396, -0.9837451577186584, 0.07023399323225021], "scale": [1.3310000000000004, 1.3310000000000004, 1.3310000000000004], "complaints": []}