{"orientation": [-0.13074365258216858, 0.004091484937816858, 0.03573796898126602, 0.9907634258270264], "scale": [1.0, 1.0, 1.0], "complaints": []}