{"orientation": [-0.08675766736268997, -0.04048563912510872, 0.9953848123550415, 0.006584557704627514], "scale": [1.3310000000000004, 1.3310000000000004, 1.3310000000000004], "complaints": []}