{"orientation": [-2.3817625560695888e-07, 4.388446939174173e-09, -2.626276796036109e-07, 1.0], "scale": [1.0, 1.0, 1.0], "complaints": []}