{"orientation": [0.03602005913853645, 0.9909102320671082, 0.12946653366088867, -0.006177173461765051], "scale": [0.9090909090909091, 0.9090909090909091, 0.9090909090909091], "complaints": []}