{"orientation": [-0.033427584916353226, 0.024174876511096954, 0.9991482496261597, -0.0010355261620134115], "scale": [0.6830134553650705, 0.6830134553650705, 0.6830134553650705], "complaints": []}