{"orientation": [-0.04433698579668999, 0.9983170628547668, -0.03251554071903229, -0.018444525077939034], "scale": [1.0, 1.0, 1.0], "complaints": []}