{"orientation": [-0.0017329948022961617, 9.10158923943527e-05, -0.9993894100189209, 0.034897755831480026], "scale": [1.0, 1.0, 1.0], "complaints": []}