{"orientation": [-0.04918326810002327, 0.9923387765884399, -0.06488259881734848, -0.0929252952337265], "scale": [1.0, 1.0, 1.0], "complaints": []}