{"orientation": [0.03213997557759285, -0.062472760677337646, -0.04138297215104103, 0.9966703057289124], "scale": [1.0, 1.0, 1.0], "complaints": []}