{"orientation": [-0.0015690457075834274, -0.6852074265480042, 0.014161728322505951, 0.7282087206840515], "scale": [1.0, 1.0, 1.0], "complaints": []}