{"orientation": [0.03573795408010483, 0.9907634854316711, 0.13074368238449097, -0.004091485869139433], "scale": [1.0, 1.0, 1.0], "complaints": []}