{"orientation": [-3.264642600697698e-08, -2.5461397399340058e-06, 0.9993909001350403, 0.03489912673830986], "scale": [0.9090909090909091, 0.9090909090909091, 0.9090909090909091], "complaints": []}