{"orientation": [7.528092282882426e-08, -4.517204388321261e-10, 1.0, -1.9837170839309692e-07], "scale": [1.1, 1.1, 1.1], "complaints": []}