{"orientation": [0.0034971528220921755, 4.7447614633711055e-05, 5.2904028962075245e-06, 0.9999939203262329], "scale": [0.8264462809917354, 0.8264462809917354, 0.8264462809917354], "complaints": []}