{"orientation": [-1.066585241460416e-06, -9.661894000601023e-05, -0.9993909001350403, 0.034899454563856125], "scale": [1.0, 1.0, 1.0], "complaints": []}