{"orientation": [0.03342922404408455, -0.024171479046344757, -0.9991481304168701, 0.001129791373386979], "scale": [0.6830134553650705, 0.6830134553650705, 0.6830134553650705], "complaints": []}