{"orientation": [2.926531306002289e-05, -0.6755915284156799, 3.193211159668863e-05, 0.7372763156890869], "scale": [1.1, 1.1, 1.1], "complaints": []}