{"orientation": [-0.054337576031684875, 0.14141830801963806, -0.034626107662916183, 0.9878509044647217], "scale": [1.0, 1.0, 1.0], "complaints": []}