{"orientation": [-0.03342733904719353, 0.024174796417355537, 0.9991482496261597, -0.0010370551608502865], "scale": [0.620921323059155, 0.620921323059155, 0.620921323059155], "complaints": []}