{"orientation": [-3.037744500034023e-05, -0.001020195079036057, -0.9993903636932373, 0.03489842638373375], "scale": [1.6105100000000008, 1.6105100000000008, 1.6105100000000008], "complaints": []}