{"orientation": [-0.0033286975231021643, 0.04210174083709717, 0.999107837677002, -0.00015074503608047962], "scale": [1.1, 1.1, 1.1], "complaints": []}