{"orientation": [4.994380651623942e-05, 3.058485526707955e-05, -5.94310506585316e-07, 1.0000001192092896], "scale": [0.9090909090909091, 0.9090909090909091, 0.9090909090909091], "complaints": []}