{"orientation": [0.03239770606160164, 0.018747005611658096, -0.03683541715145111, 0.9986201524734497], "scale": [1.1, 1.1, 1.1], "complaints": []}