{"orientation": [-0.12941671907901764, 0.006782137788832188, 0.036100100725889206, 0.9909099340438843], "scale": [1.0, 1.0, 1.0], "complaints": []}