{"orientation": [0.04889310896396637, 0.989310085773468, 0.13216425478458405, -0.037517011165618896], "scale": [0.9090909090909091, 0.9090909090909091, 0.9090909090909091], "complaints": []}