{"orientation": [6.8645647388621e-08, -2.8623976504604798e-06, 1.0, 4.377216100692749e-08], "scale": [1.0, 1.0, 1.0], "complaints": []}