{"orientation": [0.06282992660999298, 0.1173173263669014, -0.05091966688632965, 0.9897961616516113], "scale": [1.3310000000000004, 1.3310000000000004, 1.3310000000000004], "complaints": []}