{"orientation": [-0.038360584527254105, 0.11379587650299072, 0.9892574548721313, 0.08335821330547333], "scale": [0.6830134553650706, 0.6830134553650706, 0.6830134553650706], "complaints": []}