{"orientation": [0.003326981794089079, -0.04210497438907623, -0.9991077184677124, 0.00013289647176861763], "scale": [1.1, 1.1, 1.1], "complaints": []}