{"orientation": [4.283720045350492e-05, -0.9917200803756714, -0.12841907143592834, -0.00028393729007802904], "scale": [1.0, 1.0, 1.0], "complaints": []}