{"orientation": [0.7660444974899292, 0.0, 0.6427875757217407, 4.263256414560601e-14], "scale": [1.0, 1.0, 1.0], "complaints": []}