{"orientation": [0.9993909001350403, -0.03489949554204941, 2.2248869413488137e-13, -4.437339384821826e-12], "scale": [1.0, 1.0, 1.0], "complaints": []}