{"orientation": [-0.1290842443704605, 0.006206140387803316, 0.036032963544130325, 0.9909592270851135], "scale": [0.8264462809917354, 0.8264462809917354, 0.8264462809917354], "complaints": []}