{"orientation": [9.930694795912132e-05, 2.0878480881947326e-06, 0.9998476505279541, 0.017459990456700325], "scale": [1.0, 1.0, 1.0], "complaints": []}