{"orientation": [-4.457993529882742e-09, 8.328071743335386e-08, 0.9998476505279541, 0.017452389001846313], "scale": [1.3310000000000004, 1.3310000000000004, 1.3310000000000004], "complaints": []}