{"orientation": [0.03573796898126602, 0.9907634854316711, 0.13074368238449097, -0.00409148633480072], "scale": [1.0, 1.0, 1.0], "complaints": []}