{"orientation": [-0.014803200028836727, -0.9300734400749207, -0.1207895427942276, 0.3466328978538513], "scale": [1.0, 1.0, 1.0], "complaints": []}