{"orientation": [-0.03337965905666351, 0.02424149215221405, 0.9991483688354492, 0.0009414725936949253], "scale": [0.7513148009015777, 0.7513148009015777, 0.7513148009015777], "complaints": []}