{"orientation": [-0.1290881484746933, 0.006238059140741825, 0.03603104129433632, 0.9909587502479553], "scale": [0.9090909090909091, 0.9090909090909091, 0.9090909090909091], "complaints": []}