{"orientation": [5.940074061072664e-06, 6.180198852234753e-06, 6.780040280318644e-07, 1.0], "scale": [1.0, 1.0, 1.0], "complaints": []}