{"orientation": [-2.061218040694257e-08, -0.7071065902709961, 9.803807188291103e-08, 0.7071070671081543], "scale": [1.4641000000000006, 1.4641000000000006, 1.4641000000000006], "complaints": []}