{"orientation": [0.0, 0.0, -0.9998477101325989, 0.017452405765652657], "scale": [1.0, 1.0, 1.0], "complaints": []}