{"orientation": [-0.0443345308303833, 0.9983171224594116, -0.03251597657799721, -0.018445918336510658], "scale": [0.9090909090909091, 0.9090909090909091, 0.9090909090909091], "complaints": []}