{"orientation": [0.03267398104071617, 0.01816174015402794, -0.05304737016558647, 0.9978920817375183], "scale": [1.0, 1.0, 1.0], "complaints": []}