{"orientation": [8.415037882514298e-05, 0.00014824695244897157, -0.9993903040885925, 0.03491472452878952], "scale": [0.9090909090909091, 0.9090909090909091, 0.9090909090909091], "complaints": []}