{"orientation": [0.06180200353264809, 0.11786177009344101, -0.04228486493229866, 0.9902026057243347], "scale": [1.0, 1.0, 1.0], "complaints": []}