{"orientation": [-0.13074365258216858, 0.004091483540832996, 0.03573795408010483, 0.9907636046409607], "scale": [1.0, 1.0, 1.0], "complaints": []}