{"orientation": [0.03607408329844475, 0.9909409880638123, 0.12919798493385315, -0.006538454443216324], "scale": [1.0, 1.0, 1.0], "complaints": []}