{"orientation": [0.0711662545800209, 0.0317404679954052, -0.0459187850356102, 0.995901346206665], "scale": [1.1, 1.1, 1.1], "complaints": []}