{"orientation": [-0.04212852194905281, 0.036667387932538986, 0.07154140621423721, 0.9958727955818176], "scale": [0.6830134553650705, 0.6830134553650705, 0.6830134553650705], "complaints": []}