{"orientation": [-0.008103309199213982, -0.014202590100467205, -0.9997171759605408, 0.017274480313062668], "scale": [1.0, 1.0, 1.0], "complaints": []}