{"orientation": [0.0, -2.842170943040401e-14, 0.9998477697372437, 0.017452403903007507], "scale": [1.771561000000001, 1.771561000000001, 1.771561000000001], "complaints": []}