{"orientation": [-0.0018606357043609023, 1.9021879893443838e-07, -0.9999983310699463, 2.1369196474552155e-06], "scale": [1.0, 1.0, 1.0], "complaints": []}