{"orientation": [4.263256414560601e-14, 1.4210854715202004e-14, -0.9993909001350403, 0.034899502992630005], "scale": [1.0, 1.0, 1.0], "complaints": []}