{"orientation": [-0.5735749006271362, -1.0917955250988598e-06, -0.8191530704498291, -2.9152496949791384e-07], "scale": [1.0, 1.0, 1.0], "complaints": []}