{"orientation": [-0.13074366748332977, 0.004091484006494284, 0.03573795035481453, 0.9907636046409607], "scale": [1.0, 1.0, 1.0], "complaints": []}