{"orientation": [0.03606453910470009, 0.9909405708312988, 0.12920334935188293, -0.0065105631947517395], "scale": [1.2100000000000002, 1.2100000000000002, 1.2100000000000002], "complaints": []}