{"orientation": [0.7372761368751526, 3.2371011116083537e-07, 0.6755916476249695, -2.9224804620753275e-07], "scale": [1.0, 1.0, 1.0], "complaints": []}