{"orientation": [-0.12938638031482697, 0.0062620388343930244, 0.03603849560022354, 0.9909195303916931], "scale": [0.8264462809917354, 0.8264462809917354, 0.8264462809917354], "complaints": []}