{"orientation": [-0.12931719422340393, 0.006273729261010885, 0.036039285361766815, 0.9909283518791199], "scale": [0.9090909090909091, 0.9090909090909091, 0.9090909090909091], "complaints": []}