{"orientation": [0.03573796525597572, 0.9907634854316711, 0.13074368238449097, -0.004091490991413593], "scale": [0.8264462809917354, 0.8264462809917354, 0.8264462809917354], "complaints": []}