{"orientation": [8.140748832374811e-05, 0.000149593673995696, -0.9993895888328552, 0.03493659198284149], "scale": [0.8264462809917354, 0.8264462809917354, 0.8264462809917354], "complaints": []}