{"orientation": [-0.0033139651641249657, 0.042106110602617264, 0.9991076588630676, 0.00013817334547638893], "scale": [1.1, 1.1, 1.1], "complaints": []}