{"orientation": [-0.044334523379802704, 0.9983170628547668, -0.032515380531549454, -0.018445327877998352], "scale": [1.0, 1.0, 1.0], "complaints": []}