{"orientation": [-0.5412406325340271, -0.5421076416969299, 0.4540046453475952, 0.4550360143184662], "scale": [1.0, 1.0, 1.0], "complaints": []}