{"orientation": [-2.9939862145056395e-08, 2.7559114101904925e-08, 0.7071068286895752, 0.7071068286895752], "scale": [1.0, 1.0, 1.0], "complaints": []}