{"orientation": [-6.935782585060224e-05, -0.7330741286277771, -6.538175512105227e-05, 0.6801488995552063], "scale": [0.6209213230591552, 0.6209213230591552, 0.6209213230591552], "complaints": []}