{"orientation": [-0.13074369728565216, 0.004091484472155571, 0.03573796898126602, 0.9907634258270264], "scale": [1.0, 1.0, 1.0], "complaints": []}