{"orientation": [0.010833261534571648, -0.06418813019990921, 0.9978788495063782, 0.0006322590634226799], "scale": [0.7513148009015777, 0.7513148009015777, 0.7513148009015777], "complaints": []}