{"orientation": [-3.062039832002483e-05, 0.9916931390762329, 0.1286267340183258, 0.00022079006885178387], "scale": [1.0, 1.0, 1.0], "complaints": []}