{"orientation": [0.07892033457756042, 0.09854103624820709, -0.005391201935708523, 0.9919840693473816], "scale": [1.0, 1.0, 1.0], "complaints": []}