{"orientation": [-0.033692069351673126, 0.08697190880775452, -0.0008925832808017731, 0.9956406354904175], "scale": [1.0, 1.0, 1.0], "complaints": []}