{"orientation": [0.09511630237102509, -0.6888174414634705, -0.10895077139139175, 0.7103614807128906], "scale": [1.0, 1.0, 1.0], "complaints": []}