{"orientation": [-0.289033979177475, -0.6548302173614502, 0.3788071572780609, 0.5866532325744629], "scale": [1.0, 1.0, 1.0], "complaints": []}