{"orientation": [-0.3162454664707184, -0.6789658069610596, 0.35321199893951416, 0.5605671405792236], "scale": [1.0, 1.0, 1.0], "complaints": []}