{"orientation": [-0.6977991461753845, -0.1443520486354828, -0.6865889430046082, -0.14434215426445007], "scale": [1.0, 1.0, 1.0], "complaints": []}