{"orientation": [-0.7074776291847229, -0.03919941186904907, -0.7045482397079468, -0.03937909007072449], "scale": [1.0, 1.0, 1.0], "complaints": []}