{"orientation": [0.6937510967254639, 0.1416618674993515, 0.6892379522323608, 0.1535988748073578], "scale": [1.0, 1.0, 1.0], "complaints": []}