{"orientation": [0.10279535502195358, 0.7000917792320251, 0.10364483296871185, 0.6989724636077881], "scale": [1.0, 1.0, 1.0], "complaints": []}