{"orientation": [0.04688908904790878, 0.7029129862785339, 0.046924930065870285, 0.708175778388977], "scale": [1.0, 1.0, 1.0], "complaints": []}