{"orientation": [-0.6908775568008423, 0.14678043127059937, -0.6904162764549255, 0.15642626583576202], "scale": [1.0, 1.0, 1.0], "complaints": []}