{"orientation": [-0.35353684425354004, 0.6121670007705688, -0.3504294753074646, 0.6143800020217896], "scale": [1.0, 1.0, 1.0], "complaints": []}