{"orientation": [-0.1769302934408188, 0.6852949857711792, -0.17572975158691406, 0.6842409372329712], "scale": [1.0, 1.0, 1.0], "complaints": []}