{"orientation": [0.17217133939266205, 0.6868950128555298, 0.17213107645511627, 0.6847651600837708], "scale": [1.0, 1.0, 1.0], "complaints": []}