{"orientation": [-0.17645037174224854, 0.684307873249054, -0.1745302379131317, 0.68565833568573], "scale": [1.0, 1.0, 1.0], "complaints": []}