{"orientation": [0.19519008696079254, 0.6792322993278503, 0.19248121976852417, 0.6808050870895386], "scale": [1.0, 1.0, 1.0], "complaints": []}