{"orientation": [0.1310446560382843, 0.6901635527610779, 0.13048948347568512, 0.699624240398407], "scale": [1.0, 1.0, 1.0], "complaints": []}