{"orientation": [-0.15633265674114227, 0.6889535188674927, -0.1584857851266861, 0.6897721886634827], "scale": [1.0, 1.0, 1.0], "complaints": []}