{"orientation": [-0.1340353935956955, 0.684946596622467, -0.134017676115036, 0.7035069465637207], "scale": [1.0, 1.0, 1.0], "complaints": []}