{"orientation": [-0.3057183623313904, 0.6393295526504517, -0.3066827356815338, 0.6354053020477295], "scale": [1.0, 1.0, 1.0], "complaints": []}