{"orientation": [0.12832216918468475, 0.6968050003051758, 0.12970437109470367, 0.6936664581298828], "scale": [1.0, 1.0, 1.0], "complaints": []}