{"orientation": [-0.056975893676280975, 0.7041482329368591, -0.05645300820469856, 0.7055084705352783], "scale": [1.0, 1.0, 1.0], "complaints": []}