{"orientation": [-0.07496092468500137, 0.7011494040489197, -0.07511423528194427, 0.7050732374191284], "scale": [1.0, 1.0, 1.0], "complaints": []}