{"orientation": [-0.1365857571363449, 0.6900196075439453, -0.1369010955095291, 0.6974779963493347], "scale": [1.0, 1.0, 1.0], "complaints": []}