{"orientation": [0.00038140566903166473, 0.7065905928611755, -0.0005810401635244489, 0.7076223492622375], "scale": [1.0, 1.0, 1.0], "complaints": []}