{"orientation": [-0.08824385702610016, 0.7011228799819946, -0.08835041522979736, 0.7020214796066284], "scale": [1.0, 1.0, 1.0], "complaints": []}