{"orientation": [-0.1550995409488678, 0.6898114085197449, -0.1539359837770462, 0.6902232766151428], "scale": [1.0, 1.0, 1.0], "complaints": []}