{"orientation": [0.17961911857128143, 0.6817810535430908, 0.18048301339149475, 0.6858116984367371], "scale": [1.0, 1.0, 1.0], "complaints": []}