{"orientation": [0.062200792133808136, 0.7028470635414124, 0.061531536281108856, 0.7059399485588074], "scale": [1.0, 1.0, 1.0], "complaints": []}