{"orientation": [0.05162282660603523, 0.7034769058227539, 0.05172257497906685, 0.7069513201713562], "scale": [1.0, 1.0, 1.0], "complaints": []}