{"orientation": [0.6835148334503174, 0.18112841248512268, 0.6829870343208313, 0.1831088662147522], "scale": [1.0, 1.0, 1.0], "complaints": []}