{"orientation": [-0.7058621644973755, 0.06618596613407135, -0.7021154165267944, 0.06642341613769531], "scale": [1.0, 1.0, 1.0], "complaints": []}