{"orientation": [-0.2683676779270172, 0.6570444107055664, -0.2669587731361389, 0.6519237756729126], "scale": [1.0, 1.0, 1.0], "complaints": []}