{"orientation": [-0.7084228992462158, -0.03751964122056961, -0.7037860751152039, -0.0376100093126297], "scale": [1.0, 1.0, 1.0], "complaints": []}