{"orientation": [-0.7006916999816895, -0.11280964314937592, -0.6953504085540771, -0.11310623586177826], "scale": [1.0, 1.0, 1.0], "complaints": []}