{"orientation": [-0.05718005821108818, 0.7100023627281189, -0.0059243738651275635, 0.7018491625785828], "scale": [1.0, 1.0, 1.0], "complaints": []}