{"orientation": [-0.10930855572223663, -0.6932560801506042, -0.16790196299552917, 0.6922836899757385], "scale": [1.0, 1.0, 1.0], "complaints": []}