{"orientation": [0.5000007152557373, -0.5000000596046448, -0.49999940395355225, 0.5000000596046448], "scale": [1.4641000000000006, 1.4641000000000006, 1.4641000000000006], "complaints": []}