{"orientation": [0.052458420395851135, 0.7053722739219666, 0.05092516914010048, 0.7050565481185913], "scale": [1.0, 1.0, 1.0], "complaints": []}