{"orientation": [3.232395465602167e-05, 0.7070913910865784, 4.62937168776989e-05, 0.707122266292572], "scale": [1.0, 1.0, 1.0], "complaints": []}