{"orientation": [0.00011105916928499937, 0.7071163654327393, 0.00011127814650535583, 0.7070971727371216], "scale": [1.0, 1.0, 1.0], "complaints": []}