{"orientation": [0.001051207073032856, 0.7068812251091003, 0.003411951009184122, 0.7073233723640442], "scale": [1.0, 1.0, 1.0], "complaints": []}