{"orientation": [3.823519364232197e-06, 0.7070900797843933, 3.6801211535930634e-06, 0.7071235775947571], "scale": [1.0, 1.0, 1.0], "complaints": []}