{"orientation": [0.5060592889785767, 0.5060588717460632, 0.4938662648200989, 0.49386706948280334], "scale": [1.0, 1.0, 1.0], "complaints": []}