{"orientation": [0.5352388024330139, 0.46143659949302673, 0.5358225107192993, 0.46205002069473267], "scale": [1.0, 1.0, 1.0], "complaints": []}