{"orientation": [4.35051042586565e-05, 0.707097053527832, 4.242733120918274e-05, 0.7071166038513184], "scale": [1.0, 1.0, 1.0], "complaints": []}