{"orientation": [0.15328456461429596, 0.689355731010437, 0.1565994769334793, 0.6904847025871277], "scale": [1.0, 1.0, 1.0], "complaints": []}