{"orientation": [0.5003352761268616, -0.5003352761268616, -0.5003353953361511, 0.4989927411079407], "scale": [1.0, 1.0, 1.0], "complaints": []}