{"orientation": [0.5, -0.5, -0.5000000596046448, 0.5000001192092896], "scale": [1.0, 1.0, 1.0], "complaints": []}