{"orientation": [-0.5007744431495667, -0.4992246925830841, 0.49922415614128113, 0.5007744431495667], "scale": [1.0, 1.0, 1.0], "complaints": []}