{"orientation": [1.9595234334701672e-05, 0.7070539593696594, 1.901760697364807e-05, 0.7071597576141357], "scale": [1.0, 1.0, 1.0], "complaints": []}