{"orientation": [2.7444912120699883e-08, -4.109460860490799e-08, 4.239846020936966e-07, 1.0000001192092896], "scale": [1.0, 1.0, 1.0], "complaints": []}