{"orientation": [-2.023298293352127e-07, -2.036540536209941e-07, 0.7071065306663513, 0.7071071267127991], "scale": [1.0, 1.0, 1.0], "complaints": []}