{"orientation": [5.575796603807248e-05, 5.589461943600327e-05, -6.407545924957958e-07, 1.0], "scale": [1.0, 1.0, 1.0], "complaints": []}