{"orientation": [-0.1316116601228714, -0.32755357027053833, 0.04980848357081413, 0.9342945218086243], "scale": [1.0, 1.0, 1.0], "complaints": []}