{"orientation": [0.3756844699382782, -0.15807263553142548, -0.01730751246213913, 0.9130032062530518], "scale": [1.0, 1.0, 1.0], "complaints": []}