{"orientation": [-0.04673827439546585, -0.017509886994957924, 0.014129090122878551, 0.998653769493103], "scale": [1.0, 1.0, 1.0], "complaints": []}