{"orientation": [-0.6170945167541504, 0.48975569009780884, -0.4165656566619873, 0.45365941524505615], "scale": [1.0, 1.0, 1.0], "complaints": []}