{"orientation": [0.3519342839717865, -0.7215111255645752, -0.19908036291599274, 0.5620774030685425], "scale": [1.0, 1.0, 1.0], "complaints": []}