{"orientation": [-0.26507481932640076, -0.734693706035614, 0.4150652289390564, 0.46656352281570435], "scale": [1.0, 1.0, 1.0], "complaints": []}