{"orientation": [-0.0044045839458703995, 0.03454398736357689, 0.630841076374054, 0.7751303315162659], "scale": [1.0, 1.0, 1.0], "complaints": []}