{"orientation": [0.22036273777484894, -0.21658074855804443, -0.6353991031646729, 0.7076729536056519], "scale": [1.0, 1.0, 1.0], "complaints": []}