{"orientation": [-0.028956525027751923, 0.042328543961048126, -0.3812515437602997, 0.9230477809906006], "scale": [1.0, 1.0, 1.0], "complaints": []}