{"orientation": [-1.5774276107549667e-08, 9.233917808160186e-08, -1.0445091902511194e-07, 1.0], "scale": [1.0, 1.0, 1.0], "complaints": []}