{"orientation": [1.0000001192092896, 1.6391277313232422e-07, -2.991873770952225e-08, 1.955777406692505e-08], "scale": [1.0, 1.0, 1.0], "complaints": []}