{"orientation": [0.35739555954933167, 0.6129772663116455, 0.3495979607105255, 0.611807644367218], "scale": [1.0, 1.0, 1.0], "complaints": []}