{"orientation": [-5.601697921520099e-06, 1.8602440832182765e-06, -1.6526319086551666e-06, 1.0000001192092896], "scale": [1.2100000000000002, 1.2100000000000002, 1.2100000000000002], "complaints": []}