{"orientation": [0.002973029389977455, 0.0021783155389130116, 3.471870513749309e-06, 0.9999932646751404], "scale": [1.0, 1.0, 1.0], "complaints": []}