{"orientation": [2.235383726656437e-05, 3.8763333577662706e-05, 1.1427530353103066e-06, 1.0], "scale": [1.0, 1.0, 1.0], "complaints": []}