{"orientation": [-0.0003214784665033221, 0.00011939184332732111, 4.521398295764811e-06, 1.0], "scale": [1.0, 1.0, 1.0], "complaints": []}