{"orientation": [0.00020244251936674118, -0.00038602109998464584, 7.178459782153368e-07, 1.0], "scale": [1.0, 1.0, 1.0], "complaints": []}