{"orientation": [-0.5153566002845764, 0.507395327091217, -0.4889894723892212, 0.48769569396972656], "scale": [1.0, 1.0, 1.0], "complaints": []}