{"orientation": [-0.015588265843689442, -0.018978461623191833, 0.030993441119790077, 0.9992178678512573], "scale": [0.8264462809917354, 0.8264462809917354, 0.8264462809917354], "complaints": []}