{"orientation": [0.023200392723083496, 0.02305126190185547, 0.2583034932613373, 0.9655101299285889], "scale": [0.9090909090909091, 0.9090909090909091, 0.9090909090909091], "complaints": []}