{"orientation": [-0.03099624440073967, 0.030641593039035797, 0.7106465101242065, 0.7021978497505188], "scale": [2.143588810000002, 2.143588810000002, 2.143588810000002], "complaints": []}