{"orientation": [-0.45181548595428467, -0.4974440336227417, 0.5054667592048645, 0.5412168502807617], "scale": [1.0, 1.0, 1.0], "complaints": []}