{"orientation": [0.0, 0.0, -0.7071068286895752, 0.7071068286895752], "scale": [1.2100000000000002, 1.2100000000000002, 1.2100000000000002], "complaints": []}