{"orientation": [-0.12112531810998917, 0.916629433631897, -0.02008991874754429, 0.38041484355926514], "scale": [1.0, 1.0, 1.0], "complaints": []}