{"orientation": [0.3805936574935913, 0.017759546637535095, 0.9158560037612915, 0.1266530305147171], "scale": [1.0, 1.0, 1.0], "complaints": []}