{"orientation": [-0.7014746069908142, 0.0071833133697509766, 0.002482576761394739, 0.7126539945602417], "scale": [1.0, 1.0, 1.0], "complaints": []}