{"orientation": [6.0460635722847655e-05, 0.0007507628761231899, 1.2538861483335495e-05, 0.9999998211860657], "scale": [1.0, 1.0, 1.0], "complaints": []}