{"orientation": [9.392465472046752e-07, 1.8379751054453664e-06, -4.476375536910382e-08, 1.0], "scale": [1.0, 1.0, 1.0], "complaints": []}