{"orientation": [-0.028115900233387947, -6.599992047995329e-06, -0.0003694671322591603, 0.9996045827865601], "scale": [1.0, 1.0, 1.0], "complaints": []}