{"orientation": [7.888325490057468e-05, -2.055894583463669e-06, 7.960625225678086e-08, 1.0], "scale": [1.0, 1.0, 1.0], "complaints": []}