{"orientation": [-0.00012543295451905578, -0.06974667310714722, 2.5375058612553403e-05, 0.9975647330284119], "scale": [1.0, 1.0, 1.0], "complaints": []}