{"orientation": [-1.671010977588594e-06, 1.4720353647135198e-07, -2.939486876130104e-07, 1.0000001192092896], "scale": [1.0, 1.0, 1.0], "complaints": []}