{"orientation": [1.4901161193847656e-08, 0.0, 0.8090171813964844, 0.5877853631973267], "scale": [1.0, 1.0, 1.0], "complaints": []}