{"orientation": [-0.0010858490131795406, 0.01845747046172619, -0.02846679277718067, 0.9994238018989563], "scale": [1.4641000000000006, 1.4641000000000006, 1.4641000000000006], "complaints": []}