{"orientation": [-0.000913388968911022, 0.017428480088710785, 0.052327960729599, 0.9984775185585022], "scale": [1.4641000000000006, 1.4641000000000006, 1.4641000000000006], "complaints": []}