{"orientation": [-8.803908713161945e-10, -3.2268872018903494e-09, -0.03489949181675911, 0.9993909001350403], "scale": [1.4641000000000006, 1.4641000000000006, 1.4641000000000006], "complaints": []}