{"orientation": [-0.016819626092910767, 0.01301521621644497, -0.0146629698574543, 0.9996662735939026], "scale": [1.0, 1.0, 1.0], "complaints": []}