{"orientation": [0.061335861682891846, -0.4920159578323364, -0.13236276805400848, 0.8582764267921448], "scale": [1.0, 1.0, 1.0], "complaints": []}