{"orientation": [-0.00012434611562639475, -0.00019922434876207262, 1.280568540096283e-07, 1.0000001192092896], "scale": [1.3310000000000004, 1.3310000000000004, 1.3310000000000004], "complaints": []}