{"orientation": [1.0000001192092896, -7.059425115585327e-07, 1.3859076716471463e-05, -3.359193215146661e-06], "scale": [1.3310000000000004, 1.3310000000000004, 1.3310000000000004], "complaints": []}