{"orientation": [1.4901161193847656e-08, -5.960464477539063e-08, 0.70710688829422, 0.7071068286895752], "scale": [1.0, 1.0, 1.0], "complaints": []}