{"orientation": [-3.725290298461914e-09, 1.1641532182693481e-09, 0.7071067094802856, 0.7071068286895752], "scale": [1.0, 1.0, 1.0], "complaints": []}