{"orientation": [-1.1809379429905675e-07, 3.0520823202095926e-08, -0.707105815410614, 0.7071079015731812], "scale": [1.0, 1.0, 1.0], "complaints": []}