{"orientation": [4.656612873077393e-10, 1.6007106751203537e-10, 0.7071069478988647, 0.7071067690849304], "scale": [1.0, 1.0, 1.0], "complaints": []}