{"orientation": [-0.42567718029022217, 0.16934572160243988, 0.775557816028595, 0.43431681394577026], "scale": [2.853116706110003, 2.853116706110003, 2.853116706110003], "complaints": []}