{"orientation": [1.7207639757543802e-09, 1.0707253750297241e-08, -5.3414623835124075e-09, 1.0000001192092896], "scale": [1.0, 1.0, 1.0], "complaints": []}