{"orientation": [-1.1641532182693481e-10, -3.9108272176235914e-11, -0.41469329595565796, 0.9099612236022949], "scale": [1.0, 1.0, 1.0], "complaints": []}