{"orientation": [-1.4551915228366852e-11, 3.774403012357652e-11, -0.38268354535102844, 0.9238795042037964], "scale": [1.0, 1.0, 1.0], "complaints": []}