{"orientation": [-4.729372449219227e-10, 0.0, -3.410605131648481e-13, 1.000000238418579], "scale": [1.0, 1.0, 1.0], "complaints": []}