{"orientation": [-0.05041767284274101, 0.9009372591972351, -0.06498096138238907, -0.42608410120010376], "scale": [3.138428376721004, 3.138428376721004, 3.138428376721004], "complaints": []}