{"orientation": [-5.587935447692871e-09, 1.1641532182693481e-09, -0.7071070075035095, 0.7071066498756409], "scale": [1.0, 1.0, 1.0], "complaints": []}