{"orientation": [1.4551915228366852e-11, -7.239577826112509e-09, 3.717332219821401e-09, 1.0000001192092896], "scale": [0.9090909090909091, 0.9090909090909091, 0.9090909090909091], "complaints": []}