{"orientation": [-0.00013570541341323406, 0.7065688371658325, -0.00013588229194283485, 0.7076444625854492], "scale": [1.0, 1.0, 1.0], "complaints": []}