{"orientation": [1.8010905478149652e-07, 0.7102560997009277, -2.2826134227216244e-07, 0.7039434313774109], "scale": [1.0, 1.0, 1.0], "complaints": []}