{"orientation": [0.016219524666666985, 0.01735384203493595, 0.7068368196487427, 0.7069778442382812], "scale": [1.0, 1.0, 1.0], "complaints": []}