{"orientation": [-2.60770320892334e-08, 4.493631422519684e-08, 0.707107663154602, 0.7071058750152588], "scale": [1.0, 1.0, 1.0], "complaints": []}