{"orientation": [0.010296614840626717, -0.0033317834604531527, 0.7032321691513062, 0.7108780145645142], "scale": [1.0, 1.0, 1.0], "complaints": []}