{"orientation": [0.04095644876360893, 0.04175826162099838, 0.7019075155258179, 0.7098623514175415], "scale": [1.0, 1.0, 1.0], "complaints": []}