{"orientation": [-1.1175870895385742e-08, 3.166496753692627e-08, 0.7071065902709961, 0.7071070671081543], "scale": [1.0, 1.0, 1.0], "complaints": []}