{"orientation": [0.0033456822857260704, 0.011225797235965729, 0.011505295522511005, 0.9998652338981628], "scale": [1.0, 1.0, 1.0], "complaints": []}