{"orientation": [0.010425861924886703, 0.009890429675579071, 0.7070657014846802, 0.7070019245147705], "scale": [1.0, 1.0, 1.0], "complaints": []}