{"orientation": [0.4127896726131439, 0.5741121768951416, -0.41278958320617676, 0.5741121172904968], "scale": [1.0, 1.0, 1.0], "complaints": []}