{"orientation": [-1.89291313290596e-07, -1.0000001192092896, 1.862645149230957e-09, -1.7695128917694092e-08], "scale": [1.0, 1.0, 1.0], "complaints": []}