{"orientation": [1.936436774485628e-06, 1.0, 2.4581095203757286e-07, -4.9898517318069935e-08], "scale": [1.0, 1.0, 1.0], "complaints": []}