{"orientation": [0.21784427762031555, 0.21433286368846893, -0.6790550351142883, 0.6674502491950989], "scale": [1.0, 1.0, 1.0], "complaints": []}