{"orientation": [-1.9049809907301096e-07, 3.67872416973114e-08, -6.257323548197746e-08, 1.0000001192092896], "scale": [1.0, 1.0, 1.0], "complaints": []}