{"orientation": [-5.974482633064326e-07, 2.6069232262670994e-05, -0.7071072459220886, 0.7071064114570618], "scale": [1.0, 1.0, 1.0], "complaints": []}