{"orientation": [-1.2380405678413808e-07, 2.0293411751026724e-07, -0.7071068286895752, 0.7071067094802856], "scale": [1.0, 1.0, 1.0], "complaints": []}