{"orientation": [0.0005022208206355572, 0.0003863683668896556, -0.7071067094802856, 0.7071067094802856], "scale": [1.0, 1.0, 1.0], "complaints": []}