{"orientation": [-0.4932369589805603, 0.005409282632172108, 0.0007397431181743741, 0.8698779344558716], "scale": [1.0, 1.0, 1.0], "complaints": []}