{"orientation": [0.0, 0.0, 0.0, 1.0000001192092896], "scale": [2.5937424601000023, 2.5937424601000023, 2.5937424601000023], "complaints": []}