{"orientation": [0.0, 0.0, 0.0, 1.0000001192092896], "scale": [1.2100000000000002, 1.2100000000000002, 1.2100000000000002], "complaints": []}