{"orientation": [-2.0372681319713593e-10, 1.0, 0.0, -9.313225746154785e-10], "scale": [1.0, 1.0, 1.0], "complaints": []}