{"orientation": [0.0, 0.0, 0.0, 0.9999999403953552], "scale": [2.853116706110003, 2.853116706110003, 2.853116706110003], "complaints": []}