{"orientation": [0.0, 0.0, 0.0, 1.0000001192092896], "scale": [3.1384283767210035, 3.1384283767210035, 3.1384283767210035], "complaints": []}