{"orientation": [0.0, -1.862645149230957e-09, 1.1641532182693481e-10, 1.0000001192092896], "scale": [1.6105100000000008, 1.6105100000000008, 1.6105100000000008], "complaints": []}