{"orientation": [-4.656612873077393e-10, -9.313225746154785e-10, 0.7071067690849304, 0.7071069478988647], "scale": [1.6105100000000008, 1.6105100000000008, 1.6105100000000008], "complaints": []}