{"orientation": [1.7462298274040222e-10, 2.3283064365386963e-10, 1.490070644649677e-08, 1.0000001192092896], "scale": [1.771561000000001, 1.771561000000001, 1.771561000000001], "complaints": []}