{"orientation": [3.725290298461914e-09, 4.0978193283081055e-08, 0.70710688829422, 0.7071068286895752], "scale": [1.0, 1.0, 1.0], "complaints": []}