{"orientation": [0.6214232444763184, 0.3368063271045685, 0.627702534198761, 0.3261660933494568], "scale": [1.0, 1.0, 1.0], "complaints": []}