{"orientation": [-1.4668330550193787e-08, 1.0011717677116394e-08, -3.14321368932724e-09, 1.0000001192092896], "scale": [1.0, 1.0, 1.0], "complaints": []}