{"orientation": [2.905726432800293e-07, -4.792296385858208e-05, 0.7071074843406677, 0.7071062326431274], "scale": [1.0, 1.0, 1.0], "complaints": []}