{"orientation": [0.7071069478988647, 7.677590474486351e-08, 6.100162863731384e-08, 0.7071067690849304], "scale": [1.0, 1.0, 1.0], "complaints": []}