{"orientation": [1.0000001192092896, 0.0, 2.9103830456733704e-11, 0.0], "scale": [1.0, 1.0, 1.0], "complaints": []}