{"orientation": [0.0006371056078933179, 0.002157569397240877, 7.395622105832445e-07, 0.9999975562095642], "scale": [1.0, 1.0, 1.0], "complaints": []}