{"orientation": [0.006589960306882858, -0.07912517338991165, 0.7090545892715454, 0.7006694078445435], "scale": [1.0, 1.0, 1.0], "complaints": []}