{"orientation": [-0.6194435358047485, 0.001127614639699459, -0.0014295412693172693, 0.7850391864776611], "scale": [1.0, 1.0, 1.0], "complaints": []}