{"orientation": [-0.49137601256370544, -0.4895907938480377, -0.5035651922225952, 0.5150464177131653], "scale": [1.0, 1.0, 1.0], "complaints": []}