{"orientation": [-0.5079143047332764, -0.4941956698894501, -0.4919911324977875, 0.5057060122489929], "scale": [1.0, 1.0, 1.0], "complaints": []}