{"orientation": [-0.5063168406486511, -0.5010675191879272, 0.49902069568634033, 0.4935108423233032], "scale": [1.0, 1.0, 1.0], "complaints": []}