{"orientation": [-0.49614641070365906, -0.49702098965644836, 0.5043854117393494, 0.5023987293243408], "scale": [1.0, 1.0, 1.0], "complaints": []}