{"orientation": [-0.5001396536827087, -0.49997633695602417, 0.5000094771385193, 0.49987465143203735], "scale": [1.0, 1.0, 1.0], "complaints": []}